protocol,bin,n,predicted_mean,actual_rate,abs_gap
CV_SELECTED,"(0.24, 0.372]",42,0.3307477458326944,0.40476190476190477,0.07401415892921037
CV_SELECTED,"(0.372, 0.416]",42,0.39703129228773615,0.3333333333333333,0.06369795895440283
CV_SELECTED,"(0.416, 0.453]",41,0.43652182149271485,0.5365853658536586,0.10006354436094372
CV_SELECTED,"(0.453, 0.479]",42,0.46679523340858464,0.42857142857142855,0.038223804837156095
CV_SELECTED,"(0.479, 0.512]",41,0.4950664056269292,0.3902439024390244,0.10482250318790481
CV_SELECTED,"(0.512, 0.543]",42,0.5290229661364118,0.5,0.029022966136411754
CV_SELECTED,"(0.543, 0.574]",41,0.5581040172643653,0.5365853658536586,0.021518651410706746
CV_SELECTED,"(0.574, 0.614]",42,0.5915652241932345,0.6666666666666666,0.07510144247343209
CV_SELECTED,"(0.614, 0.657]",41,0.631656502256172,0.6829268292682927,0.05127032701212075
CV_SELECTED,"(0.657, 0.895]",42,0.7181792324488045,0.7619047619047619,0.04372552945595731
BEST_DEVELOPMENT,"(0.235, 0.367]",42,0.3262792237390627,0.3333333333333333,0.007054109594270608
BEST_DEVELOPMENT,"(0.367, 0.414]",42,0.3938069588109324,0.4523809523809524,0.05857399357001997
BEST_DEVELOPMENT,"(0.414, 0.453]",41,0.4320957347280385,0.5121951219512195,0.080099387223181
BEST_DEVELOPMENT,"(0.453, 0.484]",42,0.4673079024595773,0.40476190476190477,0.06254599769767255
BEST_DEVELOPMENT,"(0.484, 0.514]",41,0.49921039096294284,0.3902439024390244,0.10896648852391844
BEST_DEVELOPMENT,"(0.514, 0.543]",42,0.5308720284999806,0.5238095238095238,0.007062504690456772
BEST_DEVELOPMENT,"(0.543, 0.573]",41,0.5583185338996305,0.5609756097560976,0.002657075856467128
BEST_DEVELOPMENT,"(0.573, 0.61]",42,0.5894139381795844,0.6428571428571429,0.053443204677558476
BEST_DEVELOPMENT,"(0.61, 0.648]",41,0.6294311053265301,0.6585365853658537,0.02910548003932356
BEST_DEVELOPMENT,"(0.648, 0.889]",42,0.7102603972873117,0.7619047619047619,0.051644364617450145
