protocol,C,training_strategy,model,feature_count,log_loss,brier,roc_auc,accuracy,n
CV_SELECTED,0.03,ALL_EQUAL,CONSTANT_0_5,0,0.6931471805599453,0.25,0.5,0.5240384615384616,416
CV_SELECTED,0.03,ALL_EQUAL,BASELINE_NO_PLAYER_INDICES,6,0.6835163851041786,0.24509579860156588,0.5836576776943749,0.5432692307692307,416
CV_SELECTED,0.03,ALL_EQUAL,STARTER_INDEX_ONLY,10,0.6727330274736079,0.2397031244708442,0.6192660550458716,0.5817307692307693,416
CV_SELECTED,0.03,ALL_EQUAL,BATTER_INDEX_ONLY,10,0.679916260557647,0.2431907716570574,0.5988091928458901,0.5625,416
CV_SELECTED,0.03,ALL_EQUAL,BATTER_PLUS_STARTER_INDICES,14,0.6673896327657686,0.23703439314697938,0.6315679733110926,0.59375,416
BEST_DEVELOPMENT,0.1,RECENT_720,CONSTANT_0_5,0,0.6931471805599453,0.25,0.5,0.5240384615384616,416
BEST_DEVELOPMENT,0.1,RECENT_720,BASELINE_NO_PLAYER_INDICES,6,0.6839421791444642,0.24531296565005112,0.575780743211936,0.5432692307692307,416
BEST_DEVELOPMENT,0.1,RECENT_720,STARTER_INDEX_ONLY,10,0.6731570260130579,0.23987461520907022,0.6173431563339821,0.5793269230769231,416
BEST_DEVELOPMENT,0.1,RECENT_720,BATTER_INDEX_ONLY,10,0.6786113976300177,0.24259873711480134,0.6031878417199518,0.5745192307692307,416
BEST_DEVELOPMENT,0.1,RECENT_720,BATTER_PLUS_STARTER_INDICES,14,0.6661347844671137,0.2364978624049834,0.635274766008711,0.5961538461538461,416
