protocol,game_id,game_date,home_win,BASELINE_NO_PLAYER_INDICES,STARTER_INDEX_ONLY,BATTER_INDEX_ONLY,BATTER_PLUS_STARTER_INDICES
CV_SELECTED,20260328HTSK0,20260328,1.0,0.7848110922205834,0.7268337281700973,0.7718805757502943,0.7177620143930633
CV_SELECTED,20260328KTLG0,20260328,0.0,0.7848110922205834,0.8264586824077235,0.8174424611102448,0.8508856616551941
CV_SELECTED,20260328LTSS0,20260328,0.0,0.7848110922205834,0.8232703637963156,0.8330154550079449,0.8590551500084499
CV_SELECTED,20260328OBNC0,20260328,1.0,0.7848110922205834,0.7555848694089375,0.805480350293119,0.7768175312169391
CV_SELECTED,20260328WOHH0,20260328,1.0,0.7848110922205834,0.6727393811916285,0.8285346163211291,0.7243431114723043
CV_SELECTED,20260329HTSK0,20260329,1.0,0.7103707044001386,0.7645300959349635,0.7259419768278169,0.7532357909278111
CV_SELECTED,20260329KTLG0,20260329,0.0,0.4492443308320743,0.45519241745469474,0.46300388733486164,0.44494670628543787
CV_SELECTED,20260329LTSS0,20260329,0.0,0.4843677542032091,0.49934100584286334,0.5410985916099462,0.5420236907582071
CV_SELECTED,20260329OBNC0,20260329,0.0,0.63399384200493,0.6153775514472942,0.7006849192008572,0.668821377487363
CV_SELECTED,20260329WOHH0,20260329,1.0,0.5915434514423052,0.5968998667784007,0.6928299475275308,0.6764516467480897
CV_SELECTED,20260331HTLG0,20260331,0.0,0.6059350081905658,0.610465911819579,0.6702071501711186,0.6623854875281298
CV_SELECTED,20260331KTHH0,20260331,0.0,0.5097955310756093,0.5506753307116358,0.5127960469322718,0.5475218405078957
CV_SELECTED,20260331LTNC0,20260331,1.0,0.44637864435785857,0.470482744298814,0.4961096373228416,0.5216869607708041
CV_SELECTED,20260331WOSK0,20260331,1.0,0.6478570949037039,0.6641862657913077,0.8002492650470127,0.798353873707605
CV_SELECTED,20260401HTLG0,20260401,1.0,0.5800313928902288,0.6192313412774718,0.6431140705163239,0.6690301332220265
CV_SELECTED,20260401KTHH0,20260401,0.0,0.45007108704811877,0.4714684007322672,0.45042549340546895,0.46547885600676875
CV_SELECTED,20260401LTNC0,20260401,1.0,0.5384686869784694,0.52866501458119,0.5320034999042866,0.5183283329491106
CV_SELECTED,20260401OBSS0,20260401,1.0,0.5008220682888128,0.4465734556371597,0.5045159884759371,0.44500702301444656
CV_SELECTED,20260401WOSK0,20260401,0.0,0.6759797362069913,0.6812060928428992,0.7650239674109939,0.7522884840010782
CV_SELECTED,20260402HTLG0,20260402,1.0,0.5976563976016783,0.7309796864955325,0.6932781079768106,0.7918064218962038
CV_SELECTED,20260402KTHH0,20260402,0.0,0.41551514840113446,0.5273440465741238,0.41989914174553983,0.5234082025197402
CV_SELECTED,20260402LTNC0,20260402,1.0,0.5466899430918174,0.740508093110665,0.5014542185359284,0.6920817415654505
CV_SELECTED,20260402OBSS0,20260402,1.0,0.5772917911520229,0.5632069184997259,0.6443569039533489,0.6154873884781021
CV_SELECTED,20260402WOSK0,20260402,1.0,0.5992075297726682,0.6534170546401301,0.6949767333254279,0.7226627954062405
CV_SELECTED,20260403HHOB0,20260403,0.0,0.5858374778266854,0.5458810163263577,0.6565978622648033,0.6114853544361921
CV_SELECTED,20260403LGWO0,20260403,1.0,0.38569905302469976,0.4213760589182109,0.29168178512333415,0.3376462926289472
CV_SELECTED,20260403NCHT0,20260403,0.0,0.41935426699824124,0.5221697523363182,0.3977473744842441,0.5049550416678551
CV_SELECTED,20260403SKLT0,20260403,0.0,0.46102993673231646,0.4207423413760495,0.4422856015470575,0.40685422606156796
CV_SELECTED,20260403SSKT0,20260403,0.0,0.42986759329121077,0.33172686108362615,0.30915527905148943,0.2414122345744232
CV_SELECTED,20260404HHOB0,20260404,0.0,0.5206554468637612,0.5198388962803214,0.5789934359280368,0.5718548632227386
CV_SELECTED,20260404LGWO0,20260404,0.0,0.4192075561247677,0.3832733171056009,0.2900498197308507,0.2780049448818013
CV_SELECTED,20260404NCHT0,20260404,0.0,0.41744238756782004,0.2964758802830976,0.6047996113376024,0.4752519414690582
CV_SELECTED,20260404SKLT0,20260404,0.0,0.3945450257081082,0.5031723896544354,0.4283724993401401,0.5316427410653688
CV_SELECTED,20260404SSKT0,20260404,0.0,0.44267061524711504,0.579681119636615,0.35516833247257334,0.5010793079856544
CV_SELECTED,20260405HHOB0,20260405,1.0,0.4974641695563706,0.7017682214996426,0.5675521095875478,0.7449915073708456
CV_SELECTED,20260405LGWO0,20260405,0.0,0.4022418915507721,0.3884197028407887,0.2840308703844862,0.2891650687799098
CV_SELECTED,20260405NCHT0,20260405,1.0,0.4043260700283865,0.49866803688486644,0.3791717605429789,0.47875888910225683
CV_SELECTED,20260405SKLT0,20260405,0.0,0.40733430530793974,0.458240769928309,0.4140321034413107,0.4652186221652432
CV_SELECTED,20260405SSKT0,20260405,1.0,0.44471518795460807,0.4564484742124033,0.3995563545956841,0.41637210789794854
CV_SELECTED,20260407HHSK0,20260407,0.0,0.6496854315018114,0.5634215195325593,0.7221949384049703,0.6330359849722935
CV_SELECTED,20260407KTLT0,20260407,0.0,0.45868951260562657,0.3884686598107084,0.5530103562645042,0.46760048786691405
CV_SELECTED,20260407LGNC0,20260407,0.0,0.5261058519591111,0.5013553445773556,0.4787229375022619,0.46153926906545667
CV_SELECTED,20260407SSHT0,20260407,0.0,0.41928928195172555,0.49479557673204194,0.38266044302488955,0.46296561854935636
CV_SELECTED,20260407WOOB0,20260407,0.0,0.5139143139480582,0.5057594366030276,0.5014443747823998,0.4955665491631672
CV_SELECTED,20260408HHSK0,20260408,0.0,0.6266048386089449,0.49800562118525854,0.6644169797347422,0.5349816352389317
CV_SELECTED,20260408KTLT0,20260408,1.0,0.44039693690080994,0.27739937475965365,0.508394317179599,0.3280234188942932
CV_SELECTED,20260408LGNC0,20260408,0.0,0.5165169338573806,0.3871799390021474,0.47831331917659026,0.3574403425544215
CV_SELECTED,20260408SSHT0,20260408,1.0,0.3875216328924354,0.4022971366505128,0.35220880641027247,0.3728930780952439
CV_SELECTED,20260408WOOB0,20260408,1.0,0.4880842589373158,0.7283637605091533,0.5479323506467829,0.760452292551918
CV_SELECTED,20260410HTHH0,20260410,0.0,0.5013187498065168,0.41617394508341765,0.4336737727334888,0.36137310036374193
CV_SELECTED,20260410LTWO0,20260410,0.0,0.5043293024293823,0.6313065654738196,0.519758931096961,0.6426295696486103
CV_SELECTED,20260410NCSS0,20260410,1.0,0.5200762073878324,0.5904364242699088,0.6541537963487892,0.7104361429435586
CV_SELECTED,20260410OBKT0,20260410,0.0,0.5682049253776262,0.5296900690441622,0.510164279799453,0.4815845791024145
CV_SELECTED,20260410SKLG0,20260410,1.0,0.49042727430378935,0.5342595079338249,0.5399113536375202,0.576424212926819
CV_SELECTED,20260411HTHH0,20260411,0.0,0.4953317438705384,0.6656692458939922,0.44200581617443396,0.6229598178819834
CV_SELECTED,20260411LTWO0,20260411,0.0,0.4974842080519054,0.49543015476793817,0.5098553326508684,0.5063547128040551
CV_SELECTED,20260411NCSS0,20260411,1.0,0.5382480622404374,0.5402164514262662,0.6331129878998142,0.6176486807449411
CV_SELECTED,20260411OBKT0,20260411,1.0,0.5728048663741102,0.5446893564816147,0.5799715349762399,0.5499188715745366
CV_SELECTED,20260411SKLG0,20260411,1.0,0.5197288351874089,0.6645610579725136,0.5141788861395624,0.6612718672556189
CV_SELECTED,20260412HTHH0,20260412,0.0,0.48249898664225893,0.4318930454666308,0.4449240558365148,0.39543056597673637
CV_SELECTED,20260412LTWO0,20260412,1.0,0.48463871046192286,0.49602622623166825,0.4971920360401941,0.5183395512781688
CV_SELECTED,20260412NCSS0,20260412,1.0,0.5399535508091541,0.616769037502902,0.6457436591248973,0.6940871362150225
CV_SELECTED,20260412OBKT0,20260412,1.0,0.5784692835461009,0.5638134238785417,0.5336170509163015,0.5252452883429722
CV_SELECTED,20260412SKLG0,20260412,1.0,0.5351366007705526,0.5580063691862643,0.5148895659415289,0.5263365691546511
CV_SELECTED,20260414KTNC0,20260414,1.0,0.5036542415718064,0.4174910845848968,0.5526827119997284,0.4612747669180809
CV_SELECTED,20260414LTLG0,20260414,1.0,0.5810635933821386,0.5721947622731539,0.6018012261750826,0.5882572536794296
CV_SELECTED,20260414OBSK0,20260414,0.0,0.5889085463045469,0.5858317923956772,0.5987589776565657,0.5951016459753533
CV_SELECTED,20260414SSHH0,20260414,0.0,0.39757292908766,0.47809891415381744,0.32392449291313313,0.4118711912551612
CV_SELECTED,20260414WOHT0,20260414,1.0,0.5282327892972878,0.511206955335064,0.5805114385880106,0.5540662465691273
CV_SELECTED,20260415KTNC0,20260415,0.0,0.5151946770156586,0.439765225423258,0.5491414568616062,0.47079528749040894
CV_SELECTED,20260415LTLG0,20260415,0.0,0.584516138149629,0.7387501176277657,0.5670781783414026,0.7256777738867375
CV_SELECTED,20260415OBSK0,20260415,1.0,0.5595069831513838,0.5435983295333959,0.5887933557893873,0.5623365329455088
CV_SELECTED,20260415SSHH0,20260415,0.0,0.3842761792868197,0.44813881908010145,0.3436599981274255,0.41125111582054363
CV_SELECTED,20260415WOHT0,20260415,1.0,0.534499752771518,0.6640207635366234,0.6045754484890128,0.712591752301282
CV_SELECTED,20260416KTNC0,20260416,0.0,0.495667535066772,0.49613414126077976,0.6157710365368575,0.5980729678296659
CV_SELECTED,20260416LTLG0,20260416,1.0,0.5654443839313079,0.6373824590406847,0.5907841285720109,0.6558726173981034
CV_SELECTED,20260416OBSK0,20260416,1.0,0.5734459248874031,0.5677312009062814,0.5940166119159893,0.5857229986446956
CV_SELECTED,20260416SSHH0,20260416,0.0,0.3713011988061051,0.34727636761205327,0.29402652165409787,0.28489209167690516
CV_SELECTED,20260416WOHT0,20260416,1.0,0.5346744466924198,0.5064075504890677,0.5688651983097042,0.5342006905403333
CV_SELECTED,20260417HTOB0,20260417,0.0,0.45804392376512315,0.6951396909817064,0.4638392227522615,0.6864617951956503
CV_SELECTED,20260417WOKT0,20260417,1.0,0.5548975738336065,0.5972256015995673,0.465394017010227,0.5061694547655303
CV_SELECTED,20260418HHLT0,20260418,0.0,0.5784600561829436,0.5227713107422535,0.6122872601533936,0.5557019959643712
CV_SELECTED,20260418HTOB0,20260418,1.0,0.45748356998383694,0.3927839787124343,0.5175709045442607,0.44267830240576916
CV_SELECTED,20260418LGSS0,20260418,1.0,0.5224542950792808,0.43535812374743543,0.5452035715413147,0.4694216354697499
CV_SELECTED,20260418SKNC0,20260418,0.0,0.5023294449308485,0.5623591527918319,0.5094736049950197,0.568513874518211
CV_SELECTED,20260418WOKT0,20260418,1.0,0.5587855825912506,0.5837895589673097,0.49133219742739026,0.5245556404946491
CV_SELECTED,20260419HHLT0,20260419,0.0,0.5587365915464614,0.5872133312163632,0.5793214377451119,0.6092089055093223
CV_SELECTED,20260419HTOB0,20260419,1.0,0.46750370417707265,0.4467963062670826,0.524486598979994,0.4957141093430322
CV_SELECTED,20260419LGSS0,20260419,0.0,0.522357026964156,0.5101758908561158,0.4741962312903057,0.4710387290689348
CV_SELECTED,20260419SKNC0,20260419,1.0,0.47729970943511574,0.5446392471540276,0.5199333914900378,0.5719734809746608
CV_SELECTED,20260419WOKT0,20260419,0.0,0.5637887054706414,0.6231145046704172,0.4884098401074519,0.545887644826233
CV_SELECTED,20260421HHLG0,20260421,1.0,0.6143396819006458,0.5782234867067911,0.631343650625265,0.5952979314504465
CV_SELECTED,20260421HTKT0,20260421,1.0,0.5391478244749318,0.644757414268533,0.5463020825621874,0.6653794336476423
CV_SELECTED,20260421NCWO0,20260421,1.0,0.4889754686595172,0.5124778251021372,0.4389348729958013,0.468492105956417
CV_SELECTED,20260421OBLT0,20260421,0.0,0.5149599929600394,0.5701776914508314,0.4928415410570031,0.5463581492876649
CV_SELECTED,20260421SKSS0,20260421,0.0,0.5556685799671659,0.5048608239441573,0.5591782951028148,0.5066762176866598
CV_SELECTED,20260422HHLG0,20260422,1.0,0.6113608237074298,0.6134706737789313,0.6248659568065095,0.6270438082087277
CV_SELECTED,20260422HTKT0,20260422,1.0,0.5428526764489532,0.4410134020115951,0.4548022566333113,0.3701751806729338
CV_SELECTED,20260422NCWO0,20260422,1.0,0.49275858075440726,0.6395021007966273,0.5598479307961606,0.7023877225032032
CV_SELECTED,20260422OBLT0,20260422,0.0,0.5044262260349146,0.35793540525660633,0.4762615380623946,0.3400034572882123
CV_SELECTED,20260422SKSS0,20260422,0.0,0.5410116903695512,0.670188944484715,0.5389750503483574,0.6674860162440976
CV_SELECTED,20260423HHLG0,20260423,0.0,0.6105895114715758,0.6801570111524292,0.6446048933814289,0.7028724720326471
CV_SELECTED,20260423HTKT0,20260423,1.0,0.5484824409811785,0.7446896208383046,0.49784696315039,0.7112673978453227
CV_SELECTED,20260423NCWO0,20260423,0.0,0.5093014308188911,0.41986836713501785,0.4303015182865942,0.3547052172797622
CV_SELECTED,20260423OBLT0,20260423,1.0,0.48066086974320305,0.3751978120535446,0.46239845207022384,0.3647068157123909
CV_SELECTED,20260423SKSS0,20260423,0.0,0.5363088022770824,0.4739794869341549,0.6077663251486106,0.5334912547113662
CV_SELECTED,20260424KTSK0,20260424,1.0,0.491497882950064,0.3761732836945325,0.5504987905676904,0.42638902204150037
CV_SELECTED,20260424LGOB0,20260424,0.0,0.44181325047742165,0.4126155714069114,0.4263315642335178,0.400757778085601
CV_SELECTED,20260424LTHT0,20260424,1.0,0.5437543225053941,0.5917483626672285,0.5775625260383197,0.618366836294833
CV_SELECTED,20260424NCHH0,20260424,0.0,0.46518728228916106,0.5551630255839719,0.37296659376529123,0.47605966983734116
CV_SELECTED,20260424SSWO0,20260424,1.0,0.46066422521962547,0.5466682972734423,0.3726929572345703,0.47569284766544473
CV_SELECTED,20260425KTSK0,20260425,1.0,0.4953088535597895,0.40305806129307753,0.5545294662608071,0.453436223296054
CV_SELECTED,20260425LGOB0,20260425,0.0,0.4354650950054789,0.38780369020541094,0.44198036335353746,0.39369353438943433
CV_SELECTED,20260425LTHT0,20260425,1.0,0.5542246740122371,0.5193528831868075,0.5886099444276407,0.5476635378176347
CV_SELECTED,20260425NCHH0,20260425,1.0,0.4481192365340998,0.44140921862084986,0.41361189157086553,0.4117789621796331
CV_SELECTED,20260425SSWO0,20260425,1.0,0.4676256793149783,0.433157463806851,0.35976602084344483,0.3467880840706027
CV_SELECTED,20260426KTSK0,20260426,0.0,0.49209532279203766,0.4398055349008621,0.5223288303627663,0.4658288996175064
CV_SELECTED,20260426LGOB0,20260426,1.0,0.43302293853618207,0.40639300369714015,0.5776493158476315,0.5461018219138655
CV_SELECTED,20260426NCHH0,20260426,0.0,0.47322216681989543,0.47290155374516507,0.39830740988437136,0.41017534830381347
CV_SELECTED,20260426SSWO0,20260426,1.0,0.47156449308302856,0.5281175147350256,0.4339074668771413,0.5106266616372265
CV_SELECTED,20260428HTNC0,20260428,1.0,0.5091971132208221,0.3630306812329367,0.5787890217666751,0.43364777823770484
CV_SELECTED,20260428LGKT0,20260428,1.0,0.5251945801594554,0.43888399515134907,0.43836643179682844,0.370596110069053
CV_SELECTED,20260428SKHH0,20260428,1.0,0.45682850659160507,0.5437606311439322,0.47124748161587504,0.554135524281742
CV_SELECTED,20260428SSOB0,20260428,0.0,0.4628279927911975,0.415902481066407,0.4642130054474164,0.41909646195340455
CV_SELECTED,20260428WOLT0,20260428,1.0,0.4702080021335566,0.26506539117787664,0.4283828372633701,0.2407387624984802
CV_SELECTED,20260429HTNC0,20260429,0.0,0.5139755360421324,0.6377762791494505,0.5229542362699977,0.6443339728899488
CV_SELECTED,20260429LGKT0,20260429,1.0,0.5299467983568138,0.6350468417797013,0.451054467801568,0.5702525013590712
CV_SELECTED,20260429SKHH0,20260429,0.0,0.471205273854236,0.36311732701255467,0.40835162986590157,0.30671102676504075
CV_SELECTED,20260429SSOB0,20260429,1.0,0.4764339758990653,0.5723830743959257,0.5417913229847406,0.6300373371314976
CV_SELECTED,20260429WOLT0,20260429,0.0,0.4729899492409871,0.48165366369392904,0.473981684956972,0.48163697217351664
CV_SELECTED,20260430HTNC0,20260430,1.0,0.4974808975963716,0.37079123207463366,0.5039287156889047,0.37517800242530247
CV_SELECTED,20260430LGKT0,20260430,0.0,0.538459213670541,0.49880388544500187,0.4644248835418118,0.439779483891865
CV_SELECTED,20260430SKHH0,20260430,0.0,0.4672192057931962,0.5891324494902606,0.4483510195128327,0.5761333845978173
CV_SELECTED,20260430SSOB0,20260430,1.0,0.4864309953905211,0.5539927946026931,0.5263631162847289,0.5900632191624099
CV_SELECTED,20260430WOLT0,20260430,1.0,0.47849104794971814,0.501909751397936,0.4752505098341824,0.4992494541325046
CV_SELECTED,20260501HHSS0,20260501,1.0,0.5637147626617656,0.5910367903697755,0.616928387939373,0.6325509467366527
CV_SELECTED,20260501KTHT0,20260501,0.0,0.45794686104260274,0.4002527151692197,0.5421521752456402,0.47173367431290025
CV_SELECTED,20260501LTSK0,20260501,0.0,0.5526192340914601,0.4906376661833572,0.5570040882460152,0.4910250524116408
CV_SELECTED,20260501NCLG0,20260501,1.0,0.5307374312190623,0.541624609393383,0.5091411970117743,0.5249359490201132
CV_SELECTED,20260501OBWO0,20260501,0.0,0.5107800101082921,0.5166932674352989,0.46957844229315315,0.49847236778254317
CV_SELECTED,20260502HHSS0,20260502,0.0,0.5612453445619968,0.5054618868442315,0.6203525196628481,0.5555215667567134
CV_SELECTED,20260502KTHT0,20260502,1.0,0.4638486991367552,0.36831736569276285,0.5018460003749093,0.40079690113898425
CV_SELECTED,20260502LTSK0,20260502,0.0,0.5359318451818089,0.49826707497970213,0.5563395977679326,0.511108140443538
CV_SELECTED,20260502NCLG0,20260502,1.0,0.5410137281696624,0.5432019333211738,0.5034047493660516,0.5130866830598421
CV_SELECTED,20260502OBWO0,20260502,1.0,0.4817726893144434,0.45949532180377245,0.38997785271669994,0.38256737885742087
CV_SELECTED,20260503HHSS0,20260503,1.0,0.5456747387346295,0.6172359598577221,0.6150496788720429,0.669130355866678
CV_SELECTED,20260503KTHT0,20260503,0.0,0.46862169543741117,0.5488699271996988,0.5254983117088897,0.5951622015911658
CV_SELECTED,20260503LTSK0,20260503,0.0,0.5271693781710884,0.6366682403594385,0.5091255889741616,0.6130478857386757
CV_SELECTED,20260503NCLG0,20260503,0.0,0.5574541768782506,0.6246184796881549,0.5414948509784572,0.6105705722486143
CV_SELECTED,20260503OBWO0,20260503,0.0,0.4836760893451319,0.41439430951019135,0.37379566060766567,0.3293396162489954
CV_SELECTED,20260505HHHT0,20260505,1.0,0.56699214659401,0.49705031454386744,0.663257135962062,0.588730074854763
CV_SELECTED,20260505LTKT0,20260505,1.0,0.5767627113752981,0.6612267018507223,0.49299602114444396,0.5787299279575341
CV_SELECTED,20260505OBLG0,20260505,1.0,0.5131273234888593,0.4873330205916748,0.4750807016566542,0.4550168093810809
CV_SELECTED,20260505WOSS0,20260505,1.0,0.5431357057351426,0.5530037807253207,0.6325966580536126,0.622733788473814
CV_SELECTED,20260506HHHT0,20260506,0.0,0.5794478095251976,0.5801152603588494,0.6358689759624806,0.6273858535509553
CV_SELECTED,20260506LTKT0,20260506,0.0,0.5777438378566788,0.5326395344394663,0.5269970715660715,0.4916349114504165
CV_SELECTED,20260506NCSK0,20260506,1.0,0.5080736826557269,0.4824115374242437,0.4815241959063889,0.448145331033352
CV_SELECTED,20260506OBLG0,20260506,1.0,0.5195493462508659,0.5419987792613239,0.41055500632665315,0.4343909957174015
CV_SELECTED,20260506WOSS0,20260506,1.0,0.5573809177305732,0.49341773587476995,0.6624580230883571,0.5810938126509251
CV_SELECTED,20260507HHHT0,20260507,0.0,0.5698746378912671,0.6546463042117228,0.5833666459027069,0.6542204326758725
CV_SELECTED,20260507NCSK0,20260507,0.0,0.51413033739092,0.5070935313401029,0.44675491495283953,0.45173066155550873
CV_SELECTED,20260507OBLG0,20260507,0.0,0.524231616676342,0.551478221340777,0.45576615533886905,0.49248069758754975
CV_SELECTED,20260507WOSS0,20260507,1.0,0.5572037603041894,0.8118783358738276,0.7367362957134325,0.8952063372777906
CV_SELECTED,20260508HTLT0,20260508,0.0,0.4950335099920416,0.5380988802771394,0.48407283112320154,0.5283750019185005
CV_SELECTED,20260508KTWO0,20260508,0.0,0.4074596732092319,0.37044512904324317,0.4123878223502071,0.37545465045171716
CV_SELECTED,20260508LGHH0,20260508,0.0,0.43165240991070547,0.3166880088298636,0.4787342860266357,0.3500903660703155
CV_SELECTED,20260508SKOB0,20260508,0.0,0.5344534890610936,0.5227232183108496,0.5523221584607166,0.542223767537371
CV_SELECTED,20260508SSNC0,20260508,0.0,0.4956491960623376,0.43138413535560377,0.48075585056976194,0.41790660417432024
CV_SELECTED,20260509HTLT0,20260509,0.0,0.47632711876885236,0.3144962309626899,0.4681079506766011,0.3109222415125022
CV_SELECTED,20260509LGHH0,20260509,1.0,0.4339618450545137,0.3853981608798007,0.4057724176295125,0.34928719748291903
CV_SELECTED,20260509SKOB0,20260509,1.0,0.5263940762528598,0.642892698903091,0.5114531095439486,0.6257388421717107
CV_SELECTED,20260509SSNC0,20260509,0.0,0.4919776659743379,0.34532172651847953,0.4739019354528098,0.33554908915084014
CV_SELECTED,20260510HTLT0,20260510,1.0,0.4753481193585201,0.6270825830349804,0.4902860397157525,0.6387082876934256
CV_SELECTED,20260510KTWO0,20260510,1.0,0.39407338527667457,0.5153430521414218,0.3823918891969654,0.49160238778558746
CV_SELECTED,20260510LGHH0,20260510,1.0,0.45516256964915836,0.39792276851397723,0.4736226358497083,0.4125396745362021
CV_SELECTED,20260510SKOB0,20260510,1.0,0.5369215191869843,0.6713191586206348,0.5663039056561475,0.694305361670265
CV_SELECTED,20260510SSNC0,20260510,0.0,0.4855551933126015,0.46677107981626376,0.40755171653246086,0.4055224011236508
CV_SELECTED,20260512HHWO0,20260512,0.0,0.4760634367789191,0.41979826187647007,0.473035935433777,0.41796666451886294
CV_SELECTED,20260512NCLT0,20260512,0.0,0.5032368251978588,0.4862321768450679,0.4994950355152746,0.48149978290753226
CV_SELECTED,20260512OBHT0,20260512,0.0,0.4844875527761231,0.551997248975031,0.49522692435675153,0.5589546428808557
CV_SELECTED,20260512SKKT0,20260512,0.0,0.5612684790578443,0.6112712953600179,0.5193597823059117,0.5776188940905977
CV_SELECTED,20260512SSLG0,20260512,0.0,0.5101983050199833,0.5779750378560397,0.4933939368412637,0.5667394125349996
CV_SELECTED,20260513HHWO0,20260513,1.0,0.47430869140609777,0.28209588465893576,0.41678606178580335,0.24607806640457713
CV_SELECTED,20260513NCLT0,20260513,1.0,0.4916000543632679,0.5475216591478966,0.49416646242092604,0.5505850519223413
CV_SELECTED,20260513OBHT0,20260513,1.0,0.47711231756620703,0.7052022952805225,0.48365257842247816,0.6984489806684968
CV_SELECTED,20260513SKKT0,20260513,1.0,0.5592885648367741,0.5851160451887525,0.525017191242114,0.5558693234118274
CV_SELECTED,20260513SSLG0,20260513,1.0,0.4853273890714384,0.4637812218122122,0.44666484515406346,0.43585085841749266
CV_SELECTED,20260514HHWO0,20260514,0.0,0.47448300687953193,0.558461037961154,0.4309386704771665,0.5184108186180585
CV_SELECTED,20260514NCLT0,20260514,0.0,0.4964802620242294,0.5248487161985411,0.5016132340535182,0.5302254900251628
CV_SELECTED,20260514OBHT0,20260514,1.0,0.4960081806655936,0.45325774992896267,0.46770073755186703,0.42667147942828
CV_SELECTED,20260514SKKT0,20260514,0.0,0.5675817118440001,0.5979133003519517,0.5365857496554254,0.5722352308466522
CV_SELECTED,20260514SSLG0,20260514,0.0,0.49293743970130216,0.5959769277584914,0.4275667271309958,0.5421295518833886
CV_SELECTED,20260515HHKT0,20260515,0.0,0.56699320958668,0.5950586362329424,0.5200611098748409,0.5570976423114459
CV_SELECTED,20260515HTSS0,20260515,0.0,0.510156118699079,0.5055165810725113,0.5521364632024282,0.5380380687101451
CV_SELECTED,20260515LGSK0,20260515,0.0,0.49354687998423935,0.3840809826612742,0.4761995045574347,0.359962701000653
CV_SELECTED,20260515LTOB0,20260515,0.0,0.546294262859648,0.6543840615201575,0.5199610173261205,0.6362901142708977
CV_SELECTED,20260515WONC0,20260515,0.0,0.5678788197206232,0.3980366339490336,0.6322892288525549,0.45799123276060616
CV_SELECTED,20260516HHKT0,20260516,0.0,0.5659943819294315,0.517157454639315,0.5358088352271718,0.4918022163241542
CV_SELECTED,20260516HTSS0,20260516,1.0,0.5001308733148147,0.6385669593833017,0.46775815048494207,0.6104018389119508
CV_SELECTED,20260516LGSK0,20260516,1.0,0.486482614367245,0.43199983498155,0.46835476174723695,0.41612965761551896
CV_SELECTED,20260516LTOB0,20260516,1.0,0.5357130235484493,0.6104708385781985,0.500401473314426,0.5857136287949236
CV_SELECTED,20260516WONC0,20260516,1.0,0.5644434079049307,0.5603773588828341,0.6306073923851389,0.6104722706530155
CV_SELECTED,20260517HHKT0,20260517,1.0,0.5531471135583488,0.46876100208039484,0.5534986887805883,0.4708002611676785
CV_SELECTED,20260517HTSS0,20260517,0.0,0.5194294896458824,0.603740570635879,0.4869264122661164,0.5718494675682186
CV_SELECTED,20260517LGSK0,20260517,0.0,0.48346997375852185,0.36291937923018486,0.5403465287734366,0.4125139360159351
CV_SELECTED,20260517LTOB0,20260517,1.0,0.5304897553882485,0.5432498980260759,0.473212953732377,0.496568803951285
CV_SELECTED,20260517WONC0,20260517,0.0,0.569928896000826,0.5584684176432945,0.5901745745098572,0.5794263886204564
CV_SELECTED,20260519KTSS0,20260519,1.0,0.49992661147072265,0.5256994861159484,0.5627551819463219,0.5774408197210169
CV_SELECTED,20260519LGHT0,20260519,1.0,0.526804766064101,0.547622826781684,0.5695625429283306,0.585020363970752
CV_SELECTED,20260519LTHH0,20260519,0.0,0.49433874717905185,0.44014257404501395,0.47282751195333306,0.4230871988813574
CV_SELECTED,20260519NCOB0,20260519,1.0,0.5373000909231822,0.5264252544785178,0.5466292570746974,0.5383209624451251
CV_SELECTED,20260519SKWO0,20260519,1.0,0.4595919094750443,0.3151077774431205,0.45365311982915,0.31353479769243303
CV_SELECTED,20260520SKWO0,20260520,1.0,0.4621571724436903,0.46288493018508897,0.49596237920717445,0.49149443417495703
CV_SELECTED,20260521KTSS0,20260521,1.0,0.5196931994738838,0.5653437681206922,0.5795988961379499,0.6143724598938293
CV_SELECTED,20260521LGHT0,20260521,0.0,0.5580144200907076,0.5748997495481775,0.5471162116542193,0.5668853645318501
CV_SELECTED,20260521LTHH0,20260521,0.0,0.4815897793814103,0.392043496808511,0.467008916515083,0.3834857389106143
CV_SELECTED,20260521NCOB0,20260521,1.0,0.5488988333388892,0.5599416039911007,0.5214065955974636,0.5403643735841727
CV_SELECTED,20260521SKWO0,20260521,1.0,0.45701361201187185,0.6168627685479042,0.46005050680962106,0.6144175827134982
CV_SELECTED,20260522NCKT0,20260522,1.0,0.5380077389456372,0.8032429320962379,0.48197261444893474,0.759808214324977
CV_SELECTED,20260522OBHH0,20260522,1.0,0.43968036794671844,0.4041319200763504,0.4806723041652296,0.4374421916388963
CV_SELECTED,20260522SKHT0,20260522,1.0,0.5641443206789859,0.5754057580598472,0.5914932866905558,0.6032812951378694
CV_SELECTED,20260522SSLT0,20260522,0.0,0.47533789652833336,0.3864231675083283,0.47307298869632897,0.38985456113074385
CV_SELECTED,20260522WOLG0,20260522,0.0,0.5638119531560677,0.5156796983835454,0.5489856200120102,0.502337130086195
CV_SELECTED,20260523NCKT0,20260523,1.0,0.5482294681393749,0.5344499250881852,0.5255440275026008,0.5122486698028499
CV_SELECTED,20260523OBHH0,20260523,1.0,0.45043469779324585,0.34295972647509826,0.4367450368777108,0.33500722683444745
CV_SELECTED,20260523SKHT0,20260523,1.0,0.575028040376892,0.5862303376379879,0.6187114192267302,0.621915425792671
CV_SELECTED,20260523SSLT0,20260523,1.0,0.4683705458724032,0.5096742199780232,0.4427073777051485,0.486648681736354
CV_SELECTED,20260523WOLG0,20260523,1.0,0.5481513002961814,0.5980982590065083,0.6135611413946293,0.6539447823517239
CV_SELECTED,20260524NCKT0,20260524,0.0,0.5477761691563754,0.45292719452882657,0.4804926618166497,0.39526612830022795
CV_SELECTED,20260524OBHH0,20260524,1.0,0.4632717866201225,0.5184445177863645,0.4591495714668325,0.5137322591118618
CV_SELECTED,20260524SKHT0,20260524,1.0,0.5821520382672877,0.6692561487676244,0.6255644754967369,0.7046919995865022
CV_SELECTED,20260524SSLT0,20260524,0.0,0.4767502724938759,0.5457973302753658,0.4799921908659118,0.5443185938260833
CV_SELECTED,20260524WOLG0,20260524,1.0,0.5567449211261738,0.5554587589635457,0.5782815988405389,0.5773776279974505
CV_SELECTED,20260526HTWO0,20260526,0.0,0.41782606102196795,0.5331629378591882,0.3975349297333047,0.5116662635637886
CV_SELECTED,20260526KTOB0,20260526,0.0,0.52152577570003,0.47938847921786615,0.5116663550886994,0.47628070896345515
CV_SELECTED,20260526LGLT0,20260526,0.0,0.5027963702609765,0.5028055842903141,0.5025798508605556,0.5001621982140246
CV_SELECTED,20260527HHNC0,20260527,1.0,0.500461816192742,0.5250178533478687,0.5265470404431403,0.5437574385607361
CV_SELECTED,20260527HTWO0,20260527,0.0,0.4050603742666674,0.44613230112877295,0.3621199398409488,0.4072795874090531
CV_SELECTED,20260527KTOB0,20260527,1.0,0.5125529147290717,0.48611876727079006,0.4985106299372599,0.48013435872116667
CV_SELECTED,20260527LGLT0,20260527,0.0,0.49819550745483243,0.4610463124266731,0.5136438544476445,0.4719385678243447
CV_SELECTED,20260527SSSK0,20260527,0.0,0.447535443359345,0.3386326085039719,0.39343037968630523,0.3032355567646974
CV_SELECTED,20260528HHNC0,20260528,0.0,0.4997964276754001,0.28513386932468243,0.46220844442182785,0.26384600202012276
CV_SELECTED,20260528HTWO0,20260528,0.0,0.41121567269090276,0.4642927525724764,0.33624363569872573,0.3976225165069542
CV_SELECTED,20260528KTOB0,20260528,0.0,0.517745725956383,0.4986819140122215,0.5327671188927436,0.5170890218759239
CV_SELECTED,20260528LGLT0,20260528,1.0,0.49623943312563906,0.42865507897147037,0.5111955659709644,0.43842081786996434
CV_SELECTED,20260528SSSK0,20260528,0.0,0.44594496624276037,0.4099530366563295,0.43059661785081227,0.4044931432220411
CV_SELECTED,20260529HTLG0,20260529,1.0,0.4640509129412381,0.6767481825211913,0.4062983985983275,0.6315321334161653
CV_SELECTED,20260529KTWO0,20260529,0.0,0.45027797588513163,0.46727284610932046,0.5074174577833767,0.5297212007918134
CV_SELECTED,20260529LTNC0,20260529,0.0,0.4791856762643633,0.45332564860129204,0.4747323135092144,0.4535179629312308
CV_SELECTED,20260529OBSS0,20260529,0.0,0.5581315654421166,0.5076645130742854,0.5606677849174028,0.5069771436550056
CV_SELECTED,20260529SKHH0,20260529,1.0,0.5226744595524111,0.5608812917080068,0.5411652176093794,0.5787598807420818
CV_SELECTED,20260530HTLG0,20260530,1.0,0.4703692761808113,0.38699991888067625,0.4182311016637539,0.34778922713263466
CV_SELECTED,20260530KTWO0,20260530,0.0,0.438202457637051,0.34270776933813374,0.5006894116914754,0.39582765412470244
CV_SELECTED,20260530LTNC0,20260530,1.0,0.4682298747157757,0.6400879181664118,0.4641753254112052,0.6316372339021916
CV_SELECTED,20260530OBSS0,20260530,0.0,0.551812892302426,0.5297129694675482,0.5935042740009269,0.5606925372131695
CV_SELECTED,20260530SKHH0,20260530,1.0,0.5288467279114425,0.648776311296806,0.48369435201335753,0.6126167881852875
CV_SELECTED,20260531HTLG0,20260531,1.0,0.47183460580607994,0.5363445791350298,0.4543198520847838,0.5193736384861752
CV_SELECTED,20260531KTWO0,20260531,0.0,0.43307870925240005,0.3988443399657516,0.4351726548072062,0.39985772642559614
CV_SELECTED,20260531LTNC0,20260531,1.0,0.48634706886654583,0.425208647954192,0.4520256562117678,0.39750513934348797
CV_SELECTED,20260531OBSS0,20260531,1.0,0.5366333509257255,0.4652120259565757,0.5648684679305974,0.4893166151623585
CV_SELECTED,20260531SKHH0,20260531,1.0,0.5337064814587916,0.5411111566099145,0.531356380752786,0.5392616920914116
CV_SELECTED,20260602HHOB0,20260602,1.0,0.5137873609425807,0.5794466912418219,0.5005362445475491,0.5669991456555133
CV_SELECTED,20260602LGKT0,20260602,0.0,0.5257538551942157,0.47461656795795154,0.5018795992570942,0.4542332008203108
CV_SELECTED,20260602LTHT0,20260602,1.0,0.5686106561950233,0.6294390186565539,0.5965998315693347,0.6547004927066229
CV_SELECTED,20260602NCSS0,20260602,1.0,0.5614588058443286,0.6311432173062149,0.6069524160084362,0.6670324110461443
CV_SELECTED,20260602WOSK0,20260602,0.0,0.5186070038501382,0.3724923146039408,0.6221373300584795,0.47904268018628016
CV_SELECTED,20260603LGKT0,20260603,1.0,0.5092643599362248,0.5803754418069574,0.48213569030921405,0.5555853315665141
CV_SELECTED,20260603LTHT0,20260603,0.0,0.5603178382867608,0.5993786681029649,0.6167492511210894,0.6390494146307371
CV_SELECTED,20260603NCSS0,20260603,0.0,0.572373877258159,0.715584468792821,0.5967620380761198,0.7283989771066953
CV_SELECTED,20260603WOSK0,20260603,1.0,0.5060145359096319,0.4410196040252325,0.5365524993295036,0.47627414464207696
CV_SELECTED,20260604HHOB0,20260604,1.0,0.499023874991238,0.584573595579786,0.6082450535111356,0.6576424456935109
CV_SELECTED,20260604LGKT0,20260604,0.0,0.5018445652032257,0.4070035249517601,0.4600326411864296,0.372368882066228
CV_SELECTED,20260604LTHT0,20260604,1.0,0.5520743541908716,0.5245055361306984,0.5866070402913093,0.5580795168268592
CV_SELECTED,20260604NCSS0,20260604,0.0,0.5642850454180403,0.5937558032101147,0.5885169130417435,0.615071728048425
CV_SELECTED,20260604WOSK0,20260604,1.0,0.5111122824324072,0.43831643046481933,0.5344076585403287,0.46318605583841294
CV_SELECTED,20260605HHLT0,20260605,0.0,0.48816072599172916,0.38659809359790737,0.5073154416205983,0.4009854053087687
CV_SELECTED,20260605KTSK0,20260605,1.0,0.4479334793127193,0.42135288906431906,0.489484506365961,0.45192570484916833
CV_SELECTED,20260605LGNC0,20260605,0.0,0.47079453256391673,0.5784704012816987,0.4576273246670698,0.5600710291450024
CV_SELECTED,20260605SSHT0,20260605,1.0,0.5186382505316163,0.594155063469377,0.5131219911656985,0.5935701407613648
CV_SELECTED,20260605WOOB0,20260605,1.0,0.5520184370422391,0.5428274863049117,0.48699838939529255,0.4926949004580701
CV_SELECTED,20260606HHLT0,20260606,0.0,0.48149566916147113,0.3830305717161418,0.49585129083750057,0.397670042142623
CV_SELECTED,20260606KTSK0,20260606,0.0,0.4539316718050736,0.5236655589339301,0.42593240723562525,0.49762975711660756
CV_SELECTED,20260606LGNC0,20260606,1.0,0.4596342454745567,0.40232883365860195,0.47097432911208115,0.4123510914081925
CV_SELECTED,20260606SSHT0,20260606,0.0,0.5169037917948899,0.5029540655224743,0.4925557257522189,0.4818662680689555
CV_SELECTED,20260606WOOB0,20260606,1.0,0.5508810150372854,0.5212001130414156,0.5700223403059169,0.5454355356017526
CV_SELECTED,20260607HHLT0,20260607,0.0,0.46798865712316146,0.6139464101442021,0.4582923715493442,0.5965451641522843
CV_SELECTED,20260607KTSK0,20260607,1.0,0.45764998525608536,0.3817339464727705,0.45429118865069895,0.37775820789686887
CV_SELECTED,20260607LGNC0,20260607,1.0,0.46920677399210026,0.44202847520969074,0.49501107674218914,0.46082238140356996
CV_SELECTED,20260607SSHT0,20260607,1.0,0.5098634364465695,0.6296968038276219,0.5232875389977539,0.6400360861971053
CV_SELECTED,20260607WOOB0,20260607,0.0,0.5542124974848538,0.4741673823924633,0.5479789950071955,0.480489715183034
CV_SELECTED,20260609HTHH0,20260609,0.0,0.4860447851998586,0.5238354094888301,0.5053110745670223,0.5397215093372237
CV_SELECTED,20260609NCWO0,20260609,1.0,0.4830292144822774,0.6960078202556891,0.34632347201569114,0.5811906052142649
CV_SELECTED,20260609OBLT0,20260609,0.0,0.47598857173135145,0.4320323496991279,0.4423515888569822,0.39958589114182824
CV_SELECTED,20260609SKLG0,20260609,1.0,0.5672845460744279,0.6871673162742047,0.5642178942642639,0.6764808905493486
CV_SELECTED,20260609SSKT0,20260609,1.0,0.4955467920128363,0.5744908467924115,0.4340726099865111,0.5225143052404689
CV_SELECTED,20260610HTHH0,20260610,1.0,0.48503205782579717,0.5133284879085257,0.5734581204104201,0.5902542563312321
CV_SELECTED,20260610NCWO0,20260610,0.0,0.4988722263384144,0.48941950843239324,0.43499354845529736,0.4323973785907202
CV_SELECTED,20260610OBLT0,20260610,1.0,0.47690406775275374,0.3327218424714495,0.4750427673254471,0.3276013628503667
CV_SELECTED,20260610SKLG0,20260610,1.0,0.5701515211775893,0.6833680405221652,0.5759439163494332,0.6884460516716571
CV_SELECTED,20260610SSKT0,20260610,1.0,0.49541393539430595,0.4359018714352374,0.4183552868260528,0.37242258707187564
CV_SELECTED,20260611HTHH0,20260611,1.0,0.48301299468104236,0.4721339251894419,0.44054854932408627,0.44010360011790106
CV_SELECTED,20260611NCWO0,20260611,0.0,0.4965004233222768,0.46999345613201976,0.4673997410483687,0.4414847367570406
CV_SELECTED,20260611OBLT0,20260611,0.0,0.47827246508674537,0.5876104892443094,0.47026780743767443,0.5638880965359724
CV_SELECTED,20260611SKLG0,20260611,1.0,0.5749060576380349,0.5578262006090257,0.5465304420872528,0.5390884612734558
CV_SELECTED,20260611SSKT0,20260611,0.0,0.500405548998329,0.5067509174949509,0.44751741436183556,0.467172245436343
CV_SELECTED,20260612HHWO0,20260612,1.0,0.4584688714838288,0.46402731596374225,0.38134532961311035,0.3945817887283696
CV_SELECTED,20260612LTLG0,20260612,0.0,0.5688946053218156,0.6112607337397509,0.5898964355717097,0.6308176924782454
CV_SELECTED,20260612NCKT0,20260612,1.0,0.5520673304672351,0.4733814756744028,0.5324902854504494,0.4605623631693495
CV_SELECTED,20260612OBHT0,20260612,0.0,0.5240186125820135,0.47564443991997324,0.5514631123067643,0.49800618343718583
CV_SELECTED,20260612SKSS0,20260612,0.0,0.5891081004550985,0.55794133676962,0.5743003477723161,0.548153948319562
CV_SELECTED,20260613HHWO0,20260613,1.0,0.45866790282555536,0.6242808570183265,0.4802986709034955,0.6434640760181967
CV_SELECTED,20260613LTLG0,20260613,1.0,0.5759784502676707,0.6536932621017391,0.565015190961561,0.6403943679987684
CV_SELECTED,20260613NCKT0,20260613,1.0,0.5598501313442175,0.600602451188672,0.5268616429850148,0.5747950797087427
CV_SELECTED,20260613OBHT0,20260613,1.0,0.5182732283563433,0.553885443762527,0.5368258359169051,0.5790891879981784
CV_SELECTED,20260613SKSS0,20260613,1.0,0.5941530173553985,0.6777146800405526,0.5778988731040514,0.6637244029184197
CV_SELECTED,20260614HHWO0,20260614,1.0,0.4608368835097953,0.4859889594387153,0.43739413093530544,0.46406031412448445
CV_SELECTED,20260614LTLG0,20260614,1.0,0.5748701865138914,0.5784175345470964,0.5584849435518827,0.565840281997255
CV_SELECTED,20260614OBHT0,20260614,0.0,0.5238578329656317,0.3640823052934718,0.498119888469454,0.3486387351956581
CV_SELECTED,20260614SKSS0,20260614,1.0,0.5946931674049021,0.6155918835453676,0.5551393711620876,0.5732273229926184
CV_SELECTED,20260616HHNC0,20260616,1.0,0.47439902942007467,0.4748960137582857,0.46616176171344487,0.46074590528992554
CV_SELECTED,20260616KTOB0,20260616,0.0,0.5022921675626608,0.4154463213830674,0.4495386898662947,0.3762044810796818
CV_SELECTED,20260616LGHT0,20260616,0.0,0.4848779226795884,0.3637143835457534,0.4206806003066033,0.3185816633292155
CV_SELECTED,20260616LTSK0,20260616,0.0,0.5068656642488546,0.5204275047120336,0.5387585787620869,0.5555651636432886
CV_SELECTED,20260616WOSS0,20260616,1.0,0.5750622655683713,0.602250677245621,0.670205866897689,0.6887586240365278
CV_SELECTED,20260617HHNC0,20260617,1.0,0.46943366304376205,0.41745952019644134,0.49854260555555524,0.43998730505792605
CV_SELECTED,20260617KTOB0,20260617,0.0,0.5048572187579347,0.4458517991365312,0.4828344266338814,0.43595889175524183
CV_SELECTED,20260617LGHT0,20260617,1.0,0.47847113069869124,0.6483147707097076,0.46389178826789906,0.6257005282072354
CV_SELECTED,20260617LTSK0,20260617,0.0,0.4915040381344455,0.4149418944253717,0.5565499800281272,0.46906683879559374
CV_SELECTED,20260617WOSS0,20260617,1.0,0.577618291066053,0.5586451291869641,0.6709254569419952,0.6424121048379197
CV_SELECTED,20260618HHNC0,20260618,1.0,0.47761134929280447,0.47945574374023264,0.41827591230693434,0.42885576288472543
CV_SELECTED,20260618KTOB0,20260618,1.0,0.4982360294613942,0.4178589070451437,0.5126202760844878,0.43043076964328125
CV_SELECTED,20260618LGHT0,20260618,1.0,0.4824306732778258,0.3964233504815622,0.43684844364927405,0.35972624534426306
CV_SELECTED,20260618WOSS0,20260618,1.0,0.5779731975498051,0.5534659160206821,0.6420798435608286,0.6148759278726198
CV_SELECTED,20260619HTKT0,20260619,0.0,0.5285247241284561,0.46267809753023725,0.5161772940481936,0.45153767893466173
CV_SELECTED,20260619LTWO0,20260619,0.0,0.5101952886594294,0.6895879823741458,0.448287267227749,0.6345635289428412
CV_SELECTED,20260619OBLG0,20260619,1.0,0.5192560750642997,0.4483926326736677,0.5307075046474083,0.4574127381595091
CV_SELECTED,20260619SKNC0,20260619,1.0,0.5431631066964636,0.5405893046033602,0.48250832892923556,0.49229069006086673
CV_SELECTED,20260620HTKT0,20260620,1.0,0.5171186764603881,0.4582201747100434,0.4951339277858337,0.4375747458732819
CV_SELECTED,20260620LTWO0,20260620,0.0,0.5086874517964922,0.520851553868397,0.4413017011844316,0.4642465805021145
CV_SELECTED,20260620OBLG0,20260620,1.0,0.5199399289769808,0.5131382153099048,0.5383240770753984,0.5306124893927572
CV_SELECTED,20260620SKNC0,20260620,0.0,0.5515937664634161,0.5756148489937939,0.5101573316889667,0.5347288534932545
CV_SELECTED,20260620SSHH0,20260620,1.0,0.47626874573547767,0.5188938971134095,0.4705931891734248,0.5117315453439895
CV_SELECTED,20260621HTKT0,20260621,0.0,0.5180112234392248,0.6067820654278062,0.5091379847069969,0.5940028419429257
CV_SELECTED,20260621LTWO0,20260621,0.0,0.5037373657772993,0.4664187044980603,0.4437134857469363,0.4159675097587141
CV_SELECTED,20260621OBLG0,20260621,1.0,0.5152448221182264,0.47706075202836745,0.5374631459089176,0.4968754722872937
CV_SELECTED,20260621SKNC0,20260621,0.0,0.5333246565643158,0.3917543131859939,0.5286176230642238,0.3933750997790622
CV_SELECTED,20260621SSHH0,20260621,0.0,0.4880491683319523,0.5466677953555997,0.47985980587374666,0.5425508996345514
CV_SELECTED,20260623HTWO0,20260623,0.0,0.4783740056983335,0.4028890993305794,0.4330518532122847,0.36353267333539424
CV_SELECTED,20260623NCLT0,20260623,1.0,0.4983366239820003,0.4890437829957195,0.459791487738846,0.45204968845511884
CV_SELECTED,20260623OBHH0,20260623,1.0,0.49802173388109267,0.6280982859033757,0.5018306221652669,0.6304458847610411
CV_SELECTED,20260623SKKT0,20260623,1.0,0.5554551694660033,0.676899586239552,0.5007027700250616,0.6347794586560956
CV_SELECTED,20260623SSLG0,20260623,1.0,0.5029603796139902,0.45125821744556466,0.4905915081420694,0.44984548078525805
CV_SELECTED,20260624HTWO0,20260624,0.0,0.4772190303662242,0.535887309493865,0.4794460637284964,0.5355559741542628
CV_SELECTED,20260624NCLT0,20260624,1.0,0.4992971330603913,0.47122896280633125,0.4536845800337912,0.43528393213250416
CV_SELECTED,20260624OBHH0,20260624,0.0,0.5200529475111951,0.4989207986422256,0.5474797096606003,0.5255955553967431
CV_SELECTED,20260624SKKT0,20260624,0.0,0.5594865153114303,0.5944511609291689,0.4962848508546116,0.5346322266835349
CV_SELECTED,20260624SSLG0,20260624,1.0,0.49635631956009824,0.5463856042987894,0.4987302263225187,0.5501749863994052
CV_SELECTED,20260625HTWO0,20260625,0.0,0.4684136295435336,0.5027726548362924,0.4051402360062269,0.4368723698921792
CV_SELECTED,20260625NCLT0,20260625,0.0,0.5047172418336545,0.434121154562292,0.4524592059914965,0.39727316273969393
CV_SELECTED,20260625OBHH0,20260625,0.0,0.5027688749841063,0.41370093897451626,0.5557909831175737,0.4667807243951392
CV_SELECTED,20260625SKKT0,20260625,1.0,0.5607944897717281,0.66102679999024,0.4560524131204267,0.579366250404787
CV_SELECTED,20260625SSLG0,20260625,0.0,0.4972050042399242,0.3908754690631798,0.43217218212787756,0.3417965779061284
CV_SELECTED,20260626HHSK0,20260626,0.0,0.443838761438997,0.4226836109239112,0.44377578128992673,0.42774344753512744
CV_SELECTED,20260626HTOB0,20260626,1.0,0.5229736179403722,0.5997024502115383,0.525817012350731,0.5964899809787665
CV_SELECTED,20260626KTSS0,20260626,1.0,0.5495571682078715,0.4662497688873086,0.562046925867899,0.4816043103712198
CV_SELECTED,20260626LGLT0,20260626,1.0,0.46300852577344265,0.4082774662968513,0.4408407713209192,0.3899719455806721
CV_SELECTED,20260626WONC0,20260626,1.0,0.5284759456598588,0.3306045291159012,0.6216710491698528,0.41355246973252163
CV_SELECTED,20260627HHSK0,20260627,0.0,0.436044482741473,0.4128933192683146,0.426035488039944,0.3966416905213113
CV_SELECTED,20260627HTOB0,20260627,1.0,0.5212020550324437,0.6293984309717264,0.5142089253041118,0.614992657679474
CV_SELECTED,20260627KTSS0,20260627,1.0,0.5619128021147332,0.639357075131758,0.5624761239917403,0.6376138184901076
CV_SELECTED,20260627LGLT0,20260627,0.0,0.46290662861545656,0.3392577318852753,0.4379621505056056,0.32036451792068593
CV_SELECTED,20260627WONC0,20260627,0.0,0.5430753370371731,0.542757002178166,0.5392608231919044,0.541387063057278
CV_SELECTED,20260628HHSK0,20260628,0.0,0.4328081466251651,0.29615902414937156,0.5007307975884354,0.3478402809374682
CV_SELECTED,20260628HTOB0,20260628,0.0,0.5350678778052215,0.6238970190317754,0.4944438017176943,0.58628438081561
CV_SELECTED,20260628KTSS0,20260628,1.0,0.5706955597516775,0.416161635515564,0.629566925151481,0.47424492531482587
CV_SELECTED,20260628LGLT0,20260628,1.0,0.46053670073742503,0.5250116843036047,0.4550490495348986,0.5160488670382615
CV_SELECTED,20260628WONC0,20260628,1.0,0.5381983392524428,0.5474020944457895,0.5539622820381052,0.5637201763769402
CV_SELECTED,20260630LGWO0,20260630,1.0,0.44582622302653857,0.416753334380838,0.3920772571377381,0.36979683892999154
CV_SELECTED,20260630LTOB0,20260630,1.0,0.5439974544749865,0.528646952763417,0.574193263417251,0.5599356899849302
CV_SELECTED,20260630SKHT0,20260630,1.0,0.5716710281394007,0.6849140725165045,0.5021998981181174,0.6327009846115881
CV_SELECTED,20260630SSNC0,20260630,0.0,0.44496806328459104,0.4693836641109316,0.45296203416452235,0.4743496079093284
CV_SELECTED,20260701KTHH0,20260701,0.0,0.5335111723521013,0.39552703186716637,0.5807438627703767,0.4458437549031658
CV_SELECTED,20260701LGWO0,20260701,0.0,0.44706388465138513,0.6563718466979475,0.42246660450411255,0.6210953747631891
CV_SELECTED,20260701LTOB0,20260701,0.0,0.5379022533024373,0.5787817903560996,0.5837846274130779,0.6176710583193623
CV_SELECTED,20260701SSNC0,20260701,1.0,0.4344351077074128,0.35796427872741055,0.43266992648976804,0.35536528008008933
CV_SELECTED,20260702KTHH0,20260702,1.0,0.527654173994178,0.4904535798773372,0.6080567415292292,0.5647282029717094
CV_SELECTED,20260702LGWO0,20260702,0.0,0.44144971016392076,0.3888706031683146,0.40785188772943115,0.35928985008456865
CV_SELECTED,20260702LTOB0,20260702,1.0,0.5260608868379574,0.5649399598654727,0.4809006065094227,0.5310638641247516
CV_SELECTED,20260702SKHT0,20260702,1.0,0.5747126545737603,0.6722381450624088,0.4995829150611288,0.614453777153374
CV_SELECTED,20260702SSNC0,20260702,0.0,0.4452389827688746,0.37282608663126726,0.5007651247387389,0.4169239149896628
CV_SELECTED,20260703HHLG0,20260703,0.0,0.5132612059159982,0.5333016255765615,0.43176856243062006,0.4603536117374831
CV_SELECTED,20260703LTKT0,20260703,0.0,0.5023425946730898,0.5194675396937103,0.4125666558537825,0.4465962299356565
CV_SELECTED,20260703NCHT0,20260703,0.0,0.5354834188511366,0.4767354845568674,0.5313507489985101,0.48109810894500177
CV_SELECTED,20260703OBWO0,20260703,1.0,0.4504060419988921,0.39467609620083044,0.41558193810544297,0.36278393596853575
CV_SELECTED,20260703SSSK0,20260703,0.0,0.39616754623798645,0.32996167068584975,0.4457829770702829,0.37262549539461753
CV_SELECTED,20260704HHLG0,20260704,1.0,0.4985296439374356,0.4611936039924357,0.48557724186163564,0.4553988504443269
CV_SELECTED,20260704LTKT0,20260704,0.0,0.49616919412568183,0.5489974399483976,0.4087004051205321,0.47550905879030736
CV_SELECTED,20260704NCHT0,20260704,0.0,0.5152748108824592,0.41288683997168657,0.5504421757628931,0.45137118541652443
CV_SELECTED,20260704OBWO0,20260704,0.0,0.4610864347529029,0.46783580990033224,0.4368756146391163,0.4409927150933872
CV_SELECTED,20260704SSSK0,20260704,0.0,0.4011919872608946,0.4087724674087051,0.3927053208711997,0.3977468100942309
CV_SELECTED,20260705LTKT0,20260705,1.0,0.48171040708323587,0.45199328454734344,0.4655480659717243,0.4410762230605157
CV_SELECTED,20260705OBWO0,20260705,0.0,0.45537424246030994,0.3439477748946521,0.43402972275621243,0.32669424399851327
CV_SELECTED,20260705SSSK0,20260705,0.0,0.3927513007576563,0.3877574717364846,0.49959961723380997,0.4780942227928873
CV_SELECTED,20260707HTLT0,20260707,1.0,0.5179080008497601,0.6050582478846529,0.5064174942330347,0.5908081837326065
CV_SELECTED,20260707LGSS0,20260707,1.0,0.5470794315099037,0.5719693489265606,0.4812396264089802,0.5121167440986109
CV_SELECTED,20260707NCHH0,20260707,0.0,0.5342842240602375,0.4650977240008732,0.5941285198908188,0.5315700580179182
CV_SELECTED,20260707SKOB0,20260707,0.0,0.595831146213853,0.6501319686826657,0.5170605181569645,0.5792039639353342
CV_SELECTED,20260707WOKT0,20260707,1.0,0.5401950437133867,0.5836161167396366,0.5029822739835568,0.554067121693502
CV_SELECTED,20260708HTLT0,20260708,1.0,0.5187385714608947,0.43234976994379537,0.5205833136474086,0.4329249978746413
CV_SELECTED,20260708LGSS0,20260708,0.0,0.5528981982529789,0.46168871112371906,0.5189825746046879,0.4300844777001074
CV_SELECTED,20260708SKOB0,20260708,1.0,0.5896982491021376,0.7496431348768506,0.5437595954236903,0.7101081792032818
CV_SELECTED,20260708WOKT0,20260708,1.0,0.5479814131813537,0.5020029701981253,0.5454610448114885,0.5090324602848499
CV_SELECTED,20260709HTLT0,20260709,0.0,0.533901516178952,0.509792596895419,0.5109983852814259,0.4908162925410294
CV_SELECTED,20260709LGSS0,20260709,1.0,0.5381140870878008,0.5382290012624247,0.4718505299117908,0.47675296670827944
CV_SELECTED,20260709NCHH0,20260709,1.0,0.5312251319664559,0.5257537389140277,0.5816282781417588,0.5841171914531943
CV_SELECTED,20260709SKOB0,20260709,1.0,0.5864475374794628,0.6562463582603192,0.561354500651096,0.6290037754449824
BEST_DEVELOPMENT,20260328HTSK0,20260328,1.0,0.7917779433403395,0.7384886565285212,0.7721227163333588,0.7238917840216756
BEST_DEVELOPMENT,20260328KTLG0,20260328,0.0,0.7917779433403395,0.834583541590761,0.8046352788365732,0.8442363823648883
BEST_DEVELOPMENT,20260328LTSS0,20260328,0.0,0.7917779433403395,0.831523510191666,0.8161967988682519,0.8484827071392604
BEST_DEVELOPMENT,20260328OBNC0,20260328,1.0,0.7917779433403395,0.7663252747599512,0.7959273890972108,0.7715027324931079
BEST_DEVELOPMENT,20260328WOHH0,20260328,1.0,0.7917779433403395,0.6858741641095621,0.8128419654518224,0.7080004033426025
BEST_DEVELOPMENT,20260329HTSK0,20260329,1.0,0.667987439343861,0.7222404196490327,0.6816128577309604,0.6891710237602758
BEST_DEVELOPMENT,20260329KTLG0,20260329,0.0,0.46729554818235747,0.46520561839652513,0.42281693509364465,0.3912098243903308
BEST_DEVELOPMENT,20260329LTSS0,20260329,0.0,0.5050025893774375,0.5121912414761651,0.5459148418748377,0.5356744703200196
BEST_DEVELOPMENT,20260329OBNC0,20260329,0.0,0.6183911651229361,0.588286812044494,0.6906773764584294,0.6429978912486654
BEST_DEVELOPMENT,20260329WOHH0,20260329,1.0,0.5531413280888655,0.5491398151528744,0.658702803183309,0.6263952121783509
BEST_DEVELOPMENT,20260331HTLG0,20260331,0.0,0.5983385919138199,0.5955833687625806,0.6814351597456054,0.6602840729565105
BEST_DEVELOPMENT,20260331KTHH0,20260331,0.0,0.5117309369015658,0.5418521094089109,0.5094138553885166,0.5318170274561184
BEST_DEVELOPMENT,20260331LTNC0,20260331,1.0,0.4634451286517444,0.47657062460018407,0.5146534572497145,0.5380054638726238
BEST_DEVELOPMENT,20260331WOSK0,20260331,1.0,0.617705495147069,0.6259036419580695,0.7924449664196348,0.7862804180029958
BEST_DEVELOPMENT,20260401HTLG0,20260401,1.0,0.5731252221433556,0.6066627587142484,0.6626296912711158,0.674891887538269
BEST_DEVELOPMENT,20260401KTHH0,20260401,0.0,0.45511672034194645,0.46643966702432715,0.44308898435547983,0.4464512168773714
BEST_DEVELOPMENT,20260401LTNC0,20260401,1.0,0.5528921620677023,0.5314068120457982,0.5410568647292802,0.5143644864642055
BEST_DEVELOPMENT,20260401OBSS0,20260401,1.0,0.5098008675957691,0.44518804454429234,0.512639057736617,0.43902741115028643
BEST_DEVELOPMENT,20260401WOSK0,20260401,0.0,0.6498673445419818,0.6452538963613125,0.7446907518006621,0.7185040668647223
BEST_DEVELOPMENT,20260402HTLG0,20260402,1.0,0.5893668268467682,0.7175622600245114,0.6922510841963716,0.7815394250872137
BEST_DEVELOPMENT,20260402KTHH0,20260402,0.0,0.4230436458353611,0.523740615238901,0.4057994924081945,0.49730287500135034
BEST_DEVELOPMENT,20260402LTNC0,20260402,1.0,0.5460455014917458,0.7306942524540281,0.4667563725674826,0.6478528109925166
BEST_DEVELOPMENT,20260402OBSS0,20260402,1.0,0.596213464486191,0.5708739173145994,0.6450189573548185,0.6027576493114096
BEST_DEVELOPMENT,20260402WOSK0,20260402,1.0,0.5566782180515365,0.6027511753304096,0.6557654084033531,0.6712806307635177
BEST_DEVELOPMENT,20260403HHOB0,20260403,0.0,0.5790189147965055,0.5454158885824395,0.6717289750901709,0.6276111182403689
BEST_DEVELOPMENT,20260403LGWO0,20260403,1.0,0.40352042837599944,0.44069326733997083,0.2967838898697987,0.349066339150151
BEST_DEVELOPMENT,20260403NCHT0,20260403,0.0,0.44066054760790124,0.5473180665828997,0.41563683012511615,0.5282212446871051
BEST_DEVELOPMENT,20260403SKLT0,20260403,0.0,0.4655730972752673,0.42818411635189046,0.4532830240491987,0.4191663102189335
BEST_DEVELOPMENT,20260403SSKT0,20260403,0.0,0.4304503798606689,0.33177379731842743,0.29785992196779,0.2362558930019443
BEST_DEVELOPMENT,20260404HHOB0,20260404,0.0,0.5180008290566306,0.5234941696438972,0.5889752256554356,0.5836783743316937
BEST_DEVELOPMENT,20260404LGWO0,20260404,0.0,0.42321189371250334,0.38689680845740715,0.29635505082929753,0.28758309162072704
BEST_DEVELOPMENT,20260404NCHT0,20260404,0.0,0.4387144108781502,0.3189466017947952,0.6381294502219947,0.5316600953765576
BEST_DEVELOPMENT,20260404SKLT0,20260404,0.0,0.3737318507842969,0.48702912306193225,0.40709464396878287,0.5130186195840074
BEST_DEVELOPMENT,20260404SSKT0,20260404,0.0,0.4469927404328154,0.5822073027751545,0.34325986247524254,0.4938695082854584
BEST_DEVELOPMENT,20260405HHOB0,20260405,1.0,0.48433072827342005,0.6890899178964489,0.5674072979887763,0.7389634376597874
BEST_DEVELOPMENT,20260405LGWO0,20260405,0.0,0.4113126226673733,0.39697622670356353,0.28976691288119,0.29863657835240714
BEST_DEVELOPMENT,20260405NCHT0,20260405,1.0,0.4163760108236186,0.5157824215058953,0.3990844818912637,0.5035793471841905
BEST_DEVELOPMENT,20260405SKLT0,20260405,0.0,0.3928215481849612,0.4490433064045377,0.4117174004453815,0.4652381711192079
BEST_DEVELOPMENT,20260405SSKT0,20260405,1.0,0.44996629987901365,0.460230357144372,0.38350571506600545,0.4035787073525756
BEST_DEVELOPMENT,20260407HHSK0,20260407,0.0,0.6478988736015345,0.5627999159373098,0.7199979170751538,0.629590304005775
BEST_DEVELOPMENT,20260407KTLT0,20260407,0.0,0.4555952104306483,0.39172511588686393,0.5444661927582359,0.4605796643235147
BEST_DEVELOPMENT,20260407LGNC0,20260407,0.0,0.5333436311923055,0.5072197419826524,0.47793949054985274,0.4632563660783388
BEST_DEVELOPMENT,20260407SSHT0,20260407,0.0,0.43125885332509023,0.5098263460850031,0.3866508724958098,0.47239899783258993
BEST_DEVELOPMENT,20260407WOOB0,20260407,0.0,0.49602115449567885,0.4891168464687231,0.4927844860651181,0.48737209288409594
BEST_DEVELOPMENT,20260408HHSK0,20260408,0.0,0.6188132178352138,0.4907549354687835,0.6679090391731503,0.5368283445071553
BEST_DEVELOPMENT,20260408KTLT0,20260408,1.0,0.4396220323515952,0.28290311925326017,0.5084282489200351,0.3296102575739235
BEST_DEVELOPMENT,20260408LGNC0,20260408,0.0,0.5211661670527868,0.3900870781973389,0.47530264744385714,0.3552579367824269
BEST_DEVELOPMENT,20260408SSHT0,20260408,1.0,0.3905497060683447,0.40844108456211653,0.35180339127961907,0.37667527597976663
BEST_DEVELOPMENT,20260408WOOB0,20260408,1.0,0.4810497642021752,0.7185970076459383,0.5261895604849242,0.7397061263664692
BEST_DEVELOPMENT,20260410HTHH0,20260410,0.0,0.4854325999640449,0.40003956706529986,0.4211862609580247,0.3508367366266135
BEST_DEVELOPMENT,20260410LTWO0,20260410,0.0,0.5099132318524929,0.6367779893945504,0.511239947610444,0.6376572629781656
BEST_DEVELOPMENT,20260410NCSS0,20260410,1.0,0.5178108885415209,0.5928606969667245,0.6628882116498984,0.7282402381913247
BEST_DEVELOPMENT,20260410OBKT0,20260410,0.0,0.56640427934308,0.5262179313142177,0.516304941939889,0.4885211409574096
BEST_DEVELOPMENT,20260410SKLG0,20260410,1.0,0.4822353408062278,0.5314252917572998,0.5336738317278962,0.5733294114475989
BEST_DEVELOPMENT,20260411HTHH0,20260411,0.0,0.48644864603662136,0.6569058197328066,0.43053990087570215,0.6153889060829257
BEST_DEVELOPMENT,20260411LTWO0,20260411,0.0,0.505787379369396,0.5051131436801742,0.5077614583912684,0.5068266150022283
BEST_DEVELOPMENT,20260411NCSS0,20260411,1.0,0.5232517376417898,0.5277919557694459,0.6001678009569826,0.5845470452130632
BEST_DEVELOPMENT,20260411OBKT0,20260411,1.0,0.5689094660756209,0.5387309416054807,0.568005561601616,0.5372094344605122
BEST_DEVELOPMENT,20260411SKLG0,20260411,1.0,0.5133904178440601,0.6611421461737073,0.5196210783492147,0.668428872053841
BEST_DEVELOPMENT,20260412HTHH0,20260412,0.0,0.4761177176534375,0.405821425796682,0.42902499316681525,0.3600124642686241
BEST_DEVELOPMENT,20260412LTWO0,20260412,1.0,0.4938176823540721,0.48675534209826143,0.5269807538537309,0.5369715598097425
BEST_DEVELOPMENT,20260412NCSS0,20260412,1.0,0.5216782055049011,0.582214329535133,0.6122092686029834,0.6421440337223021
BEST_DEVELOPMENT,20260412OBKT0,20260412,1.0,0.5639585217116305,0.5456436206577051,0.5258939148368666,0.5156326557195298
BEST_DEVELOPMENT,20260412SKLG0,20260412,1.0,0.5173811462921143,0.5421326055881437,0.47450038368015024,0.481953233647796
BEST_DEVELOPMENT,20260414KTNC0,20260414,1.0,0.512532833392419,0.4306083131011972,0.5611063481479166,0.4720169513725278
BEST_DEVELOPMENT,20260414LTLG0,20260414,1.0,0.5730493123155863,0.5619511985663367,0.5842521828037597,0.569493903541815
BEST_DEVELOPMENT,20260414OBSK0,20260414,0.0,0.5801187973216237,0.5756147627102454,0.5961748967113324,0.5912703728885229
BEST_DEVELOPMENT,20260414SSHH0,20260414,0.0,0.40080460054229894,0.4820878604019228,0.3226409095042355,0.4154159703859555
BEST_DEVELOPMENT,20260414WOHT0,20260414,1.0,0.5237335478908296,0.5053047540185382,0.5558136517189611,0.528708865389572
BEST_DEVELOPMENT,20260415KTNC0,20260415,0.0,0.5171950553673861,0.4445478486725574,0.554244665908327,0.47686522038434076
BEST_DEVELOPMENT,20260415LTLG0,20260415,0.0,0.5695882783874898,0.7240800424094775,0.5546202037136043,0.715102694142924
BEST_DEVELOPMENT,20260415OBSK0,20260415,1.0,0.5465368993541793,0.5271670522236946,0.5806968579384173,0.5476689551197305
BEST_DEVELOPMENT,20260415SSHH0,20260415,0.0,0.3955058094999957,0.46342701835466404,0.3375486525784281,0.41289029514679754
BEST_DEVELOPMENT,20260415WOHT0,20260415,1.0,0.5307431242145191,0.6612976093303956,0.5724339721081223,0.6880854968412472
BEST_DEVELOPMENT,20260416KTNC0,20260416,0.0,0.49212583704902024,0.49692168072971493,0.5946267126546779,0.5786030888018682
BEST_DEVELOPMENT,20260416LTLG0,20260416,1.0,0.5593042354244938,0.6304524184668633,0.5728880103620398,0.6398720984804346
BEST_DEVELOPMENT,20260416OBSK0,20260416,1.0,0.5618492492532323,0.5552040745425424,0.5852901512702896,0.5760727517229932
BEST_DEVELOPMENT,20260416SSHH0,20260416,0.0,0.37765019386609977,0.35677569720615065,0.2973491146791233,0.29369570176881254
BEST_DEVELOPMENT,20260416WOHT0,20260416,1.0,0.5310779071728342,0.5007752169900735,0.5463916201663099,0.5113287389730616
BEST_DEVELOPMENT,20260417HTOB0,20260417,0.0,0.456944447647753,0.697273749937985,0.4226552344207864,0.6506476883118173
BEST_DEVELOPMENT,20260417WOKT0,20260417,1.0,0.5567288100674286,0.5956403199419653,0.42578544799125295,0.46359448605358256
BEST_DEVELOPMENT,20260418HHLT0,20260418,0.0,0.5778022574132345,0.5278283298624016,0.6322786002818429,0.5784595880983006
BEST_DEVELOPMENT,20260418HTOB0,20260418,1.0,0.451995934052343,0.3923133431404825,0.5019419615483737,0.430180571637779
BEST_DEVELOPMENT,20260418LGSS0,20260418,1.0,0.5196119541611238,0.43251619971783667,0.5625905298856099,0.4964713468776985
BEST_DEVELOPMENT,20260418SKNC0,20260418,0.0,0.5026579903155177,0.5636137100971597,0.5066897471506623,0.5673950330666804
BEST_DEVELOPMENT,20260418WOKT0,20260418,1.0,0.5639589339566818,0.5902421641155344,0.48610722298910186,0.5265798370992417
BEST_DEVELOPMENT,20260419HHLT0,20260419,0.0,0.5591301992177604,0.59121135515821,0.6044741315755295,0.6342749185173759
BEST_DEVELOPMENT,20260419HTOB0,20260419,1.0,0.4585198319227128,0.4421569298843577,0.5105126772716331,0.4842319095833891
BEST_DEVELOPMENT,20260419LGSS0,20260419,0.0,0.5273594996311695,0.5094571107382717,0.47885306808322664,0.471717351373607
BEST_DEVELOPMENT,20260419SKNC0,20260419,1.0,0.4730607294298853,0.5411174533108346,0.5057879227272611,0.5566767598089978
BEST_DEVELOPMENT,20260419WOKT0,20260419,0.0,0.5702146709272883,0.6259246658958547,0.4515335486289223,0.5069225702365123
BEST_DEVELOPMENT,20260421HHLG0,20260421,1.0,0.610864146862314,0.5768896153435971,0.6449520963636187,0.6090320928203918
BEST_DEVELOPMENT,20260421HTKT0,20260421,1.0,0.5340075321640398,0.6397340970289771,0.5735231141104472,0.6992344738531769
BEST_DEVELOPMENT,20260421NCWO0,20260421,1.0,0.48795500451388824,0.4937712381009695,0.4585333707028183,0.46571104840956995
BEST_DEVELOPMENT,20260421OBLT0,20260421,0.0,0.5075617347401306,0.5641186490867541,0.5044298097222574,0.556210938317204
BEST_DEVELOPMENT,20260421SKSS0,20260421,0.0,0.5568159760513519,0.5063916191787865,0.5535339475544633,0.5012833960234047
BEST_DEVELOPMENT,20260422HHLG0,20260422,1.0,0.6028173907045088,0.6049036578527457,0.6332462907087909,0.6334369450526459
BEST_DEVELOPMENT,20260422HTKT0,20260422,1.0,0.5350708776668099,0.43329601540436125,0.4629792857167223,0.3785341253280284
BEST_DEVELOPMENT,20260422NCWO0,20260422,1.0,0.4931005519687005,0.6446516416531965,0.5798836162833726,0.7308691926240026
BEST_DEVELOPMENT,20260422OBLT0,20260422,0.0,0.4949972585321471,0.35210906217542726,0.4880487768117146,0.3509142294123011
BEST_DEVELOPMENT,20260422SKSS0,20260422,0.0,0.547498894551373,0.6776990576453981,0.5398851938963038,0.6719835491537521
BEST_DEVELOPMENT,20260423HHLG0,20260423,0.0,0.6038424994117172,0.6596948899487606,0.6476734464353654,0.6884327173795315
BEST_DEVELOPMENT,20260423HTKT0,20260423,1.0,0.5469533467212196,0.7426011269412108,0.5069262919454733,0.7208998435974828
BEST_DEVELOPMENT,20260423NCWO0,20260423,0.0,0.5084704615171136,0.4008318313821597,0.44848644710586155,0.3494318481414725
BEST_DEVELOPMENT,20260423OBLT0,20260423,1.0,0.4705992037573956,0.3713806449077024,0.4746887505457647,0.37931595673045804
BEST_DEVELOPMENT,20260423SKSS0,20260423,0.0,0.5379277579707633,0.47644624460382984,0.5845591741186705,0.510064716808877
BEST_DEVELOPMENT,20260424KTSK0,20260424,1.0,0.48600304328329397,0.3743362266477209,0.5457667002354811,0.4224303729753444
BEST_DEVELOPMENT,20260424LGOB0,20260424,0.0,0.4470599148709688,0.4210937008657987,0.42918981042952803,0.40721365118716474
BEST_DEVELOPMENT,20260424LTHT0,20260424,1.0,0.5499289004959994,0.59578521337943,0.5600936215222946,0.6021794636028642
BEST_DEVELOPMENT,20260424NCHH0,20260424,0.0,0.46545344382381665,0.555464479745119,0.37931095165735645,0.48592245693650327
BEST_DEVELOPMENT,20260424SSWO0,20260424,1.0,0.45735759408203397,0.5498029781934546,0.4055974230794096,0.5159467146598654
BEST_DEVELOPMENT,20260425KTSK0,20260425,1.0,0.49828981488489943,0.40805186693956447,0.5466026835852269,0.4461435692560064
BEST_DEVELOPMENT,20260425LGOB0,20260425,0.0,0.43762939008318696,0.3933317558512876,0.43758041890111843,0.39276305471988593
BEST_DEVELOPMENT,20260425LTHT0,20260425,1.0,0.5605076904486953,0.5234111641541187,0.5696501332800236,0.5281817666688365
BEST_DEVELOPMENT,20260425NCHH0,20260425,1.0,0.4471374596712574,0.442818232950134,0.4095830674746349,0.4115661517371397
BEST_DEVELOPMENT,20260425SSWO0,20260425,1.0,0.4656365678966442,0.4408160757461592,0.3900734195384677,0.3846331456171815
BEST_DEVELOPMENT,20260426KTSK0,20260426,0.0,0.49416151768264127,0.443806837964648,0.521419319158477,0.466112566191124
BEST_DEVELOPMENT,20260426LGOB0,20260426,1.0,0.4395530237684475,0.411519786135455,0.5782817788170617,0.5541349010192949
BEST_DEVELOPMENT,20260426NCHH0,20260426,0.0,0.47516518284637393,0.4761379629336211,0.4036547747852857,0.4189808534147584
BEST_DEVELOPMENT,20260426SSWO0,20260426,1.0,0.4754969032459341,0.5267972198202805,0.4900477664195791,0.5674581243976274
BEST_DEVELOPMENT,20260428HTNC0,20260428,1.0,0.5097109911438948,0.36473474317640225,0.5879930909788846,0.4526108692730697
BEST_DEVELOPMENT,20260428LGKT0,20260428,1.0,0.5317872678565383,0.44689692443810813,0.45619475300780066,0.390370173647923
BEST_DEVELOPMENT,20260428SKHH0,20260428,1.0,0.464103593705286,0.5548880755183684,0.45355047556984485,0.5430749519104925
BEST_DEVELOPMENT,20260428SSOB0,20260428,0.0,0.470501814635405,0.42796970548006713,0.4678097768557633,0.4271286705054315
BEST_DEVELOPMENT,20260428WOLT0,20260428,1.0,0.4592488835575493,0.2570692361241152,0.4366847057983507,0.24609351918218456
BEST_DEVELOPMENT,20260429HTNC0,20260429,0.0,0.5132850412778917,0.6376307150089325,0.5203317170918795,0.6438164263918895
BEST_DEVELOPMENT,20260429LGKT0,20260429,1.0,0.5396129195360925,0.6513403978738735,0.46571616011259087,0.5960667659985047
BEST_DEVELOPMENT,20260429SKHH0,20260429,0.0,0.4813227501335529,0.3735704322438872,0.3848688108187401,0.284307617480581
BEST_DEVELOPMENT,20260429SSOB0,20260429,1.0,0.482747225641735,0.5838753035545627,0.5446098087993873,0.6379737817854135
BEST_DEVELOPMENT,20260429WOLT0,20260429,0.0,0.4670426065142186,0.4838248682748607,0.47383021841156475,0.4904016528412221
BEST_DEVELOPMENT,20260430HTNC0,20260430,1.0,0.49326359354096366,0.36863172849170134,0.4946764643949548,0.36744110774049615
BEST_DEVELOPMENT,20260430LGKT0,20260430,0.0,0.548568917227016,0.5107098570985519,0.48438374915232846,0.4629817897655298
BEST_DEVELOPMENT,20260430SKHH0,20260430,0.0,0.47457210970567404,0.6009970402423214,0.44905239751761306,0.584162661126403
BEST_DEVELOPMENT,20260430SSOB0,20260430,1.0,0.49768576713043805,0.5709753374160147,0.5297495453089951,0.5997362933543123
BEST_DEVELOPMENT,20260430WOLT0,20260430,1.0,0.4681944615847257,0.4965785050147234,0.4736060005717921,0.5029913142759839
BEST_DEVELOPMENT,20260501HHSS0,20260501,1.0,0.5496271513232264,0.5735036983726172,0.5916889587761764,0.6036226372262361
BEST_DEVELOPMENT,20260501KTHT0,20260501,0.0,0.45326641797083567,0.3999561890269939,0.5273183884651119,0.45950531848551357
BEST_DEVELOPMENT,20260501LTSK0,20260501,0.0,0.557714621473334,0.4897663494802062,0.538220143203798,0.46886211762849533
BEST_DEVELOPMENT,20260501NCLG0,20260501,1.0,0.5289784705360383,0.5401162224789142,0.5165344827629329,0.5330914867647024
BEST_DEVELOPMENT,20260501OBWO0,20260501,0.0,0.5078609748624346,0.5181294210901453,0.5088109191274006,0.5510740053815593
BEST_DEVELOPMENT,20260502HHSS0,20260502,0.0,0.5498296396731488,0.48489711912930294,0.5984806238147982,0.5219735087702452
BEST_DEVELOPMENT,20260502KTHT0,20260502,1.0,0.45855934816894145,0.3618887100447302,0.4838317217375885,0.3802755825972548
BEST_DEVELOPMENT,20260502LTSK0,20260502,0.0,0.5346056761324913,0.49113394279530376,0.528321951553255,0.47992426792522186
BEST_DEVELOPMENT,20260502NCLG0,20260502,1.0,0.5400284906894419,0.5420186903095285,0.5130770799330855,0.5233003372102899
BEST_DEVELOPMENT,20260502OBWO0,20260502,1.0,0.47158918639409614,0.456333248447967,0.40135385398955203,0.40007028436593384
BEST_DEVELOPMENT,20260503HHSS0,20260503,1.0,0.5206377171100769,0.5912279573290463,0.5871057115845129,0.6397911943253347
BEST_DEVELOPMENT,20260503KTHT0,20260503,0.0,0.4678345983492678,0.5515326207342679,0.5080317967246315,0.582038724451553
BEST_DEVELOPMENT,20260503LTSK0,20260503,0.0,0.5175377561745983,0.5987312668979999,0.4750449469402308,0.551008896027404
BEST_DEVELOPMENT,20260503NCLG0,20260503,0.0,0.562013180983816,0.6057589351631103,0.5511584030585058,0.5944203878384254
BEST_DEVELOPMENT,20260503OBWO0,20260503,0.0,0.47682460981231556,0.40557051991142223,0.389902581682727,0.3417890521773306
BEST_DEVELOPMENT,20260505HHHT0,20260505,1.0,0.5594941580930533,0.48999584126309104,0.6756595760179807,0.6072182277896103
BEST_DEVELOPMENT,20260505LTKT0,20260505,1.0,0.5786456343591707,0.6597573876759588,0.4568725735440353,0.5393343452707947
BEST_DEVELOPMENT,20260505OBLG0,20260505,1.0,0.5003232333721289,0.4721841796310913,0.4759953504621928,0.4541224882942296
BEST_DEVELOPMENT,20260505WOSS0,20260505,1.0,0.5294223168980824,0.5379827679978252,0.595671108239352,0.5849603033817311
BEST_DEVELOPMENT,20260506HHHT0,20260506,0.0,0.5734124123990899,0.5738661722285932,0.6257636231156269,0.6155325208605089
BEST_DEVELOPMENT,20260506LTKT0,20260506,0.0,0.5820991025769321,0.5344474623171083,0.5379374472960955,0.5022711752698509
BEST_DEVELOPMENT,20260506NCSK0,20260506,1.0,0.49788467565158734,0.47103607549130433,0.46619507151323747,0.43067750471693983
BEST_DEVELOPMENT,20260506OBLG0,20260506,1.0,0.5048164047193345,0.524225389385529,0.3893718417813694,0.40674060734637263
BEST_DEVELOPMENT,20260506WOSS0,20260506,1.0,0.5540946355928098,0.4869151902215396,0.6256008316126767,0.5391792569273735
BEST_DEVELOPMENT,20260507HHHT0,20260507,0.0,0.5539281961896567,0.6390776003159734,0.56841487869915,0.6366755066108992
BEST_DEVELOPMENT,20260507NCSK0,20260507,0.0,0.5078950117130229,0.5005830954599492,0.4532448482272177,0.45958878877696113
BEST_DEVELOPMENT,20260507OBLG0,20260507,0.0,0.5158052692593917,0.5400312297308119,0.4630391637456342,0.49817316295838876
BEST_DEVELOPMENT,20260507WOSS0,20260507,1.0,0.5568469072072767,0.8078389074078542,0.7196965040515816,0.8889199555604939
BEST_DEVELOPMENT,20260508HTLT0,20260508,0.0,0.5045534970866523,0.5552526607049111,0.49923217306769196,0.5510272329098006
BEST_DEVELOPMENT,20260508KTWO0,20260508,0.0,0.39618752420846814,0.3664351901428702,0.4045033658499053,0.3730616349293248
BEST_DEVELOPMENT,20260508LGHH0,20260508,0.0,0.44274078034361053,0.31105208028981957,0.45313541841865734,0.3095117356977373
BEST_DEVELOPMENT,20260508SKOB0,20260508,0.0,0.550401311180759,0.5430138884588442,0.5608282578187282,0.5546120044535952
BEST_DEVELOPMENT,20260508SSNC0,20260508,0.0,0.502057255817503,0.42043630127674786,0.4924136611408897,0.4085950666859934
BEST_DEVELOPMENT,20260509HTLT0,20260509,0.0,0.48390383848976704,0.32664454003165655,0.48033967443665637,0.325420091715777
BEST_DEVELOPMENT,20260509LGHH0,20260509,1.0,0.44126614012169485,0.397599946678328,0.3656775756648931,0.3140635008517025
BEST_DEVELOPMENT,20260509SKOB0,20260509,1.0,0.5376488145285716,0.6575096591262664,0.5334566159067728,0.6484643665523903
BEST_DEVELOPMENT,20260509SSNC0,20260509,0.0,0.4979470379284173,0.35425122678978055,0.48651190268386046,0.3497530901804038
BEST_DEVELOPMENT,20260510HTLT0,20260510,1.0,0.4768766114758111,0.633451081558241,0.48686701990489795,0.6414414288029149
BEST_DEVELOPMENT,20260510KTWO0,20260510,1.0,0.37858874642669604,0.5020017532574853,0.35523173311192513,0.4632259366441256
BEST_DEVELOPMENT,20260510LGHH0,20260510,1.0,0.47406212691450045,0.39958710175187634,0.4635951776900328,0.3849406100805072
BEST_DEVELOPMENT,20260510SKOB0,20260510,1.0,0.5481898280081898,0.6843961511691553,0.5703398466540363,0.7012717237380579
BEST_DEVELOPMENT,20260510SSNC0,20260510,0.0,0.49442881157820123,0.4802779208646284,0.43196919355002955,0.43571102312504956
BEST_DEVELOPMENT,20260512HHWO0,20260512,0.0,0.4515306329451271,0.40017813182081075,0.4695974693846737,0.4154802900979552
BEST_DEVELOPMENT,20260512NCLT0,20260512,0.0,0.5035343052180037,0.49626223397167346,0.5072333719107153,0.49802135880904214
BEST_DEVELOPMENT,20260512OBHT0,20260512,0.0,0.47492110025159445,0.5425875466585451,0.47770440153006594,0.5432974443385734
BEST_DEVELOPMENT,20260512SKKT0,20260512,0.0,0.5641486238788342,0.6151284652014455,0.5259772242936305,0.5863555633488594
BEST_DEVELOPMENT,20260512SSLG0,20260512,0.0,0.4985123652079117,0.5672833861522361,0.5007119607932167,0.5746075698447333
BEST_DEVELOPMENT,20260513HHWO0,20260513,1.0,0.44476384263918634,0.2585060208675982,0.4157435775633201,0.24146167978424193
BEST_DEVELOPMENT,20260513NCLT0,20260513,1.0,0.48142322801758725,0.5403538454048837,0.49284736265705936,0.5515180929562348
BEST_DEVELOPMENT,20260513OBHT0,20260513,1.0,0.4679264753057426,0.697666536056414,0.4636308828753696,0.6821097682393852
BEST_DEVELOPMENT,20260513SKKT0,20260513,1.0,0.5532728968263517,0.5799397080462915,0.5213864849987996,0.5533386000550461
BEST_DEVELOPMENT,20260513SSLG0,20260513,1.0,0.4734024577845183,0.4542299965997022,0.4661375551500983,0.4565248712710797
BEST_DEVELOPMENT,20260514HHWO0,20260514,0.0,0.44870032489589384,0.5445047367138639,0.4339213919725317,0.5313314996558396
BEST_DEVELOPMENT,20260514NCLT0,20260514,0.0,0.4940863684838935,0.5249193690808864,0.5055656688093352,0.5359376991476908
BEST_DEVELOPMENT,20260514OBHT0,20260514,1.0,0.4884685169197062,0.4454310129900469,0.44913590245818763,0.40913928343822914
BEST_DEVELOPMENT,20260514SKKT0,20260514,0.0,0.5735582734107384,0.6041166829416819,0.5400759742384914,0.5774989281326929
BEST_DEVELOPMENT,20260514SSLG0,20260514,0.0,0.47631457369011065,0.5816236914496118,0.44103478129796037,0.5577891845194518
BEST_DEVELOPMENT,20260515HHKT0,20260515,0.0,0.5423672389616975,0.5706983938285574,0.5232806901639713,0.5594740401144064
BEST_DEVELOPMENT,20260515HTSS0,20260515,0.0,0.5111435557218944,0.5041077139747387,0.5350753127547414,0.5195900592495413
BEST_DEVELOPMENT,20260515LGSK0,20260515,0.0,0.4992543928652495,0.38489961979752335,0.4391456992811925,0.3184489105016736
BEST_DEVELOPMENT,20260515LTOB0,20260515,0.0,0.5517145896996178,0.658257373648017,0.5336173623239594,0.6495050931695151
BEST_DEVELOPMENT,20260515WONC0,20260515,0.0,0.5909122146985204,0.4212799470528403,0.6390339505816445,0.46585637531093144
BEST_DEVELOPMENT,20260516HHKT0,20260516,0.0,0.5370627223521028,0.4877223428936099,0.5301450808962781,0.4840549167137427
BEST_DEVELOPMENT,20260516HTSS0,20260516,1.0,0.49879830634705735,0.6350247243376448,0.46594603370295073,0.6091289380597965
BEST_DEVELOPMENT,20260516LGSK0,20260516,1.0,0.4914939195446494,0.4425414767408911,0.47186291114732043,0.425801099032674
BEST_DEVELOPMENT,20260516LTOB0,20260516,1.0,0.5366355968946536,0.6101203476079746,0.5196037377205232,0.6043300749932629
BEST_DEVELOPMENT,20260516WONC0,20260516,1.0,0.5793219958586995,0.574496080198765,0.6318069683686501,0.6098160891199975
BEST_DEVELOPMENT,20260517HHKT0,20260517,1.0,0.5204480643824708,0.4357822248801292,0.54731410972105,0.46126307604461975
BEST_DEVELOPMENT,20260517HTSS0,20260517,0.0,0.5132691045150605,0.5944110427153126,0.476805896681532,0.5601229907713713
BEST_DEVELOPMENT,20260517LGSK0,20260517,0.0,0.4876613964330319,0.36811211176861053,0.5414739386581113,0.41446768863260736
BEST_DEVELOPMENT,20260517LTOB0,20260517,1.0,0.5351274946664842,0.5474457657237188,0.48674517499346814,0.5113951627120389
BEST_DEVELOPMENT,20260517WONC0,20260517,0.0,0.5917386867854113,0.578144687061731,0.6012010314132776,0.5903033530944748
BEST_DEVELOPMENT,20260519KTSS0,20260519,1.0,0.5128752392301877,0.5428355341066622,0.5490341338274585,0.5691334285554409
BEST_DEVELOPMENT,20260519LGHT0,20260519,1.0,0.5448473280727416,0.5703315956315311,0.5659163964344983,0.5872309137389392
BEST_DEVELOPMENT,20260519LTHH0,20260519,0.0,0.513947557599807,0.4563855083023371,0.47652558629164643,0.4272606096581006
BEST_DEVELOPMENT,20260519NCOB0,20260519,1.0,0.5412840330948282,0.5334690133327713,0.555464234489825,0.5500430266284095
BEST_DEVELOPMENT,20260519SKWO0,20260519,1.0,0.4557651621992993,0.3163129263654414,0.4492056585542529,0.31204874348949985
BEST_DEVELOPMENT,20260520SKWO0,20260520,1.0,0.4642989208483289,0.47455896909085643,0.4850225839153054,0.4893047191998377
BEST_DEVELOPMENT,20260521KTSS0,20260521,1.0,0.5309733266172795,0.5760933127686931,0.5746203336796029,0.6095005754857786
BEST_DEVELOPMENT,20260521LGHT0,20260521,0.0,0.5809397331330197,0.5985577519504839,0.5591661811567649,0.5805922266680836
BEST_DEVELOPMENT,20260521LTHH0,20260521,0.0,0.4955102079032523,0.40031857087166944,0.46249985110193986,0.37794990253323973
BEST_DEVELOPMENT,20260521NCOB0,20260521,1.0,0.5574381201893922,0.5709680049168433,0.5343393836960943,0.5565242683551587
BEST_DEVELOPMENT,20260521SKWO0,20260521,1.0,0.4615725141712482,0.6290698679132941,0.4576624974661013,0.6202620229955331
BEST_DEVELOPMENT,20260522NCKT0,20260522,1.0,0.5170612654766891,0.7853626967511756,0.45918651945113537,0.7388450788461344
BEST_DEVELOPMENT,20260522OBHH0,20260522,1.0,0.44576447650914697,0.41002401202397254,0.4627020421754447,0.42231237918753667
BEST_DEVELOPMENT,20260522SKHT0,20260522,1.0,0.5848178190614005,0.6002057337968438,0.6018787440732368,0.6187564715445287
BEST_DEVELOPMENT,20260522SSLT0,20260522,0.0,0.48178498541778714,0.40271489031184565,0.48856716428269364,0.413434882220688
BEST_DEVELOPMENT,20260522WOLG0,20260522,0.0,0.5540923545932389,0.5072847175689017,0.5442595499587765,0.5000640411276022
BEST_DEVELOPMENT,20260523NCKT0,20260523,1.0,0.5269656262405744,0.5076429397559978,0.5050728932899112,0.48643263645502055
BEST_DEVELOPMENT,20260523OBHH0,20260523,1.0,0.45988955330723674,0.3512145362507672,0.42768998599600894,0.32917236816091683
BEST_DEVELOPMENT,20260523SKHT0,20260523,1.0,0.5929776536771818,0.6073996836845929,0.6076034888390152,0.6149849820087387
BEST_DEVELOPMENT,20260523SSLT0,20260523,1.0,0.4746766219073176,0.5254077203814803,0.44934606526135057,0.502248533642316
BEST_DEVELOPMENT,20260523WOLG0,20260523,1.0,0.5380468101215692,0.5831205651022101,0.6119058448957129,0.6474113642129837
BEST_DEVELOPMENT,20260524NCKT0,20260524,0.0,0.5293771283933442,0.4278781894465116,0.46789886606507197,0.3769160659580046
BEST_DEVELOPMENT,20260524OBHH0,20260524,1.0,0.4710550992763703,0.5263541586250731,0.4479970909464945,0.5064492974137283
BEST_DEVELOPMENT,20260524SKHT0,20260524,1.0,0.6009829070533096,0.6867808498660625,0.6357396679837123,0.7144646018675286
BEST_DEVELOPMENT,20260524SSLT0,20260524,0.0,0.482550088302363,0.5570668117700248,0.46946984816174864,0.5388858221241222
BEST_DEVELOPMENT,20260524WOLG0,20260524,1.0,0.5467737958894648,0.541564760484182,0.5877687736406672,0.58270877831393
BEST_DEVELOPMENT,20260526HTWO0,20260526,0.0,0.40277240812534354,0.5221136963133653,0.3830860360517922,0.5014285976176563
BEST_DEVELOPMENT,20260526KTOB0,20260526,0.0,0.5361739205300958,0.5014889721336603,0.5328625613488575,0.5041920666232436
BEST_DEVELOPMENT,20260526LGLT0,20260526,0.0,0.5171545938171777,0.5247754108881498,0.4899318335558162,0.4957768468635123
BEST_DEVELOPMENT,20260527HHNC0,20260527,1.0,0.48735077792648146,0.5219106059040556,0.5229013502655407,0.5484183924722419
BEST_DEVELOPMENT,20260527HTWO0,20260527,0.0,0.3892278474063433,0.4364992708149628,0.35608969191608103,0.40787693750769094
BEST_DEVELOPMENT,20260527KTOB0,20260527,1.0,0.5208817469481855,0.5038233624951087,0.5159812114229555,0.5065875504757519
BEST_DEVELOPMENT,20260527LGLT0,20260527,0.0,0.5101307414315921,0.47855736654388736,0.5014719346775715,0.46500873376241464
BEST_DEVELOPMENT,20260527SSSK0,20260527,0.0,0.4328400893777188,0.33198703164724197,0.4080085243356765,0.3220796181193512
BEST_DEVELOPMENT,20260528HHNC0,20260528,0.0,0.4906470945795539,0.2796280453213924,0.4659072356646641,0.26687685021480534
BEST_DEVELOPMENT,20260528HTWO0,20260528,0.0,0.3886860836177791,0.4433888070208287,0.32970482677559015,0.3928027318557919
BEST_DEVELOPMENT,20260528KTOB0,20260528,0.0,0.528633163997209,0.5132090671049705,0.5549359176589261,0.5414367175819107
BEST_DEVELOPMENT,20260528LGLT0,20260528,1.0,0.5056908890776086,0.4439051648025587,0.5007251964199522,0.4328317373456857
BEST_DEVELOPMENT,20260528SSSK0,20260528,0.0,0.43171101843495024,0.40265615502636665,0.43351680715862345,0.41429591367099994
BEST_DEVELOPMENT,20260529HTLG0,20260529,1.0,0.4296496018034761,0.6466560126626426,0.398844496246193,0.6272239935190033
BEST_DEVELOPMENT,20260529KTWO0,20260529,0.0,0.44643087815117,0.47692923456464315,0.5075679365123763,0.5524738297717503
BEST_DEVELOPMENT,20260529LTNC0,20260529,0.0,0.47500654993345826,0.44853333491139985,0.4842433020157763,0.46347237478759656
BEST_DEVELOPMENT,20260529OBSS0,20260529,0.0,0.5680943100199558,0.5196948503535606,0.5437516611937062,0.49405858763290295
BEST_DEVELOPMENT,20260529SKHH0,20260529,1.0,0.550226703988687,0.5878996381000153,0.5397702219079761,0.5812687911786338
BEST_DEVELOPMENT,20260530HTLG0,20260530,1.0,0.4458519338462042,0.36473531503686024,0.424059998239431,0.3533264952949181
BEST_DEVELOPMENT,20260530KTWO0,20260530,0.0,0.4269556453715813,0.338820889770558,0.49543520579319494,0.40200865572333183
BEST_DEVELOPMENT,20260530LTNC0,20260530,1.0,0.4616587245250613,0.6329468258564362,0.470767652456357,0.637581670488821
BEST_DEVELOPMENT,20260530OBSS0,20260530,0.0,0.5532872119734846,0.5289293008480995,0.563299840255572,0.5290613601125936
BEST_DEVELOPMENT,20260530SKHH0,20260530,1.0,0.5597498857146215,0.6770273794607623,0.49434290885203847,0.6275724907231824
BEST_DEVELOPMENT,20260531HTLG0,20260531,1.0,0.447436102147908,0.5078785093710262,0.44299615889589944,0.5040730011478094
BEST_DEVELOPMENT,20260531KTWO0,20260531,0.0,0.42266079299917947,0.4021744138844756,0.4106037388783278,0.38887597920202427
BEST_DEVELOPMENT,20260531LTNC0,20260531,1.0,0.48229178141757045,0.4228885153954991,0.44887856606949944,0.39766094703319055
BEST_DEVELOPMENT,20260531OBSS0,20260531,1.0,0.5405387068077208,0.47141623264882176,0.5471947823160066,0.4756976130008515
BEST_DEVELOPMENT,20260531SKHH0,20260531,1.0,0.5690694423974384,0.5759810693384197,0.5393478829482238,0.5500121567220767
BEST_DEVELOPMENT,20260602HHOB0,20260602,1.0,0.49414777119117137,0.5661980587143962,0.5056308461476828,0.5759833421451073
BEST_DEVELOPMENT,20260602LGKT0,20260602,0.0,0.5320713831910012,0.46494226705944264,0.49609661781339626,0.4318116398959932
BEST_DEVELOPMENT,20260602LTHT0,20260602,1.0,0.57735210251291,0.6339361650404193,0.6043169509098281,0.6593909008368573
BEST_DEVELOPMENT,20260602NCSS0,20260602,1.0,0.5780131422431806,0.6423577553807247,0.6080510764432921,0.6651021541741323
BEST_DEVELOPMENT,20260602WOSK0,20260602,0.0,0.5184637272350258,0.37103676621754006,0.6416938359956271,0.5080382916974615
BEST_DEVELOPMENT,20260603LGKT0,20260603,1.0,0.5103812323277926,0.5799798879978175,0.47859649679363625,0.5519438174565282
BEST_DEVELOPMENT,20260603LTHT0,20260603,0.0,0.5720747108422753,0.6126438549772161,0.5941496328433792,0.6167306259888524
BEST_DEVELOPMENT,20260603NCSS0,20260603,0.0,0.5866672526233085,0.7264730931734513,0.5936531779511476,0.7266041044893614
BEST_DEVELOPMENT,20260603WOSK0,20260603,1.0,0.49644689307535966,0.4243068037472037,0.553641908329851,0.4859117898201911
BEST_DEVELOPMENT,20260604HHOB0,20260604,1.0,0.48470860923086456,0.5662337292087877,0.5664807136926204,0.6061254891129144
BEST_DEVELOPMENT,20260604LGKT0,20260604,0.0,0.5030404021698541,0.4052975016337966,0.4608444535520124,0.3704728188417201
BEST_DEVELOPMENT,20260604LTHT0,20260604,1.0,0.5536296220230991,0.5045823316770587,0.5922189281436332,0.5404619552462994
BEST_DEVELOPMENT,20260604NCSS0,20260604,0.0,0.575037673168924,0.6066568471581218,0.5866525903689556,0.617638663871104
BEST_DEVELOPMENT,20260604WOSK0,20260604,1.0,0.5071819652691798,0.4288805672706529,0.549737326143621,0.472550310898383
BEST_DEVELOPMENT,20260605HHLT0,20260605,0.0,0.47214408995616103,0.3771700280922608,0.4976394588167178,0.39410379371167775
BEST_DEVELOPMENT,20260605KTSK0,20260605,1.0,0.4388760014274536,0.41892728170627586,0.47463115888960067,0.44228173902788226
BEST_DEVELOPMENT,20260605LGNC0,20260605,0.0,0.4743755708929009,0.586828054180398,0.4603439722761624,0.5674628530390717
BEST_DEVELOPMENT,20260605SSHT0,20260605,1.0,0.5234174953476931,0.6018357245573194,0.5281175070965568,0.6112901999162907
BEST_DEVELOPMENT,20260605WOOB0,20260605,1.0,0.5745770748036307,0.5564148643752445,0.5383722160994323,0.5353443256032595
BEST_DEVELOPMENT,20260606HHLT0,20260606,0.0,0.4574156712894286,0.3639415307121504,0.47958414908814195,0.3829761460769591
BEST_DEVELOPMENT,20260606KTSK0,20260606,0.0,0.44685783818047675,0.5185819422364154,0.42821458216573627,0.5016701041393782
BEST_DEVELOPMENT,20260606LGNC0,20260606,1.0,0.4635910578637718,0.41370470559841754,0.4615027632423865,0.411774453312405
BEST_DEVELOPMENT,20260606SSHT0,20260606,0.0,0.527639601592764,0.5126551965356744,0.5076278085337068,0.49474566920765295
BEST_DEVELOPMENT,20260606WOOB0,20260606,1.0,0.5762596494481725,0.5396690193040344,0.6177159679736244,0.5867135374272
BEST_DEVELOPMENT,20260607HHLT0,20260607,0.0,0.43718813057041017,0.5838865395992965,0.430968030587015,0.5670261389747977
BEST_DEVELOPMENT,20260607KTSK0,20260607,1.0,0.4504017352193405,0.38003253009054855,0.4362329672417254,0.36514308785775246
BEST_DEVELOPMENT,20260607LGNC0,20260607,1.0,0.47617204052080125,0.453879025945825,0.4734842090145414,0.4456484075761153
BEST_DEVELOPMENT,20260607SSHT0,20260607,1.0,0.513609975995365,0.6274121006999416,0.5302529731252005,0.6401601190060524
BEST_DEVELOPMENT,20260607WOOB0,20260607,0.0,0.5854017985959337,0.5075253353245037,0.6057355429487545,0.5427278148168171
BEST_DEVELOPMENT,20260609HTHH0,20260609,0.0,0.49694725954229096,0.5288442012537332,0.5020411023726468,0.5315889943664126
BEST_DEVELOPMENT,20260609NCWO0,20260609,1.0,0.45873019760012296,0.6813724994719552,0.3350228290718424,0.5781752228417533
BEST_DEVELOPMENT,20260609OBLT0,20260609,0.0,0.45741862089531155,0.41828843475766725,0.41387690932049437,0.37596209512597123
BEST_DEVELOPMENT,20260609SKLG0,20260609,1.0,0.5677032592479712,0.6786357825833091,0.5806303435988672,0.6792480934447341
BEST_DEVELOPMENT,20260609SSKT0,20260609,1.0,0.4806362197468356,0.5586835886900466,0.4345720786994615,0.5226813763978808
BEST_DEVELOPMENT,20260610HTHH0,20260610,1.0,0.48855167658267024,0.5259931372107387,0.5674641962764913,0.5946204154438686
BEST_DEVELOPMENT,20260610NCWO0,20260610,0.0,0.4819738778093931,0.48526582931375506,0.4095095472424117,0.4196568806499656
BEST_DEVELOPMENT,20260610OBLT0,20260610,1.0,0.45346183431696174,0.31822482175145633,0.4367251725336419,0.2991817957176198
BEST_DEVELOPMENT,20260610SKLG0,20260610,1.0,0.5756268960928579,0.6880692478664031,0.5816763853457765,0.6947405856824915
BEST_DEVELOPMENT,20260610SSKT0,20260610,1.0,0.4867307264833715,0.42276974110470666,0.4274308523215817,0.3759388581377368
BEST_DEVELOPMENT,20260611HTHH0,20260611,1.0,0.491882276551737,0.48511392265996245,0.452589231308599,0.45869597341926044
BEST_DEVELOPMENT,20260611NCWO0,20260611,0.0,0.4737590875747224,0.4551337299081891,0.4341421248218226,0.415095668458647
BEST_DEVELOPMENT,20260611OBLT0,20260611,0.0,0.46247316330013893,0.5696041011698377,0.43926227795812756,0.5275817753813524
BEST_DEVELOPMENT,20260611SKLG0,20260611,1.0,0.5835975536746769,0.5654302078622101,0.5552555667999776,0.5482793477013855
BEST_DEVELOPMENT,20260611SSKT0,20260611,0.0,0.4971370194688591,0.4896462606297824,0.468884900230023,0.4733554900629528
BEST_DEVELOPMENT,20260612HHWO0,20260612,1.0,0.4204356938511647,0.43931919711044065,0.35495835548496646,0.37960747088615926
BEST_DEVELOPMENT,20260612LTLG0,20260612,0.0,0.5813233225673426,0.6167012007902049,0.6034354004694308,0.6385963368041488
BEST_DEVELOPMENT,20260612NCKT0,20260612,1.0,0.5310370375725318,0.45831942064108233,0.5176747923513261,0.45267684174923584
BEST_DEVELOPMENT,20260612OBHT0,20260612,0.0,0.5279140764806418,0.48028483084690293,0.5384827647276981,0.4862655379362566
BEST_DEVELOPMENT,20260612SKSS0,20260612,0.0,0.605605842307204,0.5794349816337008,0.5825210756009672,0.5636252030615707
BEST_DEVELOPMENT,20260613HHWO0,20260613,1.0,0.4284468964444996,0.5960949161409019,0.46076498488716305,0.6329416138481033
BEST_DEVELOPMENT,20260613LTLG0,20260613,1.0,0.5759060337217512,0.6323890370140994,0.5600572413091425,0.6123904642142532
BEST_DEVELOPMENT,20260613NCKT0,20260613,1.0,0.5440295927645542,0.5853076006313095,0.5234085789001408,0.5720195779722831
BEST_DEVELOPMENT,20260613OBHT0,20260613,1.0,0.5145565331010151,0.5426069895874673,0.5419631013173484,0.5862574233946177
BEST_DEVELOPMENT,20260613SKSS0,20260613,1.0,0.6025063605417561,0.6840462960063337,0.5745912615506181,0.6612813297347389
BEST_DEVELOPMENT,20260614HHWO0,20260614,1.0,0.4331614432073542,0.4761307302568852,0.4074032928112925,0.45181668276870274
BEST_DEVELOPMENT,20260614LTLG0,20260614,1.0,0.5781665038977175,0.5787686473972495,0.5623436628484764,0.567871267029146
BEST_DEVELOPMENT,20260614OBHT0,20260614,0.0,0.5202554264137933,0.36876969638165685,0.5017781570982953,0.3606759627560104
BEST_DEVELOPMENT,20260614SKSS0,20260614,1.0,0.6064003444109105,0.6252398673136804,0.5671421107594976,0.5819389213120365
BEST_DEVELOPMENT,20260616HHNC0,20260616,1.0,0.4587294336358339,0.4510478522947525,0.4509660051269376,0.435071935648453
BEST_DEVELOPMENT,20260616KTOB0,20260616,0.0,0.5166781075583862,0.4332253591730353,0.4779366095944734,0.4064826928022184
BEST_DEVELOPMENT,20260616LGHT0,20260616,0.0,0.48675924375497737,0.36827612071171134,0.4294285609551543,0.3301399583636902
BEST_DEVELOPMENT,20260616LTSK0,20260616,0.0,0.4940652046446019,0.5095149562554614,0.527116689723823,0.5480065798447329
BEST_DEVELOPMENT,20260616WOSS0,20260616,1.0,0.5854133972522452,0.6065414686598978,0.6902257193072703,0.703713343787089
BEST_DEVELOPMENT,20260617HHNC0,20260617,1.0,0.45944836706406017,0.41556483325197446,0.48065578981126306,0.4305898456085207
BEST_DEVELOPMENT,20260617KTOB0,20260617,0.0,0.5117442850544868,0.4608711967113522,0.4940706878225946,0.45646141480164243
BEST_DEVELOPMENT,20260617LGHT0,20260617,1.0,0.4725905013935374,0.6337689743224626,0.4688621628973299,0.6188529120027575
BEST_DEVELOPMENT,20260617LTSK0,20260617,0.0,0.4758523428957113,0.39844989822432564,0.5281224334759475,0.43885369762618004
BEST_DEVELOPMENT,20260617WOSS0,20260617,1.0,0.587052215569049,0.557068194531702,0.6757610857861966,0.6370169203256223
BEST_DEVELOPMENT,20260618HHNC0,20260618,1.0,0.47339090948958695,0.47570543519529723,0.4344316490071164,0.4451006822358412
BEST_DEVELOPMENT,20260618KTOB0,20260618,1.0,0.49634632006069446,0.4125309150174156,0.5177723282582838,0.42891477447773074
BEST_DEVELOPMENT,20260618LGHT0,20260618,1.0,0.4835226073476997,0.4017557773760204,0.43941311459280713,0.3668657965428694
BEST_DEVELOPMENT,20260618WOSS0,20260618,1.0,0.5905863208154721,0.5532125007973377,0.6653891203867517,0.6262801032497872
BEST_DEVELOPMENT,20260619HTKT0,20260619,0.0,0.5219576829648956,0.4628606752945773,0.4978620398323441,0.44123155616310256
BEST_DEVELOPMENT,20260619LTWO0,20260619,0.0,0.500528277564315,0.6767983868536803,0.4314753512896519,0.6138942401522536
BEST_DEVELOPMENT,20260619OBLG0,20260619,1.0,0.5096629298507415,0.44232684021263347,0.5067211852506227,0.43843568128252297
BEST_DEVELOPMENT,20260619SKNC0,20260619,1.0,0.5784827997332015,0.5785022469681228,0.5214430710025254,0.5357963127054859
BEST_DEVELOPMENT,20260620HTKT0,20260620,1.0,0.5003436062481299,0.44508420466034826,0.4647950342627192,0.4122149923178912
BEST_DEVELOPMENT,20260620LTWO0,20260620,0.0,0.49840849421627914,0.5251426045581348,0.4262855376149837,0.46592979862518513
BEST_DEVELOPMENT,20260620OBLG0,20260620,1.0,0.5147837687694251,0.5066497753360824,0.5358291983556558,0.5273155176065791
BEST_DEVELOPMENT,20260620SKNC0,20260620,0.0,0.5842426604938947,0.5906723773114612,0.5308812759873396,0.5363547343062933
BEST_DEVELOPMENT,20260620SSHH0,20260620,1.0,0.482215929190869,0.5160444229179381,0.4647220293708511,0.4968218780941266
BEST_DEVELOPMENT,20260621HTKT0,20260621,0.0,0.5066806347071008,0.5749015603677831,0.48091669431019246,0.5436755767770514
BEST_DEVELOPMENT,20260621LTWO0,20260621,0.0,0.485772539325881,0.4639694380159502,0.4216972298736244,0.4107664752560367
BEST_DEVELOPMENT,20260621OBLG0,20260621,1.0,0.5140650179197412,0.4784567927605219,0.5304834713077092,0.4937368448686944
BEST_DEVELOPMENT,20260621SKNC0,20260621,0.0,0.556987953168588,0.4220033259489297,0.5470582757649727,0.42006831723699556
BEST_DEVELOPMENT,20260621SSHH0,20260621,0.0,0.500035232880545,0.5637681354826571,0.4803462328351026,0.5509641309888289
BEST_DEVELOPMENT,20260623HTWO0,20260623,0.0,0.4456424392503994,0.3934360600040314,0.3856422893579811,0.34009152719230534
BEST_DEVELOPMENT,20260623NCLT0,20260623,1.0,0.49329348818702734,0.4770460827313386,0.4560624002750297,0.43960861657768685
BEST_DEVELOPMENT,20260623OBHH0,20260623,1.0,0.5095372963635347,0.6335825715793136,0.5143618777060106,0.6382743134604755
BEST_DEVELOPMENT,20260623SKKT0,20260623,1.0,0.5559392435133588,0.675257495262712,0.5101817011792807,0.6438768681259329
BEST_DEVELOPMENT,20260623SSLG0,20260623,1.0,0.5012301380277236,0.4514794932397487,0.5004205449146288,0.4625694210831497
BEST_DEVELOPMENT,20260624HTWO0,20260624,0.0,0.43989504658563044,0.515701947075389,0.43059311780755044,0.503524302902126
BEST_DEVELOPMENT,20260624NCLT0,20260624,1.0,0.4997613765810919,0.47401299321146784,0.4729042780287299,0.45593928954062213
BEST_DEVELOPMENT,20260624OBHH0,20260624,0.0,0.5272303145227866,0.5074457305763412,0.5440086407764755,0.5250402066864361
BEST_DEVELOPMENT,20260624SKKT0,20260624,0.0,0.5666875505782473,0.5873639772240807,0.508955986657128,0.5321827571783644
BEST_DEVELOPMENT,20260624SSLG0,20260624,1.0,0.49876330951624204,0.5482014722017006,0.5064471545451764,0.5579611928652104
BEST_DEVELOPMENT,20260625HTWO0,20260625,0.0,0.42533938781213376,0.47264023722814014,0.3343247408837176,0.3766033467422254
BEST_DEVELOPMENT,20260625NCLT0,20260625,0.0,0.510969200643595,0.45338785401744963,0.47240596722091616,0.4309172925593102
BEST_DEVELOPMENT,20260625OBHH0,20260625,0.0,0.5115435590118914,0.43162853541187396,0.5573789812164448,0.48023214373496487
BEST_DEVELOPMENT,20260625SKKT0,20260625,1.0,0.5590520195627139,0.6655961539704385,0.47066783837625575,0.6047191346210891
BEST_DEVELOPMENT,20260625SSLG0,20260625,0.0,0.50417653368568,0.4096708866265514,0.4404006903505213,0.36317177823739133
BEST_DEVELOPMENT,20260626HHSK0,20260626,0.0,0.4271765447858507,0.42072900548895625,0.4329459005233644,0.43363375041059127
BEST_DEVELOPMENT,20260626HTOB0,20260626,1.0,0.5051817275244216,0.5773875081186546,0.4940839643679017,0.5587338946616359
BEST_DEVELOPMENT,20260626KTSS0,20260626,1.0,0.5604192542789603,0.4920695490270681,0.5648763752281504,0.5003737713606566
BEST_DEVELOPMENT,20260626LGLT0,20260626,1.0,0.4631069543310887,0.41748826747433654,0.4369737427750922,0.39509180972776947
BEST_DEVELOPMENT,20260626WONC0,20260626,1.0,0.5606859297799124,0.35981796424732687,0.641626612705699,0.4351109384592586
BEST_DEVELOPMENT,20260627HHSK0,20260627,0.0,0.4115528400343267,0.3824476473005217,0.3960348309043006,0.35912651651083405
BEST_DEVELOPMENT,20260627HTOB0,20260627,1.0,0.5097898159944129,0.612015909463841,0.48771246541902313,0.5808538989799513
BEST_DEVELOPMENT,20260627KTSS0,20260627,1.0,0.5806520794142465,0.6612030088345902,0.5788894489332108,0.6571223019719584
BEST_DEVELOPMENT,20260627LGLT0,20260627,0.0,0.470330963356248,0.3502216961867051,0.4427730708387763,0.32747145517798965
BEST_DEVELOPMENT,20260627WONC0,20260627,0.0,0.5808941333135185,0.5714064541911744,0.5700223555880156,0.5648440486885519
BEST_DEVELOPMENT,20260628HHSK0,20260628,0.0,0.4009849548233475,0.2740066437655487,0.4791934951391226,0.3307170322706559
BEST_DEVELOPMENT,20260628HTOB0,20260628,0.0,0.5323596051292113,0.6176174345887848,0.4817650972850355,0.5692576217852326
BEST_DEVELOPMENT,20260628KTSS0,20260628,1.0,0.5837979673864232,0.44283248776364675,0.6365890492745251,0.49490997458473707
BEST_DEVELOPMENT,20260628LGLT0,20260628,1.0,0.46281283814798163,0.5239489434659528,0.4624084570318881,0.5179430692592676
BEST_DEVELOPMENT,20260628WONC0,20260628,1.0,0.5666432038919663,0.570123951491148,0.5856235834430736,0.5911917117095767
BEST_DEVELOPMENT,20260630LGWO0,20260630,1.0,0.41889825657884683,0.40993654482775055,0.3593104562532163,0.3568987848753611
BEST_DEVELOPMENT,20260630LTOB0,20260630,1.0,0.5415114257206197,0.5268925048674048,0.5829522768405162,0.5692200204337811
BEST_DEVELOPMENT,20260630SKHT0,20260630,1.0,0.60804248988361,0.7126972308728624,0.5421367124069926,0.6681326303692671
BEST_DEVELOPMENT,20260630SSNC0,20260630,0.0,0.4413279509873416,0.47263522392807267,0.432906779174652,0.46291799234801334
BEST_DEVELOPMENT,20260701KTHH0,20260701,0.0,0.5584984740800751,0.429046827434807,0.6056818504049313,0.48066295061822645
BEST_DEVELOPMENT,20260701LGWO0,20260701,0.0,0.43079235236803437,0.6353701869596925,0.3998513307089588,0.5889496656750868
BEST_DEVELOPMENT,20260701LTOB0,20260701,0.0,0.538509804659398,0.5831462953086346,0.5725635547308735,0.6121015585218719
BEST_DEVELOPMENT,20260701SSNC0,20260701,1.0,0.42380576830738054,0.3543760274956754,0.4119523666900095,0.3430545474270881
BEST_DEVELOPMENT,20260702KTHH0,20260702,1.0,0.545033870848065,0.5085587859237155,0.6108551056439234,0.5674574108797859
BEST_DEVELOPMENT,20260702LGWO0,20260702,0.0,0.41985266710881836,0.38856038649333735,0.37347877778943134,0.34686603388523346
BEST_DEVELOPMENT,20260702LTOB0,20260702,1.0,0.5178316681085834,0.5528191888973808,0.4991677181499057,0.5457410591534939
BEST_DEVELOPMENT,20260702SKHT0,20260702,1.0,0.6117572586458196,0.6992994292784439,0.5408048314891584,0.6493348455234871
BEST_DEVELOPMENT,20260702SSNC0,20260702,0.0,0.4435005710459188,0.37535176702901524,0.4851271992903757,0.4137800956897732
BEST_DEVELOPMENT,20260703HHLG0,20260703,0.0,0.4925558889298323,0.5018900259338703,0.4373471342209284,0.4533801856312822
BEST_DEVELOPMENT,20260703LTKT0,20260703,0.0,0.4822783943000482,0.50462233530378,0.402562275866219,0.4468350026882674
BEST_DEVELOPMENT,20260703NCHT0,20260703,0.0,0.5496197598943546,0.4981849224092393,0.5635367663997475,0.5220830710324746
BEST_DEVELOPMENT,20260703OBWO0,20260703,1.0,0.4155461705272707,0.3769485212022941,0.3713973131905633,0.3365108413012794
BEST_DEVELOPMENT,20260703SSSK0,20260703,0.0,0.36284509649045704,0.31085070907462514,0.4062222158984261,0.3483035149652731
BEST_DEVELOPMENT,20260704HHLG0,20260704,1.0,0.4726738106693491,0.44529462958640265,0.48084697153522304,0.46136226037013167
BEST_DEVELOPMENT,20260704LTKT0,20260704,0.0,0.467701559767903,0.5159575342382382,0.41018477725723795,0.47483770169772005
BEST_DEVELOPMENT,20260704NCHT0,20260704,0.0,0.517752487363275,0.4172463058430287,0.5717518053548158,0.47496482258355266
BEST_DEVELOPMENT,20260704OBWO0,20260704,0.0,0.42943344522713195,0.4527839110463714,0.38170452789390263,0.4032806667042926
BEST_DEVELOPMENT,20260704SSSK0,20260704,0.0,0.3645600392629053,0.3757690887763392,0.3527546128923158,0.36109006885162204
BEST_DEVELOPMENT,20260705LTKT0,20260705,1.0,0.44518928472634034,0.41075725603466073,0.4574344764411788,0.4286903599429251
BEST_DEVELOPMENT,20260705OBWO0,20260705,0.0,0.42394379476917016,0.31590514558496774,0.3977640631609315,0.29276434555713066
BEST_DEVELOPMENT,20260705SSSK0,20260705,0.0,0.35197992536479344,0.3402725583525559,0.46239085976472416,0.42957243720628285
BEST_DEVELOPMENT,20260707HTLT0,20260707,1.0,0.5209892357699408,0.6037339295145526,0.49314794717674704,0.5714385661054481
BEST_DEVELOPMENT,20260707LGSS0,20260707,1.0,0.5702205970353258,0.5973157288559433,0.47954501018926177,0.5157359095862006
BEST_DEVELOPMENT,20260707NCHH0,20260707,0.0,0.5389320484335298,0.48712748357763264,0.6171753112232663,0.5745302017456055
BEST_DEVELOPMENT,20260707SKOB0,20260707,0.0,0.6317610072741034,0.6740857112083225,0.5385444432334421,0.5896448868690686
BEST_DEVELOPMENT,20260707WOKT0,20260707,1.0,0.5516577865787771,0.591904805465562,0.5179321015676961,0.569922817501019
BEST_DEVELOPMENT,20260708HTLT0,20260708,1.0,0.5301162254533494,0.45754278560683387,0.5093382648267244,0.4352425223893848
BEST_DEVELOPMENT,20260708LGSS0,20260708,0.0,0.5719869156801807,0.48153475135953283,0.5171299617207343,0.42965854746773413
BEST_DEVELOPMENT,20260708SKOB0,20260708,1.0,0.6161101655903842,0.7553424174600192,0.5833758798157905,0.7240259435690742
BEST_DEVELOPMENT,20260708WOKT0,20260708,1.0,0.5636667883567885,0.5166611068159895,0.5723340889998642,0.5384909212708092
BEST_DEVELOPMENT,20260709HTLT0,20260709,0.0,0.5538172288134177,0.5388052455480689,0.5169870804605753,0.5052747350486674
BEST_DEVELOPMENT,20260709LGSS0,20260709,1.0,0.5582909103417956,0.562852949487736,0.46422069192100396,0.4766306713570215
BEST_DEVELOPMENT,20260709NCHH0,20260709,1.0,0.5281490195849572,0.5359282873796319,0.6124237436500142,0.6285719986773471
BEST_DEVELOPMENT,20260709SKOB0,20260709,1.0,0.6164900168158255,0.6668372321840037,0.5743300281313694,0.6219969353336067
