protocol,feature,standardized_coefficient
CV_SELECTED,elo_diff,-0.0388429942707271
CV_SELECTED,prior_win_pct_diff,-0.007819270912307236
CV_SELECTED,prior_run_diff_per_game_diff,-0.12696360995263428
CV_SELECTED,prior_rank_advantage,0.06879048271177929
CV_SELECTED,bullpen_strength_diff,0.03623467732367623
CV_SELECTED,K10_starter_value_diff,0.2632954929303886
CV_SELECTED,K10_starter_count_diff,0.052247523865065315
CV_SELECTED,K10_starter_reliability_diff,0.04640991672559521
CV_SELECTED,K10_both_starters_covered,-0.06249979996125045
CV_SELECTED,PS_R20_RA_G_diff,0.14954881895067554
CV_SELECTED,mean,0.1435564262737604
CV_SELECTED,coverage,-0.07397474570713314
CV_SELECTED,count_mean,0.1509558715906542
CV_SELECTED,coverage_min,-0.07097009515263014
CV_SELECTED,missingindicator_bullpen_strength_diff,0.008765499808309794
CV_SELECTED,missingindicator_K10_starter_value_diff,0.010228662475825453
CV_SELECTED,missingindicator_PS_R20_RA_G_diff,0.008765499808309794
BEST_DEVELOPMENT,elo_diff,0.030351263564853872
BEST_DEVELOPMENT,prior_win_pct_diff,-0.03088295698569118
BEST_DEVELOPMENT,prior_run_diff_per_game_diff,-0.08850711552912105
BEST_DEVELOPMENT,prior_rank_advantage,-0.008374878739866079
BEST_DEVELOPMENT,bullpen_strength_diff,0.056709333720130393
BEST_DEVELOPMENT,K10_starter_value_diff,0.3351703107318479
BEST_DEVELOPMENT,K10_starter_count_diff,-0.11020982004497319
BEST_DEVELOPMENT,K10_starter_reliability_diff,0.15351649423503796
BEST_DEVELOPMENT,K10_both_starters_covered,-0.04211817833815379
BEST_DEVELOPMENT,PS_R20_RA_G_diff,0.15976539511906646
BEST_DEVELOPMENT,mean,0.1045777147820096
BEST_DEVELOPMENT,coverage,-0.11411260893520558
BEST_DEVELOPMENT,count_mean,0.24327933855688372
BEST_DEVELOPMENT,coverage_min,-0.042706162380670515
BEST_DEVELOPMENT,missingindicator_bullpen_strength_diff,0.023794006944434364
BEST_DEVELOPMENT,missingindicator_PS_R20_RA_G_diff,0.023794006944434364
