order,phase,research_question,evidence,decision,scientific_status
1,limited_sample,Can a partial 2026 season support stable pregame prediction?,Weak discrimination and compressed probabilities,Expand to multiple official seasons,closed_negative_result
2,data_foundation,Can official KBO pages support a complete reproducible dataset?,1864 completed games and 65554 resolved player-game occurrences,Adopt canonical multi-season foundation,complete
3,complex_model_search,Do higher-capacity models improve temporal probability forecasts?,Several tree boosting and ensemble models worsened Log loss or Brier,Retain strongly regularized logistic regression,complete_negative_result
4,role_scope_audit,Are player histories semantically consistent by role?,Starting and substitute batting plus starting and relief pitching were mixed,Rebuild role-specific histories,complete_corrective_audit
5,starting_pitcher_index,Does a start-only pitcher index add incremental value?,Starter-only model improved all main metrics over the conventional baseline,Retain K10 start-only index,complete_retrospective
6,batter_index,Does a confirmed-lineup batter index add incremental value?,Batter-only model improved Log loss AUC and accuracy,Retain K5 official-lineup index,complete_retrospective
7,relief_pitcher_index,Can player-level relief quality be represented reliably before first pitch?,Null or worse Log loss and 49.95 percent improvement probability,Reject player-level relief feature,complete_negative_result
8,training_strategy,Which temporal training strategy is most stable?,Recent-720 L2 logistic produced the best observed development result,Freeze as development candidate,complete_retrospective
9,player_index_ablation,Do batter and starter indices add information beyond conventional variables?,Log loss 0.683942 to 0.666135 and AUC 0.575781 to 0.635275,Research hypothesis supported retrospectively,complete_retrospective
10,prospective_validation,Does the result survive genuinely unseen future games?,Not yet available,Create immutable pregame prediction ledger,highest_priority_next_stage
