model_id,family,params_json,log_loss,brier,roc_auc,accuracy,n,fold_log_loss_sd,selection_score
L2_C0.03,L2_LOGISTIC,"{""C"": 0.03}",0.668642531384877,0.23789923688694858,0.6286094389747107,0.5904471544715447,984,0.012802596416554802,0.6692826612057047
L2_C0.01,L2_LOGISTIC,"{""C"": 0.01}",0.6689082781262653,0.23811702364403434,0.6274939162696921,0.592479674796748,984,0.011881049858892375,0.6695023306192099
ENET_C0.1_L10.25,ELASTIC_NET,"{""C"": 0.1, ""l1_ratio"": 0.25}",0.6696833028608259,0.23837944326863106,0.6264899458351754,0.5904471544715447,984,0.013294848555115108,0.6703480452885816
ENET_C0.1_L10.5,ELASTIC_NET,"{""C"": 0.1, ""l1_ratio"": 0.5}",0.6700849822601141,0.23864312001844476,0.6246927148104231,0.5934959349593496,984,0.013254281728542639,0.6707476963465413
ENET_C0.3_L10.75,ELASTIC_NET,"{""C"": 0.3, ""l1_ratio"": 0.75}",0.6701583383633951,0.2385552153426389,0.6263246832122096,0.5945121951219512,984,0.013405257883368457,0.6708286012575635
ENET_C0.3_L10.5,ELASTIC_NET,"{""C"": 0.3, ""l1_ratio"": 0.5}",0.6703039500142061,0.23857598395289445,0.6268204710811067,0.5884146341463414,984,0.013347181756853586,0.6709713091020487
L2_C0.1,L2_LOGISTIC,"{""C"": 0.1}",0.6703413481978404,0.23854028553485687,0.6271303384991676,0.5863821138211383,984,0.0129305046982952,0.6709878734327551
ENET_C0.1_L10.75,ELASTIC_NET,"{""C"": 0.1, ""l1_ratio"": 0.75}",0.6708095018461453,0.23901531029828826,0.622118749457732,0.5914634146341463,984,0.013156401035840074,0.6714673218979373
ENET_C0.03_L10.25,ELASTIC_NET,"{""C"": 0.03, ""l1_ratio"": 0.25}",0.6709226843750338,0.239104943484243,0.621742776990485,0.592479674796748,984,0.012367895060390656,0.6715410791280533
ENET_C0.3_L10.25,ELASTIC_NET,"{""C"": 0.3, ""l1_ratio"": 0.25}",0.6708898689087337,0.23878470781740477,0.6263990513925441,0.5873983739837398,984,0.013145220748153491,0.6715471299461414
L2_C0.3,L2_LOGISTIC,"{""C"": 0.3}",0.6723143147670992,0.23934085128999036,0.6246803201137008,0.5945121951219512,984,0.013290506278776324,0.672978840081038
L2_C0.003,L2_LOGISTIC,"{""C"": 0.003}",0.672974550099903,0.24006899918049351,0.6221311441544544,0.5802845528455285,984,0.009422824054557518,0.6734456913026309
L2_C1,L2_LOGISTIC,"{""C"": 1.0}",0.6738346030666269,0.23996623237165263,0.6227674052528724,0.5884146341463414,984,0.013959685565015393,0.6745325873448776
ENET_C0.03_L10.5,ELASTIC_NET,"{""C"": 0.03, ""l1_ratio"": 0.5}",0.6748289830026135,0.24099552757511866,0.612671924772454,0.5853658536585366,984,0.012458419804517297,0.6754519039928394
XGB_LR0.02_D2_MCW2,XGBOOST,"{""colsample_bytree"": 0.8, ""learning_rate"": 0.02, ""max_depth"": 2, ""min_child_weight"": 2.0, ""subsample"": 0.8}",0.6756910921663859,0.24130401486155853,0.6119303087518954,0.5802845528455285,984,0.010681017439621984,0.676225143038367
RF_D3_L8_MFsqrt,RANDOM_FOREST,"{""max_depth"": 3, ""max_features"": ""sqrt"", ""min_samples_leaf"": 8, ""min_samples_split"": 5, ""n_estimators"": 300}",0.6757701623937596,0.2414501486880808,0.609728184300877,0.5792682926829268,984,0.009336208677326888,0.676236972827626
GB_LR0.03_D1_S0.8,GRADIENT_BOOSTING,"{""learning_rate"": 0.03, ""max_depth"": 1, ""subsample"": 0.8}",0.6764401232146552,0.24167748016004836,0.6092344622147671,0.5792682926829268,984,0.009288236291048154,0.6769045350292076
XGB_LR0.05_D1_MCW2,XGBOOST,"{""colsample_bytree"": 1.0, ""learning_rate"": 0.05, ""max_depth"": 1, ""min_child_weight"": 2.0, ""subsample"": 1.0}",0.6763083535024775,0.2415643821348039,0.6100318543705767,0.5741869918699187,984,0.013891842150341574,0.6770029456099946
RF_D4_L6_MF0.8,RANDOM_FOREST,"{""max_depth"": 4, ""max_features"": 0.8, ""min_samples_leaf"": 6, ""min_samples_split"": 4, ""n_estimators"": 500}",0.6766056702531446,0.24177856188516048,0.6092819752188697,0.5813008130081301,984,0.009832254860591519,0.6770972829961741
CAT_LR0.02_D3_L25,CATBOOST,"{""depth"": 3, ""l2_leaf_reg"": 5.0, ""learning_rate"": 0.02}",0.6770824678978705,0.2419578682823936,0.6090630022434401,0.5833333333333334,984,0.0139654373047283,0.6777807397631069
RF_D5_L4_MFNone,RANDOM_FOREST,"{""max_depth"": 5, ""max_features"": null, ""min_samples_leaf"": 4, ""min_samples_split"": 3, ""n_estimators"": 500}",0.6778040565313845,0.2423767224004663,0.6067617202186424,0.5701219512195121,984,0.00847095256281722,0.6782276041595254
GB_LR0.05_D1_S1,GRADIENT_BOOSTING,"{""learning_rate"": 0.05, ""max_depth"": 1, ""subsample"": 1.0}",0.678285033294394,0.24241602335771853,0.6073360078334483,0.568089430894309,984,0.011595774854295757,0.6788648220371089
ENET_C0.03_L10.75,ELASTIC_NET,"{""C"": 0.03, ""l1_ratio"": 0.75}",0.679348974010029,0.24320205514463358,0.5975875788612579,0.5711382113821138,984,0.012575220757301558,0.6799777350478942
ET_D4_L6_MF0.8,EXTRA_TREES,"{""max_depth"": 4, ""max_features"": 0.8, ""min_samples_leaf"": 6, ""n_estimators"": 700}",0.679656687023188,0.24325521718842175,0.5991389817343487,0.5660569105691057,984,0.01021743034402314,0.6801675585403892
ENET_C0.01_L10.25,ELASTIC_NET,"{""C"": 0.01, ""l1_ratio"": 0.25}",0.6807091484608462,0.24386018040770605,0.5919314655902562,0.5630081300813008,984,0.011229652484724035,0.6812706310850823
ET_D5_L4_MFNone,EXTRA_TREES,"{""max_depth"": 5, ""max_features"": null, ""min_samples_leaf"": 4, ""n_estimators"": 700}",0.6811173365558032,0.24377864783849987,0.5992340077425539,0.5762195121951219,984,0.013818387305874424,0.681808255921097
XGB_LR0.03_D2_MCW5,XGBOOST,"{""colsample_bytree"": 0.9, ""learning_rate"": 0.03, ""max_depth"": 2, ""min_child_weight"": 5.0, ""subsample"": 0.9}",0.6815907829800276,0.24392779812174809,0.6052103173455519,0.5660569105691057,984,0.012739026990961366,0.6822277343295757
XGB_LR0.03_D3_MCW5,XGBOOST,"{""colsample_bytree"": 0.8, ""learning_rate"": 0.03, ""max_depth"": 3, ""min_child_weight"": 5.0, ""subsample"": 0.8}",0.6818913536134168,0.24390912254354655,0.6104098926206107,0.5752032520325203,984,0.013994561508298954,0.6825910816888318
ET_D3_L8_MFsqrt,EXTRA_TREES,"{""max_depth"": 3, ""max_features"": ""sqrt"", ""min_samples_leaf"": 8, ""n_estimators"": 500}",0.6838728827240812,0.24538336712766134,0.5962675436603192,0.5436991869918699,984,0.0047913006474843535,0.6841124477564554
CAT_LR0.03_D4_L210,CATBOOST,"{""depth"": 4, ""l2_leaf_reg"": 10.0, ""learning_rate"": 0.03}",0.6834060803009977,0.244642893289531,0.6028367329232066,0.5752032520325203,984,0.01614466574123439,0.6842133135880594
GB_LR0.03_D2_S0.8,GRADIENT_BOOSTING,"{""learning_rate"": 0.03, ""max_depth"": 2, ""subsample"": 0.8}",0.6851333938176347,0.24536111059463678,0.5991472448654969,0.5691056910569106,984,0.013505737943573352,0.6858086807148134
LGB_LR0.02_LEAF7_MIN20,LIGHTGBM,"{""learning_rate"": 0.02, ""min_child_samples"": 20, ""num_leaves"": 7, ""reg_lambda"": 5.0}",0.6856203615025215,0.2459192692735223,0.5957634926602738,0.551829268292683,984,0.012287862321061322,0.6862347546185745
LGB_LR0.03_LEAF7_MIN30,LIGHTGBM,"{""learning_rate"": 0.03, ""min_child_samples"": 30, ""num_leaves"": 7, ""reg_lambda"": 10.0}",0.6866488323882833,0.24617289153667454,0.6005994901648082,0.5609756097560976,984,0.013009519030572025,0.6872993083398119
CAT_LR0.05_D3_L220,CATBOOST,"{""depth"": 3, ""l2_leaf_reg"": 20.0, ""learning_rate"": 0.05}",0.6873232713006113,0.24631598326861326,0.5993455600130557,0.568089430894309,984,0.013533732617606873,0.6879999579314917
ENET_C0.01_L10.5,ELASTIC_NET,"{""C"": 0.01, ""l1_ratio"": 0.5}",0.6895009734212011,0.24819411606262654,0.5427369142989352,0.5304878048780488,984,0.00789172216797992,0.6898955595296001
HGB_LR0.03_LEAF15_L25,HIST_GRADIENT_BOOSTING,"{""l2_regularization"": 5.0, ""learning_rate"": 0.03, ""max_leaf_nodes"": 15}",0.6908125736231706,0.2484287275423449,0.5891096063031165,0.5558943089430894,984,0.012590275089489332,0.6914420873776451
HGB_LR0.03_LEAF7_L21,HIST_GRADIENT_BOOSTING,"{""l2_regularization"": 1.0, ""learning_rate"": 0.03, ""max_leaf_nodes"": 7}",0.6916091452453204,0.24844024439225412,0.5885084635120786,0.5589430894308943,984,0.013659898302441723,0.6922921401604425
ENET_C0.01_L10.75,ELASTIC_NET,"{""C"": 0.01, ""l1_ratio"": 0.75}",0.6928850428987611,0.24986932704083756,0.5102772693656807,0.5193089430894309,984,0.005020002202625538,0.6931360430088923
LGB_LR0.05_LEAF7_MIN40,LIGHTGBM,"{""learning_rate"": 0.05, ""min_child_samples"": 40, ""num_leaves"": 7, ""reg_lambda"": 20.0}",0.692541478624524,0.24870898711474557,0.5950301397708633,0.5640243902439024,984,0.015294151298203565,0.6933061861894342
HGB_LR0.05_LEAF7_L25,HIST_GRADIENT_BOOSTING,"{""l2_regularization"": 5.0, ""learning_rate"": 0.05, ""max_leaf_nodes"": 7}",0.6930503364415409,0.2488374339519413,0.5938547093650197,0.5619918699186992,984,0.011043385222986372,0.6936025057026902
HGB_LR0.05_LEAF15_L210,HIST_GRADIENT_BOOSTING,"{""l2_regularization"": 10.0, ""learning_rate"": 0.05, ""max_leaf_nodes"": 15}",0.6960708069393808,0.2504314926488461,0.5888906333276869,0.5599593495934959,984,0.010064745839690206,0.6965740442313654
LGB_LR0.03_LEAF15_MIN30,LIGHTGBM,"{""learning_rate"": 0.03, ""min_child_samples"": 30, ""num_leaves"": 15, ""reg_lambda"": 10.0}",0.6963567691340332,0.25062052583209304,0.5895248286433178,0.5538617886178862,984,0.017625965083903204,0.6972380673882284
