artifact,availability,path,status
v12 baseline full freeze,present,15Pick_RQ1_FULL_RESEARCH_FREEZE_v12.0_20260717.zip,authoritative historical foundation
v13 original archive evidence,represented by preserved v13 controls and baseline contents,03_REPORTS_AND_ADDENDA/HISTORICAL_V13_CONTROL_FILES,historical
V4-V10 immutable archives,present,02_IMMUTABLE_EXPERIMENT_ARCHIVES/AUTHORITATIVE,authoritative historical experiments
V11.1 final package,present,02_IMMUTABLE_EXPERIMENT_ARCHIVES/AUTHORITATIVE/15Pick_RQ1_V11_1_BATTER_INCOME_FINAL_PACKAGE_20260720.zip,authoritative development experiment
V11.1 source/results/model,present,05_SOURCE_CODE_AVAILABLE/V11_1_BATTER_INCOME,reproducible
V12 final package,present,02_IMMUTABLE_EXPERIMENT_ARCHIVES/AUTHORITATIVE/15Pick_RQ1_V12_TRAINING_STRATEGY_FINAL_PACKAGE_20260720.zip,authoritative development experiment
V12 source/results/models,present,05_SOURCE_CODE_AVAILABLE/V12_TRAINING_STRATEGY,reproducible
V5-V9 exact historical original source,incomplete,00_READ_FIRST/KNOWN_GAPS_AND_LIMITATIONS.md,evidence complete; historical original source incomplete
Prospective ledger,not_started,,highest priority
