artifact_or_phase,status,meaning
Baseline data freeze v12,AUTHORITATIVE_HISTORICAL,"Complete official KBO 2024-2026 foundation, V1-V3, lineage, hashes"
V4 training strategy,COMPLETE_NEGATIVE,Historical strategies did not beat V2
V5 ceiling audit,SUSPENDED_CONCLUSION,Ceiling conclusion invalidated by role-scope defect
Role-aware audit,COMPLETE,Role mixing quantified and corrected in later labs
V6 clean starter income,AUTHORITATIVE_COMPONENT,Start-only KBO_CONSTRAINED K10 retained
V7-V10,AUTHORITATIVE_HISTORICAL,Stack/post-starter/V10 comparisons preserved
V11.1 new batter income,COMPLETE_REPRODUCIBLE_DEVELOPMENT_CANDIDATE,215 score systems; selected POWER_OBP__RATE100 / S_K5 / MEAN; source+model+audit present
V12 model-family CV,CV_SELECTED_SCIENTIFIC_CANDIDATE,L2 C=0.03 selected on 2024-2025 temporal CV without 2026
V12 recent-720 model,BEST_OBSERVED_DEVELOPMENT_CHAMPION,L2 C=0.1; 2026 log loss 0.666134784; selected after observing 2026
V12 batter ablation,COMPLETE_POSITIVE_INCREMENTAL_SIGNAL,Delta log loss -0.007022; CI excludes zero for best observed method
Prospective validation,NOT_STARTED_HIGHEST_PRIORITY,Required for final deployment/scientific claim
