column,role,description
season,key,season year
game_date,key,target game date
game_id,key,official game identifier
home_win,target,1 for home win and 0 for away win; ties excluded from binary fitting
elo_diff,conventional,home minus away Elo
prior_win_pct_diff,conventional,strict-prior win-percentage difference
prior_run_diff_per_game_diff,conventional,strict-prior run-differential-per-game difference
prior_rank_advantage,conventional,strict-prior rank advantage
bullpen_strength_diff,conventional,strict-prior team responsibility-run difference
PS_R20_RA_G_diff,post_starter_team,recent-20 team post-starter responsibility runs per game
K10_starter_value_diff,starter_performance_index,start-only shrunk performance-index difference
K10_starter_count_diff,starter_performance_index,prior start-count difference
K10_starter_reliability_diff,starter_performance_index,shrinkage reliability difference
K10_both_starters_covered,starter_performance_index,both-starter history coverage flag
mean,batter_performance_index,home minus away official-lineup mean prior batter performance index
coverage,batter_performance_index,lineup history coverage difference
count_mean,batter_performance_index,lineup mean prior-game-count difference
coverage_min,batter_performance_index,lower side coverage across the two lineups
