score_id,mean_method,block,C,log_loss,brier,roc_auc,accuracy,n,fold_sd,selection_score
POWER_OBP__RATE100,PREV_K10,ORDER,0.003,0.6897084005291758,0.24829464443908011,0.5447304907481899,0.5426008968609866,446,0.010233317994126521,0.6907317323285884
TOTAL_BASE_PLUS__RATE100,PREV_K10,ORDER,0.003,0.6898407790841928,0.24836100087193724,0.5433024939662108,0.5403587443946188,446,0.010209308430327095,0.6908617099272255
RIDGE_EVENT_A0.1__RATE100,PREV_K10,ORDER,0.003,0.6899737345764662,0.24842676487686285,0.540526950925181,0.5358744394618834,446,0.009859744647128547,0.690959709041179
RIDGE_EVENT_A0.01__RATE100,PREV_K10,ORDER,0.003,0.6899741982697309,0.2484269948575197,0.540526950925181,0.5358744394618834,446,0.009859398581278924,0.6909601381278588
LW_STANDARD__RATE100,PREV_K10,ORDER,0.003,0.6900058935643075,0.24844206724285778,0.5412510056315366,0.5358744394618834,446,0.010224076750917674,0.6910283012393993
POWER_OBP__RATE075,PREV_K10,ORDER,0.003,0.6904629806337615,0.24866928793586418,0.5375301689460981,0.5336322869955157,446,0.009109130770399331,0.6913738937108015
TOTAL_BASE_PLUS__RATE075,PREV_K10,ORDER,0.003,0.6905261724984817,0.2487009952443726,0.5366049879324216,0.5336322869955157,446,0.009150931900258213,0.6914412656885075
LW_STANDARD__RATE075,PREV_K10,ORDER,0.003,0.6907537312252909,0.24881361256358672,0.5351166532582462,0.531390134529148,446,0.008968966746457639,0.6916506278999367
RIDGE_EVENT_A0.1__RATE075,PREV_K10,ORDER,0.003,0.6908127205258132,0.24884346393515455,0.5340104585679808,0.5336322869955157,446,0.008593761252045376,0.6916720966510178
RIDGE_EVENT_A0.01__RATE075,PREV_K10,ORDER,0.003,0.6908130366559216,0.24884362066773724,0.5340104585679808,0.5336322869955157,446,0.008593515828419876,0.6916723882387636
POWER_OBP__RATE050,PREV_K10,ORDER,0.003,0.6912801720664103,0.24907553180592934,0.5309332260659695,0.5246636771300448,446,0.008001322733410532,0.6920803043397514
TOTAL_BASE_PLUS__RATE050,PREV_K10,ORDER,0.003,0.6912847954407059,0.24907792002042758,0.5299275945293644,0.5246636771300448,446,0.00808244177594421,0.6920930396183003
LW_STANDARD__RATE050,PREV_K10,ORDER,0.003,0.6915498575439832,0.24920961695335944,0.5282984714400644,0.5358744394618834,446,0.007777611940962485,0.6923276187380795
RIDGE_EVENT_A0.1__RATE050,PREV_K10,ORDER,0.003,0.6916822487541453,0.2492758689542754,0.5258648431214803,0.5269058295964125,446,0.007404452813705159,0.6924226940355158
RIDGE_EVENT_A0.01__RATE050,PREV_K10,ORDER,0.003,0.6916824134768217,0.2492759504751242,0.5258447304907482,0.5269058295964125,446,0.007404312458982234,0.6924228447227199
BALANCED_CONTEXT__RATE100,PREV_K10,ORDER,0.003,0.6917698017023659,0.24931951367335467,0.5264682220434433,0.5224215246636771,446,0.00767639435637331,0.6925374411380032
TOTAL_BASE_PLUS__RATE025,PREV_K10,ORDER,0.003,0.6920144817538526,0.24944090358413123,0.5246983105390185,0.5112107623318386,446,0.007104519139879991,0.6927249336678406
POWER_OBP__RATE025,PREV_K10,ORDER,0.003,0.6920533322318047,0.2494602598334794,0.5238334674175382,0.5112107623318386,446,0.007003056990355359,0.6927536379308402
BALANCED_CONTEXT__RATE075,PREV_K10,ORDER,0.003,0.6921126553825607,0.24949018258089967,0.5215205148833467,0.515695067264574,446,0.0070384335173581955,0.6928164987342965
LW_STANDARD__RATE025,PREV_K10,ORDER,0.003,0.6922903330878717,0.24957824850726235,0.5206757843925985,0.5134529147982063,446,0.006742949015493872,0.692964627989421
RIDGE_EVENT_A0.1__RATE025,PREV_K10,ORDER,0.003,0.6924679458815489,0.24966694324981373,0.516934835076428,0.5067264573991032,446,0.006380639915940158,0.693106009873143
RIDGE_EVENT_A0.01__RATE025,PREV_K10,ORDER,0.003,0.6924679887138327,0.2496669641690491,0.5169549477071601,0.5067264573991032,446,0.00638058834121047,0.6931060475479538
BALANCED_CONTEXT__RATE050,PREV_K10,ORDER,0.003,0.6924919888845643,0.24967905920654154,0.5168946098149638,0.515695067264574,446,0.006395963609262486,0.6931315852454906
TOTAL_BASE_PLUS__RATE000,PREV_K10,ORDER,0.003,0.6926518686621469,0.24975823847991022,0.5182622687047467,0.49551569506726456,446,0.00626855112791293,0.6932787237749382
POWER_OBP__RATE000,PREV_K10,ORDER,0.003,0.6927189471668947,0.24979170714755955,0.5164722445695896,0.4977578475336323,446,0.006158198674542724,0.693334767034349
BALANCED_CONTEXT__RATE025,PREV_K10,ORDER,0.003,0.6929093984437761,0.24988687956531552,0.5133748994368463,0.5044843049327354,446,0.005770718578710827,0.6934864703016471
LW_STANDARD__RATE000,PREV_K10,ORDER,0.003,0.6929163261208396,0.24989006021196292,0.5135559131134353,0.5022421524663677,446,0.005900221846490613,0.6935063483054887
RIDGE_EVENT_A0.01__RATE000,PREV_K10,ORDER,0.003,0.6931146860867843,0.24998905090362403,0.5095132743362831,0.5,446,0.00556237778606507,0.6936709238653908
RIDGE_EVENT_A0.1__RATE000,PREV_K10,ORDER,0.003,0.693114723256948,0.24998906978262078,0.509493161705551,0.5,446,0.005562350162644298,0.6936709582732125
BALANCED_CONTEXT__RATE000,PREV_K10,ORDER,0.003,0.6932992991233504,0.2500810480230111,0.5083668543845534,0.5,446,0.005224565919692463,0.6938217557153197
