score_id,mean_method,block,model,C,l1_ratio,log_loss,brier,roc_auc,accuracy,n,fold_sd,selection_score
RIDGE_EVENT_A0.1__RATE100,S_MEAN,DISTRIBUTION,EXTRA,,,0.6894974220374711,0.24817353512468177,0.5513877715205149,0.5179372197309418,446,0.007531392167624044,0.6902505612542336
RIDGE_EVENT_A0.01__RATE100,S_MEAN,DISTRIBUTION,EXTRA,,,0.6895455261863557,0.24819771937878876,0.5506637168141593,0.5179372197309418,446,0.00756382775653451,0.6903019089620092
RIDGE_EVENT_A0.1__RATE100,S_MEAN,DISTRIBUTION,GB_DEPTH1,,,0.6903094953668761,0.24844019309606125,0.558668543845535,0.5426008968609866,446,0.005935255223939536,0.6909030208892701
RIDGE_EVENT_A0.01__RATE100,S_MEAN,DISTRIBUTION,GB_DEPTH1,,,0.6903152532346347,0.2484439289171291,0.5575824617860017,0.5426008968609866,446,0.005944666710523973,0.6909097199056872
POWER_OBP__RATE100,S_MEAN,DISTRIBUTION,EXTRA,,,0.6904824353788397,0.24865801858085682,0.5468020917135962,0.5179372197309418,446,0.007003160649637934,0.6911827514438035
POWER_OBP__RATE100,S_K5,DISTRIBUTION,EXTRA,,,0.6906406660975761,0.2487188845028718,0.5508849557522124,0.5269058295964125,446,0.0066388317445992915,0.6913045492720361
POWER_OBP__RATE100,S_K10,DISTRIBUTION,EXTRA,,,0.6909120567360995,0.24885596355319042,0.5485116653258246,0.5201793721973094,446,0.0070637208583554665,0.691618428821935
POWER_OBP__RATE100,PREV_K10,DISTRIBUTION,EXTRA,,,0.6909120567360998,0.24885596355319042,0.5485116653258246,0.5201793721973094,446,0.0070637208583554665,0.6916184288219354
LW_STANDARD__RATE100,S_MEAN,DISTRIBUTION,EXTRA,,,0.6909785720258057,0.2489079715875754,0.5428197908286404,0.4977578475336323,446,0.007082074425512431,0.691686779468357
LW_STANDARD__RATE075,S_MEAN,DISTRIBUTION,EXTRA,,,0.6914803655347972,0.24914547766556414,0.5418744971842316,0.515695067264574,446,0.0067579471962770695,0.692156160254425
POWER_OBP__RATE100,S_MEAN,DISTRIBUTION,GB_DEPTH1,,,0.6934076132790766,0.2500417827964795,0.5412510056315367,0.5426008968609866,446,0.004971974623699006,0.6939048107414465
LW_STANDARD__RATE100,S_MEAN,DISTRIBUTION,GB_DEPTH1,,,0.6935950816110357,0.25012917383283806,0.5290627514078842,0.5089686098654709,446,0.005301931019457448,0.6941252747129815
POWER_OBP__RATE100,S_K5,DISTRIBUTION,GB_DEPTH1,,,0.6958675287929165,0.25129791638953264,0.5320193081255028,0.5224215246636771,446,0.008763385027291657,0.6967438672956456
POWER_OBP__RATE100,S_K10,DISTRIBUTION,GB_DEPTH1,,,0.6985486583024142,0.2525303468410116,0.5284995977473854,0.5246636771300448,446,0.006253003942534149,0.6991739586966677
POWER_OBP__RATE100,PREV_K10,DISTRIBUTION,GB_DEPTH1,,,0.6985486583024142,0.2525303468410116,0.5284995977473854,0.5246636771300448,446,0.006253003942534149,0.6991739586966677
POWER_OBP__RATE100,S_MEAN,DISTRIBUTION,RF,,,0.6991789616525197,0.25262729240104964,0.5448511665325825,0.5269058295964125,446,0.013660234631199523,0.7005449851156397
RIDGE_EVENT_A0.01__RATE100,S_MEAN,DISTRIBUTION,RF,,,0.7004777778869622,0.25335865873441676,0.5330852775543041,0.5201793721973094,446,0.012099336849876968,0.7016877115719499
RIDGE_EVENT_A0.01__RATE100,S_MEAN,DISTRIBUTION,GB_DEPTH2,,,0.6999761725264777,0.25311395109208523,0.5259654062751409,0.5022421524663677,446,0.01737931309694771,0.7017141038361725
RIDGE_EVENT_A0.1__RATE100,S_MEAN,DISTRIBUTION,RF,,,0.7005220794536849,0.25337930455981533,0.533467417538214,0.5201793721973094,446,0.012140746901676344,0.7017361541438526
POWER_OBP__RATE100,PREV_K10,DISTRIBUTION,RF,,,0.7010755963639724,0.25344107214034745,0.5424778761061947,0.5201793721973094,446,0.007517685936987932,0.7018273649576712
POWER_OBP__RATE100,S_K10,DISTRIBUTION,RF,,,0.7010755963639724,0.25344107214034745,0.5424778761061947,0.5201793721973094,446,0.007517685936987902,0.7018273649576712
RIDGE_EVENT_A0.1__RATE100,S_MEAN,DISTRIBUTION,GB_DEPTH2,,,0.7001371772100421,0.25317990587867933,0.5257039420756235,0.4977578475336323,446,0.017418317634847042,0.7018790089735268
LW_STANDARD__RATE075,S_MEAN,DISTRIBUTION,GB_DEPTH1,,,0.7011159604961961,0.25392183063502216,0.48939058728881746,0.4820627802690583,446,0.009005527777676672,0.7020165132739637
POWER_OBP__RATE100,S_MEAN,DISTRIBUTION,GB_DEPTH2,,,0.7010739523446625,0.25357701126648324,0.5329344328238134,0.5403587443946188,446,0.010175336764719932,0.7020914860211345
POWER_OBP__RATE100,S_K5,DISTRIBUTION,RF,,,0.7013527094711406,0.2535870511522137,0.5420555108608206,0.515695067264574,446,0.009509030426774983,0.7023036125138181
LW_STANDARD__RATE100,S_MEAN,DISTRIBUTION,RF,,,0.7029525975367248,0.25457014429206426,0.5218423169750604,0.5112107623318386,446,0.00876140021371042,0.7038287375580958
LW_STANDARD__RATE075,S_MEAN,DISTRIBUTION,RF,,,0.7036629449101985,0.2549003536881495,0.5210981496379726,0.5201793721973094,446,0.009702871163632807,0.7046332320265618
LW_STANDARD__RATE100,S_MEAN,DISTRIBUTION,GB_DEPTH2,,,0.7042727969643922,0.25524005959243645,0.5138777152051488,0.4977578475336323,446,0.014234957800890454,0.7056962927444812
POWER_OBP__RATE100,S_K10,DISTRIBUTION,GB_DEPTH2,,,0.7053499867518052,0.2554220757383933,0.5346037811745777,0.5426008968609866,446,0.007625469310315538,0.7061125336828367
POWER_OBP__RATE100,PREV_K10,DISTRIBUTION,GB_DEPTH2,,,0.7053499867518052,0.2554220757383933,0.5346037811745777,0.5426008968609866,446,0.007625469310315538,0.7061125336828367
POWER_OBP__RATE100,S_K5,DISTRIBUTION,GB_DEPTH2,,,0.7071359019719815,0.25639466547959006,0.5284794851166532,0.5201793721973094,446,0.009636714656895187,0.708099573437671
LW_STANDARD__RATE075,S_MEAN,DISTRIBUTION,GB_DEPTH2,,,0.7119983547460289,0.25897850783237075,0.4917940466613033,0.49551569506726456,446,0.015762089331282887,0.7135745636791572
RIDGE_EVENT_A0.01__RATE100,S_MEAN,DISTRIBUTION,HGB_L2_10,,,0.7276763498284775,0.26552254398213826,0.5170856798069188,0.5089686098654709,446,0.03469394422620564,0.731145744251098
RIDGE_EVENT_A0.1__RATE100,S_MEAN,DISTRIBUTION,HGB_L2_10,,,0.7294295429820122,0.26640362846326365,0.5128117457763476,0.515695067264574,446,0.033270814055371266,0.7327566243875494
POWER_OBP__RATE100,PREV_K10,DISTRIBUTION,HGB_L2_10,,,0.7349900107211074,0.26760378063893137,0.5270213193885761,0.5179372197309418,446,0.019847217740266185,0.736974732495134
POWER_OBP__RATE100,S_K10,DISTRIBUTION,HGB_L2_10,,,0.7349900107211074,0.26760378063893137,0.5270213193885761,0.5179372197309418,446,0.019847217740266185,0.736974732495134
POWER_OBP__RATE100,S_MEAN,DISTRIBUTION,HGB_L2_10,,,0.735529827225759,0.26855233774748616,0.5133950120675784,0.5201793721973094,446,0.014600787278544,0.7369899059536134
LW_STANDARD__RATE075,S_MEAN,DISTRIBUTION,HGB_L2_10,,,0.7351466658272616,0.26860474662038586,0.506446098149638,0.5044843049327354,446,0.023794472493780163,0.7375261130766396
POWER_OBP__RATE100,S_K5,DISTRIBUTION,HGB_L2_10,,,0.7409637751585983,0.270179379516907,0.5181114239742559,0.5022421524663677,446,0.009934977105107897,0.7419572728691092
RIDGE_EVENT_A0.01__RATE100,S_MEAN,DISTRIBUTION,HGB_L2_3,,,0.7454979333593558,0.2714772093300476,0.5259855189058729,0.5112107623318386,446,0.04304234242358261,0.749802167601714
LW_STANDARD__RATE100,S_MEAN,DISTRIBUTION,HGB_L2_10,,,0.7482318225730175,0.2744565648346422,0.4919750603378922,0.46860986547085204,446,0.023534400960341213,0.7505852626690516
RIDGE_EVENT_A0.1__RATE100,S_MEAN,DISTRIBUTION,HGB_L2_3,,,0.7464219506007054,0.2718737743499461,0.5268302493966212,0.5201793721973094,446,0.04365256464464204,0.7507872070651695
POWER_OBP__RATE100,S_MEAN,DISTRIBUTION,HGB_L2_3,,,0.7546229250899598,0.27493865317841487,0.5185136765888978,0.5022421524663677,446,0.029441104916717815,0.7575670355816315
POWER_OBP__RATE100,S_K10,DISTRIBUTION,HGB_L2_3,,,0.7585013037439303,0.27499354867594994,0.5311544650040225,0.5381165919282511,446,0.03501205670506982,0.7620025094144373
POWER_OBP__RATE100,PREV_K10,DISTRIBUTION,HGB_L2_3,,,0.7585013037439303,0.27499354867594994,0.5311544650040225,0.5381165919282511,446,0.03501205670506982,0.7620025094144373
POWER_OBP__RATE100,S_K5,DISTRIBUTION,HGB_L2_3,,,0.7611945029081068,0.2759467480761826,0.5301588897827836,0.5134529147982063,446,0.031265153355231896,0.76432101824363
LW_STANDARD__RATE075,S_MEAN,DISTRIBUTION,HGB_L2_3,,,0.7605096078379209,0.27791967991259986,0.5063757039420757,0.5,446,0.04253230179670242,0.7647628380175912
LW_STANDARD__RATE100,S_MEAN,DISTRIBUTION,HGB_L2_3,,,0.7730901340204714,0.28322456818776703,0.4912308930008046,0.49327354260089684,446,0.03360341312529364,0.7764504753330008
