score_id,base_score_id,rate_share,early_mean_raw,early_sd_raw,source,w_singles,w_doubles,w_triples,w_home_runs,w_walks,w_hit_by_pitch,w_stolen_bases,w_strikeouts,w_double_play,w_runs,w_rbi,w_game_winning_hit
LW_STANDARD__RATE000,LW_STANDARD,0.0,0.563698815059247,0.6711023760672716,fixed linear run values,0.47,0.78,1.09,1.4,0.33,0.34,0.2,-0.05,-0.37,0.0,0.0,0.0
LW_STANDARD__RATE025,LW_STANDARD,0.25,0.5814179616019198,0.6746681554494427,fixed linear run values,0.47,0.78,1.09,1.4,0.33,0.34,0.2,-0.05,-0.37,0.0,0.0,0.0
LW_STANDARD__RATE050,LW_STANDARD,0.5,0.5991371081445928,0.6945660436399967,fixed linear run values,0.47,0.78,1.09,1.4,0.33,0.34,0.2,-0.05,-0.37,0.0,0.0,0.0
LW_STANDARD__RATE075,LW_STANDARD,0.75,0.6168562546872656,0.729460763964472,fixed linear run values,0.47,0.78,1.09,1.4,0.33,0.34,0.2,-0.05,-0.37,0.0,0.0,0.0
LW_STANDARD__RATE100,LW_STANDARD,1.0,0.6345754012299386,0.7773353018712668,fixed linear run values,0.47,0.78,1.09,1.4,0.33,0.34,0.2,-0.05,-0.37,0.0,0.0,0.0
POWER_OBP__RATE000,POWER_OBP,0.0,0.6573481325933703,0.8130943433126818,fixed power/on-base,0.5,0.95,1.35,1.85,0.42,0.42,0.22,-0.08,-0.32,0.0,0.0,0.0
POWER_OBP__RATE025,POWER_OBP,0.25,0.6776191952902354,0.8183010953994743,fixed power/on-base,0.5,0.95,1.35,1.85,0.42,0.42,0.22,-0.08,-0.32,0.0,0.0,0.0
POWER_OBP__RATE050,POWER_OBP,0.5,0.6978902579871007,0.8425537344874144,fixed power/on-base,0.5,0.95,1.35,1.85,0.42,0.42,0.22,-0.08,-0.32,0.0,0.0,0.0
POWER_OBP__RATE075,POWER_OBP,0.75,0.7181613206839659,0.8842865765277725,fixed power/on-base,0.5,0.95,1.35,1.85,0.42,0.42,0.22,-0.08,-0.32,0.0,0.0,0.0
POWER_OBP__RATE100,POWER_OBP,1.0,0.738432383380831,0.9411772120687678,fixed power/on-base,0.5,0.95,1.35,1.85,0.42,0.42,0.22,-0.08,-0.32,0.0,0.0,0.0
TOTAL_BASE_PLUS__RATE000,TOTAL_BASE_PLUS,0.0,1.3384580770961452,1.6584647651023605,fixed total-base style,1.0,2.0,3.0,4.0,0.7,0.7,0.3,-0.1,-0.5,0.0,0.0,0.0
TOTAL_BASE_PLUS__RATE025,TOTAL_BASE_PLUS,0.25,1.380538285585721,1.666707625667829,fixed total-base style,1.0,2.0,3.0,4.0,0.7,0.7,0.3,-0.1,-0.5,0.0,0.0,0.0
TOTAL_BASE_PLUS__RATE050,TOTAL_BASE_PLUS,0.5,1.4226184940752962,1.7124294999119947,fixed total-base style,1.0,2.0,3.0,4.0,0.7,0.7,0.3,-0.1,-0.5,0.0,0.0,0.0
TOTAL_BASE_PLUS__RATE075,TOTAL_BASE_PLUS,0.75,1.4646987025648717,1.7927651338685393,fixed total-base style,1.0,2.0,3.0,4.0,0.7,0.7,0.3,-0.1,-0.5,0.0,0.0,0.0
TOTAL_BASE_PLUS__RATE100,TOTAL_BASE_PLUS,1.0,1.5067789110544472,1.9033366514089947,fixed total-base style,1.0,2.0,3.0,4.0,0.7,0.7,0.3,-0.1,-0.5,0.0,0.0,0.0
BALANCED_CONTEXT__RATE000,BALANCED_CONTEXT,0.0,0.7848522573871306,0.9700515550320292,fixed context-light,0.45,0.8,1.15,1.55,0.35,0.35,0.2,-0.06,-0.35,0.2,0.28,0.45
BALANCED_CONTEXT__RATE025,BALANCED_CONTEXT,0.25,0.808535724463777,0.9740071533688752,fixed context-light,0.45,0.8,1.15,1.55,0.35,0.35,0.2,-0.06,-0.35,0.2,0.28,0.45
BALANCED_CONTEXT__RATE050,BALANCED_CONTEXT,0.5,0.832219191540423,1.0001279315821627,fixed context-light,0.45,0.8,1.15,1.55,0.35,0.35,0.2,-0.06,-0.35,0.2,0.28,0.45
BALANCED_CONTEXT__RATE075,BALANCED_CONTEXT,0.75,0.8559026586170693,1.0467558710469622,fixed context-light,0.45,0.8,1.15,1.55,0.35,0.35,0.2,-0.06,-0.35,0.2,0.28,0.45
BALANCED_CONTEXT__RATE100,BALANCED_CONTEXT,1.0,0.8795861256937155,1.1113126728941534,fixed context-light,0.45,0.8,1.15,1.55,0.35,0.35,0.2,-0.06,-0.35,0.2,0.28,0.45
RIDGE_EVENT_A0.01__RATE000,RIDGE_EVENT_A0.01,0.0,0.6030087930836896,0.7019023948960902,Ridge team runs alpha=0.01,0.5043775624699648,0.9079789855415724,1.0990840196716396,1.3679473089261374,0.35540890269955316,0.4014806503923081,0.13318296196532528,-0.05902666600079092,-0.27573919829847787,0.0,0.0,0.0
RIDGE_EVENT_A0.01__RATE025,RIDGE_EVENT_A0.01,0.25,0.6226790946344761,0.7056364760379136,Ridge team runs alpha=0.01,0.5043775624699648,0.9079789855415724,1.0990840196716396,1.3679473089261374,0.35540890269955316,0.4014806503923081,0.13318296196532528,-0.05902666600079092,-0.27573919829847787,0.0,0.0,0.0
RIDGE_EVENT_A0.01__RATE050,RIDGE_EVENT_A0.01,0.5,0.6423493961852628,0.7271980099445986,Ridge team runs alpha=0.01,0.5043775624699648,0.9079789855415724,1.0990840196716396,1.3679473089261374,0.35540890269955316,0.4014806503923081,0.13318296196532528,-0.05902666600079092,-0.27573919829847787,0.0,0.0,0.0
RIDGE_EVENT_A0.01__RATE075,RIDGE_EVENT_A0.01,0.75,0.6620196977360492,0.7650812375280195,Ridge team runs alpha=0.01,0.5043775624699648,0.9079789855415724,1.0990840196716396,1.3679473089261374,0.35540890269955316,0.4014806503923081,0.13318296196532528,-0.05902666600079092,-0.27573919829847787,0.0,0.0,0.0
RIDGE_EVENT_A0.01__RATE100,RIDGE_EVENT_A0.01,1.0,0.6816899992868358,0.817018910041419,Ridge team runs alpha=0.01,0.5043775624699648,0.9079789855415724,1.0990840196716396,1.3679473089261374,0.35540890269955316,0.4014806503923081,0.13318296196532528,-0.05902666600079092,-0.27573919829847787,0.0,0.0,0.0
RIDGE_EVENT_A0.1__RATE000,RIDGE_EVENT_A0.1,0.0,0.6029497320525757,0.7018235355876579,Ridge team runs alpha=0.1,0.5043768582925993,0.9079205144221949,1.097845610003441,1.3676727337247283,0.3554155472100562,0.4014008896548174,0.1331798455549379,-0.059053371279454654,-0.2756777261825686,0.0,0.0,0.0
RIDGE_EVENT_A0.1__RATE025,RIDGE_EVENT_A0.1,0.25,0.6226181897886892,0.7055590693842007,Ridge team runs alpha=0.1,0.5043768582925993,0.9079205144221949,1.097845610003441,1.3676727337247283,0.3554155472100562,0.4014008896548174,0.1331798455549379,-0.059053371279454654,-0.2756777261825686,0.0,0.0,0.0
RIDGE_EVENT_A0.1__RATE050,RIDGE_EVENT_A0.1,0.5,0.6422866475248026,0.7271213017022126,Ridge team runs alpha=0.1,0.5043768582925993,0.9079205144221949,1.097845610003441,1.3676727337247283,0.3554155472100562,0.4014008896548174,0.1331798455549379,-0.059053371279454654,-0.2756777261825686,0.0,0.0,0.0
RIDGE_EVENT_A0.1__RATE075,RIDGE_EVENT_A0.1,0.75,0.6619551052609162,0.7650043373087645,Ridge team runs alpha=0.1,0.5043768582925993,0.9079205144221949,1.097845610003441,1.3676727337247283,0.3554155472100562,0.4014008896548174,0.1331798455549379,-0.059053371279454654,-0.2756777261825686,0.0,0.0,0.0
RIDGE_EVENT_A0.1__RATE100,RIDGE_EVENT_A0.1,1.0,0.6816235629970295,0.816940846406033,Ridge team runs alpha=0.1,0.5043768582925993,0.9079205144221949,1.097845610003441,1.3676727337247283,0.3554155472100562,0.4014008896548174,0.1331798455549379,-0.059053371279454654,-0.2756777261825686,0.0,0.0,0.0
RIDGE_EVENT_A1__RATE000,RIDGE_EVENT_A1,0.0,0.6023626698394348,0.7010403215350769,Ridge team runs alpha=1,0.5043697911093811,0.9073331303209441,1.0856123938905247,1.3649368667271558,0.3554809291723388,0.4006046495332601,0.13314863925759354,-0.05931799864987278,-0.2750620657682259,0.0,0.0,0.0
RIDGE_EVENT_A1__RATE025,RIDGE_EVENT_A1,0.25,0.622012793900059,0.7047901662444238,Ridge team runs alpha=1,0.5043697911093811,0.9073331303209441,1.0856123938905247,1.3649368667271558,0.3554809291723388,0.4006046495332601,0.13314863925759354,-0.05931799864987278,-0.2750620657682259,0.0,0.0,0.0
RIDGE_EVENT_A1__RATE050,RIDGE_EVENT_A1,0.5,0.6416629179606832,0.7263591499242154,Ridge team runs alpha=1,0.5043697911093811,0.9073331303209441,1.0856123938905247,1.3649368667271558,0.3554809291723388,0.4006046495332601,0.13314863925759354,-0.05931799864987278,-0.2750620657682259,0.0,0.0,0.0
RIDGE_EVENT_A1__RATE075,RIDGE_EVENT_A1,0.75,0.6613130420213076,0.7642400415768349,Ridge team runs alpha=1,0.5043697911093811,0.9073331303209441,1.0856123938905247,1.3649368667271558,0.3554809291723388,0.4006046495332601,0.13314863925759354,-0.05931799864987278,-0.2750620657682259,0.0,0.0,0.0
RIDGE_EVENT_A1__RATE100,RIDGE_EVENT_A1,1.0,0.6809631660819317,0.8161647247014806,Ridge team runs alpha=1,0.5043697911093811,0.9073331303209441,1.0856123938905247,1.3649368667271558,0.3554809291723388,0.4006046495332601,0.13314863925759354,-0.05931799864987278,-0.2750620657682259,0.0,0.0,0.0
RIDGE_EVENT_A10__RATE000,RIDGE_EVENT_A10,0.0,0.5968109597494172,0.6936835451424603,Ridge team runs alpha=10,0.5042956671232315,0.9012309830225202,0.9767013518641245,1.3384977323609033,0.3560392635166662,0.3927834039467263,0.1328306279944964,-0.06174757924087894,-0.26884597216211986,0.0,0.0,0.0
RIDGE_EVENT_A10__RATE025,RIDGE_EVENT_A10,0.25,0.6162871133063522,0.6975573288110128,Ridge team runs alpha=10,0.5042956671232315,0.9012309830225202,0.9767013518641245,1.3384977323609033,0.3560392635166662,0.3927834039467263,0.1328306279944964,-0.06174757924087894,-0.26884597216211986,0.0,0.0,0.0
RIDGE_EVENT_A10__RATE050,RIDGE_EVENT_A10,0.5,0.6357632668632872,0.7191732891308616,Ridge team runs alpha=10,0.5042956671232315,0.9012309830225202,0.9767013518641245,1.3384977323609033,0.3560392635166662,0.3927834039467263,0.1328306279944964,-0.06174757924087894,-0.26884597216211986,0.0,0.0,0.0
RIDGE_EVENT_A10__RATE075,RIDGE_EVENT_A10,0.75,0.6552394204202223,0.7570131037607284,Ridge team runs alpha=10,0.5042956671232315,0.9012309830225202,0.9767013518641245,1.3384977323609033,0.3560392635166662,0.3927834039467263,0.1328306279944964,-0.06174757924087894,-0.26884597216211986,0.0,0.0,0.0
RIDGE_EVENT_A10__RATE100,RIDGE_EVENT_A10,1.0,0.6747155739771574,0.8088028717656753,Ridge team runs alpha=10,0.5042956671232315,0.9012309830225202,0.9767013518641245,1.3384977323609033,0.3560392635166662,0.3927834039467263,0.1328306279944964,-0.06174757924087894,-0.26884597216211986,0.0,0.0,0.0
RIDGE_EVENT_A100__RATE000,RIDGE_EVENT_A100,0.0,0.5570203763505269,0.6424021261104607,Ridge team runs alpha=100,0.5028820444666535,0.83433691868805,0.48645989000168655,1.132010361641043,0.3569567884740607,0.32853292847293736,0.12872698231825447,-0.07592202233104801,-0.21314022742286465,0.0,0.0,0.0
RIDGE_EVENT_A100__RATE025,RIDGE_EVENT_A100,0.25,0.5752115250057863,0.6467193824962577,Ridge team runs alpha=100,0.5028820444666535,0.83433691868805,0.48645989000168655,1.132010361641043,0.3569567884740607,0.32853292847293736,0.12872698231825447,-0.07592202233104801,-0.21314022742286465,0.0,0.0,0.0
RIDGE_EVENT_A100__RATE050,RIDGE_EVENT_A100,0.5,0.5934026736610458,0.6680122110146408,Ridge team runs alpha=100,0.5028820444666535,0.83433691868805,0.48645989000168655,1.132010361641043,0.3569567884740607,0.32853292847293736,0.12872698231825447,-0.07592202233104801,-0.21314022742286465,0.0,0.0,0.0
RIDGE_EVENT_A100__RATE075,RIDGE_EVENT_A100,0.75,0.6115938223163051,0.7047436092198532,Ridge team runs alpha=100,0.5028820444666535,0.83433691868805,0.48645989000168655,1.132010361641043,0.3569567884740607,0.32853292847293736,0.12872698231825447,-0.07592202233104801,-0.21314022742286465,0.0,0.0,0.0
RIDGE_EVENT_A100__RATE100,RIDGE_EVENT_A100,1.0,0.6297849709715646,0.7546626277423635,Ridge team runs alpha=100,0.5028820444666535,0.83433691868805,0.48645989000168655,1.132010361641043,0.3569567884740607,0.32853292847293736,0.12872698231825447,-0.07592202233104801,-0.21314022742286465,0.0,0.0,0.0
RIDGE_POS_A0.01__RATE000,RIDGE_POS_A0.01,0.0,0.6587206702055035,0.6993236478080971,positive Ridge team runs alpha=0.01,0.5090383541993277,0.9226938691648552,1.1538774275979875,1.367447223299637,0.34823307546259447,0.404036919076063,0.14642284524436963,0.0,0.0,0.0,0.0,0.0
RIDGE_POS_A0.01__RATE025,RIDGE_POS_A0.01,0.25,0.6821872272450079,0.6970259273314576,positive Ridge team runs alpha=0.01,0.5090383541993277,0.9226938691648552,1.1538774275979875,1.367447223299637,0.34823307546259447,0.404036919076063,0.14642284524436963,0.0,0.0,0.0,0.0,0.0
RIDGE_POS_A0.01__RATE050,RIDGE_POS_A0.01,0.5,0.7056537842845123,0.7128469950974436,positive Ridge team runs alpha=0.01,0.5090383541993277,0.9226938691648552,1.1538774275979875,1.367447223299637,0.34823307546259447,0.404036919076063,0.14642284524436963,0.0,0.0,0.0,0.0,0.0
RIDGE_POS_A0.01__RATE075,RIDGE_POS_A0.01,0.75,0.7291203413240166,0.7456343940063066,positive Ridge team runs alpha=0.01,0.5090383541993277,0.9226938691648552,1.1538774275979875,1.367447223299637,0.34823307546259447,0.404036919076063,0.14642284524436963,0.0,0.0,0.0,0.0,0.0
RIDGE_POS_A0.01__RATE100,RIDGE_POS_A0.01,1.0,0.752586898363521,0.7932871968520421,positive Ridge team runs alpha=0.01,0.5090383541993277,0.9226938691648552,1.1538774275979875,1.367447223299637,0.34823307546259447,0.404036919076063,0.14642284524436963,0.0,0.0,0.0,0.0,0.0
RIDGE_POS_A0.1__RATE000,RIDGE_POS_A0.1,0.0,0.658676211476983,0.6992452690035137,positive Ridge team runs alpha=0.1,0.5090375978086287,0.9226410870053897,1.1526046417056843,1.3671819160732568,0.3482436166180756,0.40396735054440336,0.1464088729156304,0.0,0.0,0.0,0.0,0.0
RIDGE_POS_A0.1__RATE025,RIDGE_POS_A0.1,0.25,0.6821419713611695,0.6969473577282769,positive Ridge team runs alpha=0.1,0.5090375978086287,0.9226410870053897,1.1526046417056843,1.3671819160732568,0.3482436166180756,0.40396735054440336,0.1464088729156304,0.0,0.0,0.0,0.0,0.0
RIDGE_POS_A0.1__RATE050,RIDGE_POS_A0.1,0.5,0.7056077312453558,0.7127676778790798,positive Ridge team runs alpha=0.1,0.5090375978086287,0.9226410870053897,1.1526046417056843,1.3671819160732568,0.3482436166180756,0.40396735054440336,0.1464088729156304,0.0,0.0,0.0,0.0,0.0
RIDGE_POS_A0.1__RATE075,RIDGE_POS_A0.1,0.75,0.7290734911295425,0.7455537376862401,positive Ridge team runs alpha=0.1,0.5090375978086287,0.9226410870053897,1.1526046417056843,1.3671819160732568,0.3482436166180756,0.40396735054440336,0.1464088729156304,0.0,0.0,0.0,0.0,0.0
RIDGE_POS_A0.1__RATE100,RIDGE_POS_A0.1,1.0,0.7525392510137288,0.79320455047282,positive Ridge team runs alpha=0.1,0.5090375978086287,0.9226410870053897,1.1526046417056843,1.3671819160732568,0.3482436166180756,0.40396735054440336,0.1464088729156304,0.0,0.0,0.0,0.0,0.0
RIDGE_POS_A1__RATE000,RIDGE_POS_A1,0.0,0.6582337067950667,0.6984673368579573,positive Ridge team runs alpha=1,0.5090291478188359,0.9221131712258089,1.140030747106549,1.364538387954376,0.34834883407514555,0.40327736452002017,0.1462652464081691,0.0,0.0,0.0,0.0,0.0
RIDGE_POS_A1__RATE025,RIDGE_POS_A1,0.25,0.6816915144281875,0.6961675301426208,positive Ridge team runs alpha=1,0.5090291478188359,0.9221131712258089,1.140030747106549,1.364538387954376,0.34834883407514555,0.40327736452002017,0.1462652464081691,0.0,0.0,0.0,0.0,0.0
RIDGE_POS_A1__RATE050,RIDGE_POS_A1,0.5,0.7051493220613086,0.7119803796564572,positive Ridge team runs alpha=1,0.5090291478188359,0.9221131712258089,1.140030747106549,1.364538387954376,0.34834883407514555,0.40327736452002017,0.1462652464081691,0.0,0.0,0.0,0.0,0.0
RIDGE_POS_A1__RATE075,RIDGE_POS_A1,0.75,0.7286071296944296,0.7447530554687745,positive Ridge team runs alpha=1,0.5090291478188359,0.9221131712258089,1.140030747106549,1.364538387954376,0.34834883407514555,0.40327736452002017,0.1462652464081691,0.0,0.0,0.0,0.0,0.0
RIDGE_POS_A1__RATE100,RIDGE_POS_A1,1.0,0.7520649373275506,0.7923839901637617,positive Ridge team runs alpha=1,0.5090291478188359,0.9221131712258089,1.140030747106549,1.364538387954376,0.34834883407514555,0.40327736452002017,0.1462652464081691,0.0,0.0,0.0,0.0,0.0
RIDGE_POS_A10__RATE000,RIDGE_POS_A10,0.0,0.6540046266521856,0.6912033566647524,positive Ridge team runs alpha=10,0.5089191272012877,0.9167628900939864,1.0278418249303145,1.3389670960573454,0.34934595383893036,0.3967877324138333,0.14456628901331248,0.0,0.0,0.0,0.0,0.0
RIDGE_POS_A10__RATE025,RIDGE_POS_A10,0.25,0.6773844500205687,0.6888845517021938,positive Ridge team runs alpha=10,0.5089191272012877,0.9167628900939864,1.0278418249303145,1.3389670960573454,0.34934595383893036,0.3967877324138333,0.14456628901331248,0.0,0.0,0.0,0.0,0.0
RIDGE_POS_A10__RATE050,RIDGE_POS_A10,0.5,0.7007642733889516,0.7046218670126791,positive Ridge team runs alpha=10,0.5089191272012877,0.9167628900939864,1.0278418249303145,1.3389670960573454,0.34934595383893036,0.3967877324138333,0.14456628901331248,0.0,0.0,0.0,0.0,0.0
RIDGE_POS_A10__RATE075,RIDGE_POS_A10,0.75,0.7241440967573348,0.737259947345659,positive Ridge team runs alpha=10,0.5089191272012877,0.9167628900939864,1.0278418249303145,1.3389670960573454,0.34934595383893036,0.3967877324138333,0.14456628901331248,0.0,0.0,0.0,0.0,0.0
RIDGE_POS_A10__RATE100,RIDGE_POS_A10,1.0,0.7475239201257177,0.7846927354302469,positive Ridge team runs alpha=10,0.5089191272012877,0.9167628900939864,1.0278418249303145,1.3389670960573454,0.34934595383893036,0.3967877324138333,0.14456628901331248,0.0,0.0,0.0,0.0,0.0
RIDGE_POS_A100__RATE000,RIDGE_POS_A100,0.0,0.6213372899582935,0.6412156177646289,positive Ridge team runs alpha=100,0.5100265937576131,0.8519939051476285,0.5157613136477089,1.138182206851417,0.3522321442794752,0.33247127604315607,0.13020130554050632,0.0,0.0,0.0,0.0,0.0
RIDGE_POS_A100__RATE025,RIDGE_POS_A100,0.25,0.6439160883482851,0.6385833699476905,positive Ridge team runs alpha=100,0.5100265937576131,0.8519939051476285,0.5157613136477089,1.138182206851417,0.3522321442794752,0.33247127604315607,0.13020130554050632,0.0,0.0,0.0,0.0,0.0
RIDGE_POS_A100__RATE050,RIDGE_POS_A100,0.5,0.6664948867382765,0.6533476719262572,positive Ridge team runs alpha=100,0.5100265937576131,0.8519939051476285,0.5157613136477089,1.138182206851417,0.3522321442794752,0.33247127604315607,0.13020130554050632,0.0,0.0,0.0,0.0,0.0
RIDGE_POS_A100__RATE075,RIDGE_POS_A100,0.75,0.6890736851282679,0.6843835537024605,positive Ridge team runs alpha=100,0.5100265937576131,0.8519939051476285,0.5157613136477089,1.138182206851417,0.3522321442794752,0.33247127604315607,0.13020130554050632,0.0,0.0,0.0,0.0,0.0
RIDGE_POS_A100__RATE100,RIDGE_POS_A100,1.0,0.7116524835182595,0.7296175195776169,positive Ridge team runs alpha=100,0.5100265937576131,0.8519939051476285,0.5157613136477089,1.138182206851417,0.3522321442794752,0.33247127604315607,0.13020130554050632,0.0,0.0,0.0,0.0,0.0
RIDGE_CONTEXT_A0.01__RATE000,RIDGE_CONTEXT_A0.01,0.0,0.4207505725741663,0.6662177136689734,Ridge context team runs alpha=0.01,-0.0006005783312280044,-0.03482311067741579,0.09268263368448783,-0.040432945632726036,-0.011851545815497903,-0.08601140982844144,0.0045289131666812425,0.004235863628755858,0.002651176389223712,1.0142166759871518,-0.03828171376806609,0.3733353101407109
RIDGE_CONTEXT_A0.01__RATE025,RIDGE_CONTEXT_A0.01,0.25,0.43121978231621655,0.6810367817555925,Ridge context team runs alpha=0.01,-0.0006005783312280044,-0.03482311067741579,0.09268263368448783,-0.040432945632726036,-0.011851545815497903,-0.08601140982844144,0.0045289131666812425,0.004235863628755858,0.002651176389223712,1.0142166759871518,-0.03828171376806609,0.3733353101407109
RIDGE_CONTEXT_A0.01__RATE050,RIDGE_CONTEXT_A0.01,0.5,0.4416889920582668,0.7151906659024172,Ridge context team runs alpha=0.01,-0.0006005783312280044,-0.03482311067741579,0.09268263368448783,-0.040432945632726036,-0.011851545815497903,-0.08601140982844144,0.0045289131666812425,0.004235863628755858,0.002651176389223712,1.0142166759871518,-0.03828171376806609,0.3733353101407109
RIDGE_CONTEXT_A0.01__RATE075,RIDGE_CONTEXT_A0.01,0.75,0.4521582018003171,0.7660977832340332,Ridge context team runs alpha=0.01,-0.0006005783312280044,-0.03482311067741579,0.09268263368448783,-0.040432945632726036,-0.011851545815497903,-0.08601140982844144,0.0045289131666812425,0.004235863628755858,0.002651176389223712,1.0142166759871518,-0.03828171376806609,0.3733353101407109
RIDGE_CONTEXT_A0.01__RATE100,RIDGE_CONTEXT_A0.01,1.0,0.46262741154236736,0.8306837381040302,Ridge context team runs alpha=0.01,-0.0006005783312280044,-0.03482311067741579,0.09268263368448783,-0.040432945632726036,-0.011851545815497903,-0.08601140982844144,0.0045289131666812425,0.004235863628755858,0.002651176389223712,1.0142166759871518,-0.03828171376806609,0.3733353101407109
RIDGE_CONTEXT_A0.1__RATE000,RIDGE_CONTEXT_A0.1,0.0,0.4207413620015636,0.6660238751575711,Ridge context team runs alpha=0.1,-0.000589610931144257,-0.03479222204169423,0.09257316599705273,-0.04044417031050755,-0.011841178156772181,-0.08596912741512136,0.004570849158410894,0.0042194917035148095,0.0026449617395794306,1.0136994207177317,-0.03773785412945125,0.37295436169359086
RIDGE_CONTEXT_A0.1__RATE025,RIDGE_CONTEXT_A0.1,0.25,0.4312105683105565,0.6808274431780437,Ridge context team runs alpha=0.1,-0.000589610931144257,-0.03479222204169423,0.09257316599705273,-0.04044417031050755,-0.011841178156772181,-0.08596912741512136,0.004570849158410894,0.0042194917035148095,0.0026449617395794306,1.0136994207177317,-0.03773785412945125,0.37295436169359086
RIDGE_CONTEXT_A0.1__RATE050,RIDGE_CONTEXT_A0.1,0.5,0.44167977461954927,0.714957542795198,Ridge context team runs alpha=0.1,-0.000589610931144257,-0.03479222204169423,0.09257316599705273,-0.04044417031050755,-0.011841178156772181,-0.08596912741512136,0.004570849158410894,0.0042194917035148095,0.0026449617395794306,1.0136994207177317,-0.03773785412945125,0.37295436169359086
RIDGE_CONTEXT_A0.1__RATE075,RIDGE_CONTEXT_A0.1,0.75,0.4521489809285422,0.7658346062473886,Ridge context team runs alpha=0.1,-0.000589610931144257,-0.03479222204169423,0.09257316599705273,-0.04044417031050755,-0.011841178156772181,-0.08596912741512136,0.004570849158410894,0.0042194917035148095,0.0026449617395794306,1.0136994207177317,-0.03773785412945125,0.37295436169359086
RIDGE_CONTEXT_A0.1__RATE100,RIDGE_CONTEXT_A0.1,1.0,0.4626181872375351,0.830386100415577,Ridge context team runs alpha=0.1,-0.000589610931144257,-0.03479222204169423,0.09257316599705273,-0.04044417031050755,-0.011841178156772181,-0.08596912741512136,0.004570849158410894,0.0042194917035148095,0.0026449617395794306,1.0136994207177317,-0.03773785412945125,0.37295436169359086
RIDGE_CONTEXT_A1__RATE000,RIDGE_CONTEXT_A1,0.0,0.42065135585052355,0.6641188052097163,Ridge context team runs alpha=1,-0.00047910666565269147,-0.034483067296485995,0.09149694002254413,-0.040548295469971414,-0.011737200964723334,-0.08554757963090164,0.004984770614270787,0.004057649867296584,0.002582518723347217,1.0085833033551035,-0.0323632366967883,0.36919261716578167
RIDGE_CONTEXT_A1__RATE025,RIDGE_CONTEXT_A1,0.25,0.43112058718494595,0.6787695600184123,Ridge context team runs alpha=1,-0.00047910666565269147,-0.034483067296485995,0.09149694002254413,-0.040548295469971414,-0.011737200964723334,-0.08554757963090164,0.004984770614270787,0.004057649867296584,0.002582518723347217,1.0085833033551035,-0.0323632366967883,0.36919261716578167
RIDGE_CONTEXT_A1__RATE050,RIDGE_CONTEXT_A1,0.5,0.4415898185193683,0.7126650745067715,Ridge context team runs alpha=1,-0.00047910666565269147,-0.034483067296485995,0.09149694002254413,-0.040548295469971414,-0.011737200964723334,-0.08554757963090164,0.004984770614270787,0.004057649867296584,0.002582518723347217,1.0085833033551035,-0.0323632366967883,0.36919261716578167
RIDGE_CONTEXT_A1__RATE075,RIDGE_CONTEXT_A1,0.75,0.45205904985379075,0.7632456785830112,Ridge context team runs alpha=1,-0.00047910666565269147,-0.034483067296485995,0.09149694002254413,-0.040548295469971414,-0.011737200964723334,-0.08554757963090164,0.004984770614270787,0.004057649867296584,0.002582518723347217,1.0085833033551035,-0.0323632366967883,0.36919261716578167
RIDGE_CONTEXT_A1__RATE100,RIDGE_CONTEXT_A1,1.0,0.4625282811882132,0.8274572423813122,Ridge context team runs alpha=1,-0.00047910666565269147,-0.034483067296485995,0.09149694002254413,-0.040548295469971414,-0.011737200964723334,-0.08554757963090164,0.004984770614270787,0.004057649867296584,0.002582518723347217,1.0085833033551035,-0.0323632366967883,0.36919261716578167
RIDGE_CONTEXT_A10__RATE000,RIDGE_CONTEXT_A10,0.0,0.41993276839629384,0.6479685184491737,Ridge context team runs alpha=10,0.0006927937237513317,-0.03138239906773734,0.08231262114823473,-0.04089503122500975,-0.010675161499367054,-0.08146257548098569,0.008640146604828767,0.002605564377377308,0.001936349171382311,0.9624827910677693,0.01566468650819674,0.33580641301009156
RIDGE_CONTEXT_A10__RATE025,RIDGE_CONTEXT_A10,0.25,0.43040723066470316,0.66128525811017,Ridge context team runs alpha=10,0.0006927937237513317,-0.03138239906773734,0.08231262114823473,-0.04089503122500975,-0.010675161499367054,-0.08146257548098569,0.008640146604828767,0.002605564377377308,0.001936349171382311,0.9624827910677693,0.01566468650819674,0.33580641301009156
RIDGE_CONTEXT_A10__RATE050,RIDGE_CONTEXT_A10,0.5,0.4408816929331124,0.6931245413114185,Ridge context team runs alpha=10,0.0006927937237513317,-0.03138239906773734,0.08231262114823473,-0.04089503122500975,-0.010675161499367054,-0.08146257548098569,0.008640146604828767,0.002605564377377308,0.001936349171382311,0.9624827910677693,0.01566468650819674,0.33580641301009156
RIDGE_CONTEXT_A10__RATE075,RIDGE_CONTEXT_A10,0.75,0.45135615520152184,0.7411029027228324,Ridge context team runs alpha=10,0.0006927937237513317,-0.03138239906773734,0.08231262114823473,-0.04089503122500975,-0.010675161499367054,-0.08146257548098569,0.008640146604828767,0.002605564377377308,0.001936349171382311,0.9624827910677693,0.01566468650819674,0.33580641301009156
RIDGE_CONTEXT_A10__RATE100,RIDGE_CONTEXT_A10,1.0,0.4618306174699311,0.8023302565415098,Ridge context team runs alpha=10,0.0006927937237513317,-0.03138239906773734,0.08231262114823473,-0.04089503122500975,-0.010675161499367054,-0.08146257548098569,0.008640146604828767,0.002605564377377308,0.001936349171382311,0.9624827910677693,0.01566468650819674,0.33580641301009156
RIDGE_CONTEXT_A100__RATE000,RIDGE_CONTEXT_A100,0.0,0.4192548300776019,0.5969108850710291,Ridge context team runs alpha=100,0.013179168775554887,-0.00496611983967941,0.04783844275628013,-0.02257994250510924,-0.0005625151827119327,-0.05188766212866003,0.023673375436478798,-0.004593577220307787,-0.0037593121531215388,0.7379868978364462,0.23434295731790147,0.18740925962524102
RIDGE_CONTEXT_A100__RATE025,RIDGE_CONTEXT_A100,0.25,0.42991610799114804,0.6051172724454845,Ridge context team runs alpha=100,0.013179168775554887,-0.00496611983967941,0.04783844275628013,-0.02257994250510924,-0.0005625151827119327,-0.05188766212866003,0.023673375436478798,-0.004593577220307787,-0.0037593121531215388,0.7379868978364462,0.23434295731790147,0.18740925962524102
RIDGE_CONTEXT_A100__RATE050,RIDGE_CONTEXT_A100,0.5,0.44057738590469414,0.6288322595509929,Ridge context team runs alpha=100,0.013179168775554887,-0.00496611983967941,0.04783844275628013,-0.02257994250510924,-0.0005625151827119327,-0.05188766212866003,0.023673375436478798,-0.004593577220307787,-0.0037593121531215388,0.7379868978364462,0.23434295731790147,0.18740925962524102
RIDGE_CONTEXT_A100__RATE075,RIDGE_CONTEXT_A100,0.75,0.45123866381824024,0.6664022032051761,Ridge context team runs alpha=100,0.013179168775554887,-0.00496611983967941,0.04783844275628013,-0.02257994250510924,-0.0005625151827119327,-0.05188766212866003,0.023673375436478798,-0.004593577220307787,-0.0037593121531215388,0.7379868978364462,0.23434295731790147,0.18740925962524102
RIDGE_CONTEXT_A100__RATE100,RIDGE_CONTEXT_A100,1.0,0.4618999417317862,0.7156483569225737,Ridge context team runs alpha=100,0.013179168775554887,-0.00496611983967941,0.04783844275628013,-0.02257994250510924,-0.0005625151827119327,-0.05188766212866003,0.023673375436478798,-0.004593577220307787,-0.0037593121531215388,0.7379868978364462,0.23434295731790147,0.18740925962524102
HUBER_EVENT_E1.2__RATE000,HUBER_EVENT_E1.2,0.0,0.595602012771512,0.6979073649824402,Huber team runs epsilon=1.2,0.4793204270601613,0.9194106741492691,1.0292672690173663,1.4318634394272531,0.31487856029949984,0.4405310425142558,0.18358854693721816,-0.043748577437268156,-0.2981126025797639,0.0,0.0,0.0
HUBER_EVENT_E1.2__RATE025,HUBER_EVENT_E1.2,0.25,0.6150664075075097,0.7016261672948835,Huber team runs epsilon=1.2,0.4793204270601613,0.9194106741492691,1.0292672690173663,1.4318634394272531,0.31487856029949984,0.4405310425142558,0.18358854693721816,-0.043748577437268156,-0.2981126025797639,0.0,0.0,0.0
HUBER_EVENT_E1.2__RATE050,HUBER_EVENT_E1.2,0.5,0.6345308022435074,0.7228795652214882,Huber team runs epsilon=1.2,0.4793204270601613,0.9194106741492691,1.0292672690173663,1.4318634394272531,0.31487856029949984,0.4405310425142558,0.18358854693721816,-0.043748577437268156,-0.2981126025797639,0.0,0.0,0.0
HUBER_EVENT_E1.2__RATE075,HUBER_EVENT_E1.2,0.75,0.6539951969795053,0.7601982975792784,Huber team runs epsilon=1.2,0.4793204270601613,0.9194106741492691,1.0292672690173663,1.4318634394272531,0.31487856029949984,0.4405310425142558,0.18358854693721816,-0.043748577437268156,-0.2981126025797639,0.0,0.0,0.0
HUBER_EVENT_E1.2__RATE100,HUBER_EVENT_E1.2,1.0,0.673459591715503,0.8113686191342279,Huber team runs epsilon=1.2,0.4793204270601613,0.9194106741492691,1.0292672690173663,1.4318634394272531,0.31487856029949984,0.4405310425142558,0.18358854693721816,-0.043748577437268156,-0.2981126025797639,0.0,0.0,0.0
HUBER_EVENT_E1.5__RATE000,HUBER_EVENT_E1.5,0.0,0.595361093361065,0.6961998225433452,Huber team runs epsilon=1.5,0.4887926275326842,0.9016349031522083,1.0779430000876395,1.4035553756129064,0.32274531113248206,0.4702722994228688,0.15157982408128445,-0.0491855705912727,-0.29623868614515525,0.0,0.0,0.0
HUBER_EVENT_E1.5__RATE025,HUBER_EVENT_E1.5,0.25,0.6148559434821383,0.6999447670463456,Huber team runs epsilon=1.5,0.4887926275326842,0.9016349031522083,1.0779430000876395,1.4035553756129064,0.32274531113248206,0.4702722994228688,0.15157982408128445,-0.0491855705912727,-0.29623868614515525,0.0,0.0,0.0
HUBER_EVENT_E1.5__RATE050,HUBER_EVENT_E1.5,0.5,0.6343507936032119,0.7212678412159869,Huber team runs epsilon=1.5,0.4887926275326842,0.9016349031522083,1.0779430000876395,1.4035553756129064,0.32274531113248206,0.4702722994228688,0.15157982408128445,-0.0491855705912727,-0.29623868614515525,0.0,0.0,0.0
HUBER_EVENT_E1.5__RATE075,HUBER_EVENT_E1.5,0.75,0.6538456437242854,0.7586883803511205,Huber team runs epsilon=1.5,0.4887926275326842,0.9016349031522083,1.0779430000876395,1.4035553756129064,0.32274531113248206,0.4702722994228688,0.15157982408128445,-0.0491855705912727,-0.29623868614515525,0.0,0.0,0.0
HUBER_EVENT_E1.5__RATE100,HUBER_EVENT_E1.5,1.0,0.6733404938453588,0.8099783676357488,Huber team runs epsilon=1.5,0.4887926275326842,0.9016349031522083,1.0779430000876395,1.4035553756129064,0.32274531113248206,0.4702722994228688,0.15157982408128445,-0.0491855705912727,-0.29623868614515525,0.0,0.0,0.0
HUBER_EVENT_E2__RATE000,HUBER_EVENT_E2,0.0,0.6038243672726289,0.702698965517441,Huber team runs epsilon=2.0,0.49918934815753063,0.9082186306050286,1.0620738992001393,1.3913781436797934,0.34059352107799906,0.4709161661300799,0.14316624332063746,-0.051908439971710296,-0.3018214727384274,0.0,0.0,0.0
HUBER_EVENT_E2__RATE025,HUBER_EVENT_E2,0.25,0.6236621083146335,0.7064242496678922,Huber team runs epsilon=2.0,0.49918934815753063,0.9082186306050286,1.0620738992001393,1.3913781436797934,0.34059352107799906,0.4709161661300799,0.14316624332063746,-0.051908439971710296,-0.3018214727384274,0.0,0.0,0.0
HUBER_EVENT_E2__RATE050,HUBER_EVENT_E2,0.5,0.6434998493566382,0.728027215956991,Huber team runs epsilon=2.0,0.49918934815753063,0.9082186306050286,1.0620738992001393,1.3913781436797934,0.34059352107799906,0.4709161661300799,0.14316624332063746,-0.051908439971710296,-0.3018214727384274,0.0,0.0,0.0
HUBER_EVENT_E2__RATE075,HUBER_EVENT_E2,0.75,0.6633375903986429,0.7659967729076999,Huber team runs epsilon=2.0,0.49918934815753063,0.9082186306050286,1.0620738992001393,1.3913781436797934,0.34059352107799906,0.4709161661300799,0.14316624332063746,-0.051908439971710296,-0.3018214727384274,0.0,0.0,0.0
HUBER_EVENT_E2__RATE100,HUBER_EVENT_E2,1.0,0.6831753314406475,0.8180571540617523,Huber team runs epsilon=2.0,0.49918934815753063,0.9082186306050286,1.0620738992001393,1.3913781436797934,0.34059352107799906,0.4709161661300799,0.14316624332063746,-0.051908439971710296,-0.3018214727384274,0.0,0.0,0.0
POISSON_EVENT_A0__RATE000,POISSON_EVENT_A0,0.0,0.1038542189077298,0.12247296559763085,Poisson team runs alpha=0,0.08746111042033153,0.14728910317921143,0.19975712636366852,0.2366468182027766,0.06912263993972793,0.05840067856719425,0.03494207346950991,-0.01334737333929133,-0.051291914422425804,0.0,0.0,0.0
POISSON_EVENT_A0__RATE025,POISSON_EVENT_A0,0.25,0.10712675909624315,0.12319290174311079,Poisson team runs alpha=0,0.08746111042033153,0.14728910317921143,0.19975712636366852,0.2366468182027766,0.06912263993972793,0.05840067856719425,0.03494207346950991,-0.01334737333929133,-0.051291914422425804,0.0,0.0,0.0
POISSON_EVENT_A0__RATE050,POISSON_EVENT_A0,0.5,0.11039929928475649,0.1269835207717562,Poisson team runs alpha=0,0.08746111042033153,0.14728910317921143,0.19975712636366852,0.2366468182027766,0.06912263993972793,0.05840067856719425,0.03494207346950991,-0.01334737333929133,-0.051291914422425804,0.0,0.0,0.0
POISSON_EVENT_A0__RATE075,POISSON_EVENT_A0,0.75,0.11367183947326985,0.13358367349862907,Poisson team runs alpha=0,0.08746111042033153,0.14728910317921143,0.19975712636366852,0.2366468182027766,0.06912263993972793,0.05840067856719425,0.03494207346950991,-0.01334737333929133,-0.051291914422425804,0.0,0.0,0.0
POISSON_EVENT_A0__RATE100,POISSON_EVENT_A0,1.0,0.1169443796617832,0.14260378982789917,Poisson team runs alpha=0,0.08746111042033153,0.14728910317921143,0.19975712636366852,0.2366468182027766,0.06912263993972793,0.05840067856719425,0.03494207346950991,-0.01334737333929133,-0.051291914422425804,0.0,0.0,0.0
POISSON_EVENT_A0.01__RATE000,POISSON_EVENT_A0.01,0.0,0.10377206131119548,0.12233976552547979,Poisson team runs alpha=0.01,0.08746764697513221,0.1472245166044315,0.1976297201197896,0.23619657145474965,0.06911614814610392,0.05829296167270703,0.03488620159513091,-0.01337619526476031,-0.05107915688511445,0.0,0.0,0.0
POISSON_EVENT_A0.01__RATE025,POISSON_EVENT_A0.01,0.25,0.10704282852748487,0.12306067871222633,Poisson team runs alpha=0.01,0.08746764697513221,0.1472245166044315,0.1976297201197896,0.23619657145474965,0.06911614814610392,0.05829296167270703,0.03488620159513091,-0.01337619526476031,-0.05107915688511445,0.0,0.0,0.0
POISSON_EVENT_A0.01__RATE050,POISSON_EVENT_A0.01,0.5,0.11031359574377425,0.1268512075132861,Poisson team runs alpha=0.01,0.08746764697513221,0.1472245166044315,0.1976297201197896,0.23619657145474965,0.06911614814610392,0.05829296167270703,0.03488620159513091,-0.01337619526476031,-0.05107915688511445,0.0,0.0,0.0
POISSON_EVENT_A0.01__RATE075,POISSON_EVENT_A0.01,0.75,0.11358436296006366,0.13345003872694947,Poisson team runs alpha=0.01,0.08746764697513221,0.1472245166044315,0.1976297201197896,0.23619657145474965,0.06911614814610392,0.05829296167270703,0.03488620159513091,-0.01337619526476031,-0.05107915688511445,0.0,0.0,0.0
POISSON_EVENT_A0.01__RATE100,POISSON_EVENT_A0.01,1.0,0.11685513017635307,0.14246747913489036,Poisson team runs alpha=0.01,0.08746764697513221,0.1472245166044315,0.1976297201197896,0.23619657145474965,0.06911614814610392,0.05829296167270703,0.03488620159513091,-0.01337619526476031,-0.05107915688511445,0.0,0.0,0.0
POISSON_EVENT_A0.1__RATE000,POISSON_EVENT_A0.1,0.0,0.10303560061251336,0.12120092925120104,Poisson team runs alpha=0.1,0.08750556589588701,0.14660148001406756,0.18014007136034169,0.23223105649555967,0.06904524703358948,0.05742130446343576,0.03443660514633981,-0.013645177269016885,-0.04927521817617423,0.0,0.0,0.0
POISSON_EVENT_A0.1__RATE025,POISSON_EVENT_A0.1,0.25,0.10628929134503907,0.12193199577860214,Poisson team runs alpha=0.1,0.08750556589588701,0.14660148001406756,0.18014007136034169,0.23223105649555967,0.06904524703358948,0.05742130446343576,0.03443660514633981,-0.013645177269016885,-0.04927521817617423,0.0,0.0,0.0
POISSON_EVENT_A0.1__RATE050,POISSON_EVENT_A0.1,0.5,0.10954298207756477,0.12572281665766796,Poisson team runs alpha=0.1,0.08750556589588701,0.14660148001406756,0.18014007136034169,0.23223105649555967,0.06904524703358948,0.05742130446343576,0.03443660514633981,-0.013645177269016885,-0.04927521817617423,0.0,0.0,0.0
POISSON_EVENT_A0.1__RATE075,POISSON_EVENT_A0.1,0.75,0.11279667281009047,0.13231065850001755,Poisson team runs alpha=0.1,0.08750556589588701,0.14660148001406756,0.18014007136034169,0.23223105649555967,0.06904524703358948,0.05742130446343576,0.03443660514633981,-0.013645177269016885,-0.04927521817617423,0.0,0.0,0.0
POISSON_EVENT_A0.1__RATE100,POISSON_EVENT_A0.1,1.0,0.11605036354261619,0.1413048575515543,Poisson team runs alpha=0.1,0.08750556589588701,0.14660148001406756,0.18014007136034169,0.23223105649555967,0.06904524703358948,0.05742130446343576,0.03443660514633981,-0.013645177269016885,-0.04927521817617423,0.0,0.0,0.0
POISSON_EVENT_A1__RATE000,POISSON_EVENT_A1,0.0,0.09736154276115785,0.11326587745995294,Poisson team runs alpha=1,0.08763145832258776,0.13857839584358167,0.09328407646381956,0.20081719981030016,0.06808710322388531,0.05020159294368764,0.030984234101938752,-0.015405873974418149,-0.03652451743390239,0.0,0.0,0.0
POISSON_EVENT_A1__RATE025,POISSON_EVENT_A1,0.25,0.10046520057781334,0.11404829262939514,Poisson team runs alpha=1,0.08763145832258776,0.13857839584358167,0.09328407646381956,0.20081719981030016,0.06808710322388531,0.05020159294368764,0.030984234101938752,-0.015405873974418149,-0.03652451743390239,0.0,0.0,0.0
POISSON_EVENT_A1__RATE050,POISSON_EVENT_A1,0.5,0.1035688583944688,0.11778876383504994,Poisson team runs alpha=1,0.08763145832258776,0.13857839584358167,0.09328407646381956,0.20081719981030016,0.06808710322388531,0.05020159294368764,0.030984234101938752,-0.015405873974418149,-0.03652451743390239,0.0,0.0,0.0
POISSON_EVENT_A1__RATE075,POISSON_EVENT_A1,0.75,0.1066725162111243,0.12422036265886581,Poisson team runs alpha=1,0.08763145832258776,0.13857839584358167,0.09328407646381956,0.20081719981030016,0.06808710322388531,0.05020159294368764,0.030984234101938752,-0.015405873974418149,-0.03652451743390239,0.0,0.0,0.0
POISSON_EVENT_A1__RATE100,POISSON_EVENT_A1,1.0,0.10977617402777975,0.13295311162817164,Poisson team runs alpha=1,0.08763145832258776,0.13857839584358167,0.09328407646381956,0.20081719981030016,0.06808710322388531,0.05020159294368764,0.030984234101938752,-0.015405873974418149,-0.03652451743390239,0.0,0.0,0.0
ENET_EVENT_A0.0001_L0.1__RATE000,ENET_EVENT_A0.0001_L0.1,0.0,0.6029815530631916,0.701863761806508,ElasticNet team runs alpha=0.0001 l1=0.1,0.5043775733394806,0.90795134944103,1.09848793149334,1.3678170296407524,0.355411327829026,0.40143336188487294,0.1331759257239557,-0.059037555916085324,-0.275697965431024,0.0,0.0,0.0
ENET_EVENT_A0.0001_L0.1__RATE025,ENET_EVENT_A0.0001_L0.1,0.25,0.6226510665340029,0.7055983214887753,ElasticNet team runs alpha=0.0001 l1=0.1,0.5043775733394806,0.90795134944103,1.09848793149334,1.3678170296407524,0.355411327829026,0.40143336188487294,0.1331759257239557,-0.059037555916085324,-0.275697965431024,0.0,0.0,0.0
ENET_EVENT_A0.0001_L0.1__RATE050,ENET_EVENT_A0.0001_L0.1,0.5,0.6423205800048141,0.7271599420752378,ElasticNet team runs alpha=0.0001 l1=0.1,0.5043775733394806,0.90795134944103,1.09848793149334,1.3678170296407524,0.355411327829026,0.40143336188487294,0.1331759257239557,-0.059037555916085324,-0.275697965431024,0.0,0.0,0.0
ENET_EVENT_A0.0001_L0.1__RATE075,ENET_EVENT_A0.0001_L0.1,0.75,0.6619900934756254,0.7650428160243323,ElasticNet team runs alpha=0.0001 l1=0.1,0.5043775733394806,0.90795134944103,1.09848793149334,1.3678170296407524,0.355411327829026,0.40143336188487294,0.1331759257239557,-0.059037555916085324,-0.275697965431024,0.0,0.0,0.0
ENET_EVENT_A0.0001_L0.1__RATE100,ENET_EVENT_A0.0001_L0.1,1.0,0.6816596069464367,0.8169796682063203,ElasticNet team runs alpha=0.0001 l1=0.1,0.5043775733394806,0.90795134944103,1.09848793149334,1.3678170296407524,0.355411327829026,0.40143336188487294,0.1331759257239557,-0.059037555916085324,-0.275697965431024,0.0,0.0,0.0
ENET_EVENT_A0.0001_L0.5__RATE000,ENET_EVENT_A0.0001_L0.5,0.0,0.6029872808830289,0.7018627884831968,ElasticNet team runs alpha=0.0001 l1=0.5,0.5043780081327328,0.9079536038993908,1.0985271619644186,1.3678325109327618,0.35540789035037296,0.40140060396587673,0.13315463244334777,-0.05902906167568292,-0.2756529585390386,0.0,0.0,0.0
ENET_EVENT_A0.0001_L0.5__RATE025,ENET_EVENT_A0.0001_L0.5,0.25,0.6226572124547585,0.7055964280793872,ElasticNet team runs alpha=0.0001 l1=0.5,0.5043780081327328,0.9079536038993908,1.0985271619644186,1.3678325109327618,0.35540789035037296,0.40140060396587673,0.13315463244334777,-0.05902906167568292,-0.2756529585390386,0.0,0.0,0.0
ENET_EVENT_A0.0001_L0.5__RATE050,ENET_EVENT_A0.0001_L0.5,0.5,0.6423271440264884,0.7271570121338602,ElasticNet team runs alpha=0.0001 l1=0.5,0.5043780081327328,0.9079536038993908,1.0985271619644186,1.3678325109327618,0.35540789035037296,0.40140060396587673,0.13315463244334777,-0.05902906167568292,-0.2756529585390386,0.0,0.0,0.0
ENET_EVENT_A0.0001_L0.5__RATE075,ENET_EVENT_A0.0001_L0.5,0.75,0.661997075598218,0.7650388073742195,ElasticNet team runs alpha=0.0001 l1=0.5,0.5043780081327328,0.9079536038993908,1.0985271619644186,1.3678325109327618,0.35540789035037296,0.40140060396587673,0.13315463244334777,-0.05902906167568292,-0.2756529585390386,0.0,0.0,0.0
ENET_EVENT_A0.0001_L0.5__RATE100,ENET_EVENT_A0.0001_L0.5,1.0,0.6816670071699478,0.8169745949524777,ElasticNet team runs alpha=0.0001 l1=0.5,0.5043780081327328,0.9079536038993908,1.0985271619644186,1.3678325109327618,0.35540789035037296,0.40140060396587673,0.13315463244334777,-0.05902906167568292,-0.2756529585390386,0.0,0.0,0.0
ENET_EVENT_A0.0001_L0.9__RATE000,ENET_EVENT_A0.0001_L0.9,0.0,0.6029930096646805,0.7018618159390518,ElasticNet team runs alpha=0.0001 l1=0.9,0.5043784430366101,0.9079558583409202,1.0985664143264078,1.367847993912631,0.3554044527168448,0.40136784203073717,0.13313333848958725,-0.05902056669716025,-0.2756079456605227,0.0,0.0,0.0
ENET_EVENT_A0.0001_L0.9__RATE025,ENET_EVENT_A0.0001_L0.9,0.25,0.6226633593823631,0.7055945353856956,ElasticNet team runs alpha=0.0001 l1=0.9,0.5043784430366101,0.9079558583409202,1.0985664143264078,1.367847993912631,0.3554044527168448,0.40136784203073717,0.13313333848958725,-0.05902056669716025,-0.2756079456605227,0.0,0.0,0.0
ENET_EVENT_A0.0001_L0.9__RATE050,ENET_EVENT_A0.0001_L0.9,0.5,0.6423337091000456,0.7271540828480394,ElasticNet team runs alpha=0.0001 l1=0.9,0.5043784430366101,0.9079558583409202,1.0985664143264078,1.367847993912631,0.3554044527168448,0.40136784203073717,0.13313333848958725,-0.05902056669716025,-0.2756079456605227,0.0,0.0,0.0
ENET_EVENT_A0.0001_L0.9__RATE075,ENET_EVENT_A0.0001_L0.9,0.75,0.6620040588177282,0.7650347993277931,ElasticNet team runs alpha=0.0001 l1=0.9,0.5043784430366101,0.9079558583409202,1.0985664143264078,1.367847993912631,0.3554044527168448,0.40136784203073717,0.13313333848958725,-0.05902056669716025,-0.2756079456605227,0.0,0.0,0.0
ENET_EVENT_A0.0001_L0.9__RATE100,ENET_EVENT_A0.0001_L0.9,1.0,0.6816744085354106,0.8169695222626028,ElasticNet team runs alpha=0.0001 l1=0.9,0.5043784430366101,0.9079558583409202,1.0985664143264078,1.367847993912631,0.3554044527168448,0.40136784203073717,0.13313333848958725,-0.05902056669716025,-0.2756079456605227,0.0,0.0,0.0
ENET_EVENT_A0.001_L0.1__RATE000,ENET_EVENT_A0.001_L0.1,0.0,0.6026763216909479,0.7014370227705796,ElasticNet team runs alpha=0.001 l1=0.1,0.5043747395414261,0.9076400430110313,1.0919238243586913,1.3663714387609618,0.3554392268799622,0.4009293763663934,0.13311119643497415,-0.05916209978102674,-0.27526468467806653,0.0,0.0,0.0
ENET_EVENT_A0.001_L0.1__RATE025,ENET_EVENT_A0.001_L0.1,0.25,0.6223368427014394,0.7051773099071017,ElasticNet team runs alpha=0.001 l1=0.1,0.5043747395414261,0.9076400430110313,1.0919238243586913,1.3663714387609618,0.3554392268799622,0.4009293763663934,0.13311119643497415,-0.05916209978102674,-0.27526468467806653,0.0,0.0,0.0
ENET_EVENT_A0.001_L0.1__RATE050,ENET_EVENT_A0.001_L0.1,0.5,0.6419973637119308,0.7267403195026969,ElasticNet team runs alpha=0.001 l1=0.1,0.5043747395414261,0.9076400430110313,1.0919238243586913,1.3663714387609618,0.3554392268799622,0.4009293763663934,0.13311119643497415,-0.05916209978102674,-0.27526468467806653,0.0,0.0,0.0
ENET_EVENT_A0.001_L0.1__RATE075,ENET_EVENT_A0.001_L0.1,0.75,0.6616578847224225,0.7646196817127131,ElasticNet team runs alpha=0.001 l1=0.1,0.5043747395414261,0.9076400430110313,1.0919238243586913,1.3663714387609618,0.3554392268799622,0.4009293763663934,0.13311119643497415,-0.05916209978102674,-0.27526468467806653,0.0,0.0,0.0
ENET_EVENT_A0.001_L0.1__RATE100,ENET_EVENT_A0.001_L0.1,1.0,0.6813184057329139,0.8165478157600586,ElasticNet team runs alpha=0.001 l1=0.1,0.5043747395414261,0.9076400430110313,1.0919238243586913,1.3663714387609618,0.3554392268799622,0.4009293763663934,0.13311119643497415,-0.05916209978102674,-0.27526468467806653,0.0,0.0,0.0
ENET_EVENT_A0.001_L0.5__RATE000,ENET_EVENT_A0.001_L0.5,0.0,0.6027340204270701,0.7014272067824003,ElasticNet team runs alpha=0.001 l1=0.5,0.5043816567917552,0.9076623108754995,1.0922896860437434,1.3665234875887315,0.3554042684723682,0.40060033823624835,0.13289799576804268,-0.059077346089031244,-0.2748154762675375,0.0,0.0,0.0
ENET_EVENT_A0.001_L0.5__RATE025,ENET_EVENT_A0.001_L0.5,0.25,0.6223987409179489,0.7051583049811998,ElasticNet team runs alpha=0.001 l1=0.5,0.5043816567917552,0.9076623108754995,1.0922896860437434,1.3665234875887315,0.3554042684723682,0.40060033823624835,0.13289799576804268,-0.059077346089031244,-0.2748154762675375,0.0,0.0,0.0
ENET_EVENT_A0.001_L0.5__RATE050,ENET_EVENT_A0.001_L0.5,0.5,0.6420634614088276,0.726710984927015,ElasticNet team runs alpha=0.001 l1=0.5,0.5043816567917552,0.9076623108754995,1.0922896860437434,1.3665234875887315,0.3554042684723682,0.40060033823624835,0.13289799576804268,-0.059077346089031244,-0.2748154762675375,0.0,0.0,0.0
ENET_EVENT_A0.001_L0.5__RATE075,ENET_EVENT_A0.001_L0.5,0.75,0.6617281818997065,0.7645796152157476,ElasticNet team runs alpha=0.001 l1=0.5,0.5043816567917552,0.9076623108754995,1.0922896860437434,1.3665234875887315,0.3554042684723682,0.40060033823624835,0.13289799576804268,-0.059077346089031244,-0.2748154762675375,0.0,0.0,0.0
ENET_EVENT_A0.001_L0.5__RATE100,ENET_EVENT_A0.001_L0.5,1.0,0.6813929023905853,0.8164971722263119,ElasticNet team runs alpha=0.001 l1=0.5,0.5043816567917552,0.9076623108754995,1.0922896860437434,1.3665234875887315,0.3554042684723682,0.40060033823624835,0.13289799576804268,-0.059077346089031244,-0.2748154762675375,0.0,0.0,0.0
ENET_EVENT_A0.001_L0.9__RATE000,ENET_EVENT_A0.001_L0.9,0.0,0.6027909313298805,0.7014170487840119,ElasticNet team runs alpha=0.001 l1=0.9,0.5043860181232319,0.9076851756621293,1.0926652175887999,1.366677218526707,0.355370010689049,0.40027237461117743,0.13268502961272505,-0.058992651545273396,-0.2743651942028254,0.0,0.0,0.0
ENET_EVENT_A0.001_L0.9__RATE025,ENET_EVENT_A0.001_L0.9,0.25,0.6224598229487859,0.7051389784952553,ElasticNet team runs alpha=0.001 l1=0.9,0.5043860181232319,0.9076851756621293,1.0926652175887999,1.366677218526707,0.355370010689049,0.40027237461117743,0.13268502961272505,-0.058992651545273396,-0.2743651942028254,0.0,0.0,0.0
ENET_EVENT_A0.001_L0.9__RATE050,ENET_EVENT_A0.001_L0.9,0.5,0.6421287145676915,0.7266813304230165,ElasticNet team runs alpha=0.001 l1=0.9,0.5043860181232319,0.9076851756621293,1.0926652175887999,1.366677218526707,0.355370010689049,0.40027237461117743,0.13268502961272505,-0.058992651545273396,-0.2743651942028254,0.0,0.0,0.0
ENET_EVENT_A0.001_L0.9__RATE075,ENET_EVENT_A0.001_L0.9,0.75,0.6617976061865969,0.7645392124024591,ElasticNet team runs alpha=0.001 l1=0.9,0.5043860181232319,0.9076851756621293,1.0926652175887999,1.366677218526707,0.355370010689049,0.40027237461117743,0.13268502961272505,-0.058992651545273396,-0.2743651942028254,0.0,0.0,0.0
ENET_EVENT_A0.001_L0.9__RATE100,ENET_EVENT_A0.001_L0.9,1.0,0.6814664978055024,0.8164461604662943,ElasticNet team runs alpha=0.001 l1=0.9,0.5043860181232319,0.9076851756621293,1.0926652175887999,1.366677218526707,0.355370010689049,0.40027237461117743,0.13268502961272505,-0.058992651545273396,-0.2743651942028254,0.0,0.0,0.0
ENET_EVENT_A0.01_L0.1__RATE000,ENET_EVENT_A0.01_L0.1,0.0,0.5997113660706265,0.6973056913700533,ElasticNet team runs alpha=0.01 l1=0.1,0.5043478165046564,0.9044608573383064,1.029984871485295,1.3521612245497958,0.3556912822763051,0.39593445700171415,0.1324640047232957,-0.060348628017963625,-0.27092653563634744,0.0,0.0,0.0
ENET_EVENT_A0.01_L0.1__RATE025,ENET_EVENT_A0.01_L0.1,0.25,0.6192844969279049,0.7010982459460653,ElasticNet team runs alpha=0.01 l1=0.1,0.5043478165046564,0.9044608573383064,1.029984871485295,1.3521612245497958,0.3556912822763051,0.39593445700171415,0.1324640047232957,-0.060348628017963625,-0.27092653563634744,0.0,0.0,0.0
ENET_EVENT_A0.01_L0.1__RATE050,ENET_EVENT_A0.01_L0.1,0.5,0.6388576277851833,0.7226698040521116,ElasticNet team runs alpha=0.01 l1=0.1,0.5043478165046564,0.9044608573383064,1.029984871485295,1.3521612245497958,0.3556912822763051,0.39593445700171415,0.1324640047232957,-0.060348628017963625,-0.27092653563634744,0.0,0.0,0.0
ENET_EVENT_A0.01_L0.1__RATE075,ENET_EVENT_A0.01_L0.1,0.75,0.6584307586424616,0.7605089827722427,ElasticNet team runs alpha=0.01 l1=0.1,0.5043478165046564,0.9044608573383064,1.029984871485295,1.3521612245497958,0.3556912822763051,0.39593445700171415,0.1324640047232957,-0.060348628017963625,-0.27092653563634744,0.0,0.0,0.0
ENET_EVENT_A0.01_L0.1__RATE100,ENET_EVENT_A0.01_L0.1,1.0,0.6780038894997399,0.8123457096792667,ElasticNet team runs alpha=0.01 l1=0.1,0.5043478165046564,0.9044608573383064,1.029984871485295,1.3521612245497958,0.3556912822763051,0.39593445700171415,0.1324640047232957,-0.060348628017963625,-0.27092653563634744,0.0,0.0,0.0
ENET_EVENT_A0.01_L0.5__RATE000,ENET_EVENT_A0.01_L0.5,0.0,0.6002366525151496,0.6971586711414866,ElasticNet team runs alpha=0.01 l1=0.5,0.5043912018475816,0.9047175461475391,1.0319937487438342,1.3535790251448665,0.3553610975214425,0.39266028891776644,0.13033871464889304,-0.05953196125975783,-0.2664644121008921,0.0,0.0,0.0
ENET_EVENT_A0.01_L0.5__RATE025,ENET_EVENT_A0.01_L0.5,0.25,0.6198501148907591,0.700863214932659,ElasticNet team runs alpha=0.01 l1=0.5,0.5043912018475816,0.9047175461475391,1.0319937487438342,1.3535790251448665,0.3553610975214425,0.39266028891776644,0.13033871464889304,-0.05953196125975783,-0.2664644121008921,0.0,0.0,0.0
ENET_EVENT_A0.01_L0.5__RATE050,ENET_EVENT_A0.01_L0.5,0.5,0.6394635772663685,0.7223355795959688,ElasticNet team runs alpha=0.01 l1=0.5,0.5043912018475816,0.9047175461475391,1.0319937487438342,1.3535790251448665,0.3553610975214425,0.39266028891776644,0.13033871464889304,-0.05953196125975783,-0.2664644121008921,0.0,0.0,0.0
ENET_EVENT_A0.01_L0.5__RATE075,ENET_EVENT_A0.01_L0.5,0.75,0.659077039641978,0.760071406685759,ElasticNet team runs alpha=0.01 l1=0.5,0.5043912018475816,0.9047175461475391,1.0319937487438342,1.3535790251448665,0.3553610975214425,0.39266028891776644,0.13033871464889304,-0.05953196125975783,-0.2664644121008921,0.0,0.0,0.0
ENET_EVENT_A0.01_L0.5__RATE100,ENET_EVENT_A0.01_L0.5,1.0,0.6786905020175875,0.8118058925499467,ElasticNet team runs alpha=0.01 l1=0.5,0.5043912018475816,0.9047175461475391,1.0319937487438342,1.3535790251448665,0.3553610975214425,0.39266028891776644,0.13033871464889304,-0.05953196125975783,-0.2664644121008921,0.0,0.0,0.0
ENET_EVENT_A0.01_L0.9__RATE000,ENET_EVENT_A0.01_L0.9,0.0,0.6007692952698942,0.6970170042046396,ElasticNet team runs alpha=0.01 l1=0.9,0.5044356360150588,0.9049764564824694,1.0341179030310006,1.3550094404978423,0.35503003932140914,0.3893465615110027,0.12820655246635274,-0.0587095429148324,-0.2619450422454807,0.0,0.0,0.0
ENET_EVENT_A0.01_L0.9__RATE025,ENET_EVENT_A0.01_L0.9,0.25,0.6204234703777649,0.7006331032168621,ElasticNet team runs alpha=0.01 l1=0.9,0.5044356360150588,0.9049764564824694,1.0341179030310006,1.3550094404978423,0.35503003932140914,0.3893465615110027,0.12820655246635274,-0.0587095429148324,-0.2619450422454807,0.0,0.0,0.0
ENET_EVENT_A0.01_L0.9__RATE050,ENET_EVENT_A0.01_L0.9,0.5,0.6400776454856357,0.722005900083389,ElasticNet team runs alpha=0.01 l1=0.9,0.5044356360150588,0.9049764564824694,1.0341179030310006,1.3550094404978423,0.35503003932140914,0.3893465615110027,0.12820655246635274,-0.0587095429148324,-0.2619450422454807,0.0,0.0,0.0
ENET_EVENT_A0.01_L0.9__RATE075,ENET_EVENT_A0.01_L0.9,0.75,0.6597318205935064,0.7596380897810577,ElasticNet team runs alpha=0.01 l1=0.9,0.5044356360150588,0.9049764564824694,1.0341179030310006,1.3550094404978423,0.35503003932140914,0.3893465615110027,0.12820655246635274,-0.0587095429148324,-0.2619450422454807,0.0,0.0,0.0
ENET_EVENT_A0.01_L0.9__RATE100,ENET_EVENT_A0.01_L0.9,1.0,0.6793859957013773,0.8112701574668324,ElasticNet team runs alpha=0.01 l1=0.9,0.5044356360150588,0.9049764564824694,1.0341179030310006,1.3550094404978423,0.35503003932140914,0.3893465615110027,0.12820655246635274,-0.0587095429148324,-0.2619450422454807,0.0,0.0,0.0
ENET_EVENT_A0.1_L0.1__RATE000,ENET_EVENT_A0.1_L0.1,0.0,0.5756983582578957,0.6644344403908182,ElasticNet team runs alpha=0.1 l1=0.1,0.5038790942782948,0.8693709774702004,0.641998064858931,1.228736509488927,0.35650468449925365,0.3506967612394498,0.12593763055782414,-0.06849394815847129,-0.22940723816978104,0.0,0.0,0.0
ENET_EVENT_A0.1_L0.1__RATE025,ENET_EVENT_A0.1_L0.1,0.25,0.5945578856672572,0.6684524739913913,ElasticNet team runs alpha=0.1 l1=0.1,0.5038790942782948,0.8693709774702004,0.641998064858931,1.228736509488927,0.35650468449925365,0.3506967612394498,0.12593763055782414,-0.06849394815847129,-0.22940723816978104,0.0,0.0,0.0
ENET_EVENT_A0.1_L0.1__RATE050,ENET_EVENT_A0.1_L0.1,0.5,0.6134174130766188,0.6898040334055605,ElasticNet team runs alpha=0.1 l1=0.1,0.5038790942782948,0.8693709774702004,0.641998064858931,1.228736509488927,0.35650468449925365,0.3506967612394498,0.12593763055782414,-0.06849394815847129,-0.22940723816978104,0.0,0.0,0.0
ENET_EVENT_A0.1_L0.1__RATE075,ENET_EVENT_A0.1_L0.1,0.75,0.6322769404859803,0.726963416637704,ElasticNet team runs alpha=0.1 l1=0.1,0.5038790942782948,0.8693709774702004,0.641998064858931,1.228736509488927,0.35650468449925365,0.3506967612394498,0.12593763055782414,-0.06849394815847129,-0.22940723816978104,0.0,0.0,0.0
ENET_EVENT_A0.1_L0.1__RATE100,ENET_EVENT_A0.1_L0.1,1.0,0.6511364678953419,0.7776678750380297,ElasticNet team runs alpha=0.1 l1=0.1,0.5038790942782948,0.8693709774702004,0.641998064858931,1.228736509488927,0.35650468449925365,0.3506967612394498,0.12593763055782414,-0.06849394815847129,-0.22940723816978104,0.0,0.0,0.0
ENET_EVENT_A0.1_L0.5__RATE000,ENET_EVENT_A0.1_L0.5,0.0,0.5786082801177516,0.6611863281590272,ElasticNet team runs alpha=0.1 l1=0.5,0.5043453537969704,0.8726878902745946,0.5790029482884325,1.2350578667182985,0.35384183653578155,0.3179349506308647,0.10512205965960933,-0.06188848624020079,-0.18650772329671775,0.0,0.0,0.0
ENET_EVENT_A0.1_L0.5__RATE025,ENET_EVENT_A0.1_L0.5,0.25,0.5977960618148876,0.6645399354484579,ElasticNet team runs alpha=0.1 l1=0.5,0.5043453537969704,0.8726878902745946,0.5790029482884325,1.2350578667182985,0.35384183653578155,0.3179349506308647,0.10512205965960933,-0.06188848624020079,-0.18650772329671775,0.0,0.0,0.0
ENET_EVENT_A0.1_L0.5__RATE050,ENET_EVENT_A0.1_L0.5,0.5,0.6169838435120237,0.6851378849041563,ElasticNet team runs alpha=0.1 l1=0.5,0.5043453537969704,0.8726878902745946,0.5790029482884325,1.2350578667182985,0.35384183653578155,0.3179349506308647,0.10512205965960933,-0.06188848624020079,-0.18650772329671775,0.0,0.0,0.0
ENET_EVENT_A0.1_L0.5__RATE075,ENET_EVENT_A0.1_L0.5,0.75,0.6361716252091598,0.7215047796929122,ElasticNet team runs alpha=0.1 l1=0.5,0.5043453537969704,0.8726878902745946,0.5790029482884325,1.2350578667182985,0.35384183653578155,0.3179349506308647,0.10512205965960933,-0.06188848624020079,-0.18650772329671775,0.0,0.0,0.0
ENET_EVENT_A0.1_L0.5__RATE100,ENET_EVENT_A0.1_L0.5,1.0,0.6553594069062957,0.7714136394776612,ElasticNet team runs alpha=0.1 l1=0.5,0.5043453537969704,0.8726878902745946,0.5790029482884325,1.2350578667182985,0.35384183653578155,0.3179349506308647,0.10512205965960933,-0.06188848624020079,-0.18650772329671775,0.0,0.0,0.0
ENET_EVENT_A0.1_L0.9__RATE000,ENET_EVENT_A0.1_L0.9,0.0,0.5813020941545314,0.658010397131434,ElasticNet team runs alpha=0.1 l1=0.9,0.504895624124054,0.8771664270615152,0.4850091523780753,1.240702360317101,0.35137291479753513,0.28148198314617323,0.08357750417536429,-0.05538818744470122,-0.1389890354865783,0.0,0.0,0.0
ENET_EVENT_A0.1_L0.9__RATE025,ENET_EVENT_A0.1_L0.9,0.25,0.6008269998919896,0.6607605792285846,ElasticNet team runs alpha=0.1 l1=0.9,0.504895624124054,0.8771664270615152,0.4850091523780753,1.240702360317101,0.35137291479753513,0.28148198314617323,0.08357750417536429,-0.05538818744470122,-0.1389890354865783,0.0,0.0,0.0
ENET_EVENT_A0.1_L0.9__RATE050,ENET_EVENT_A0.1_L0.9,0.5,0.6203519056294479,0.6806835176048046,ElasticNet team runs alpha=0.1 l1=0.9,0.504895624124054,0.8771664270615152,0.4850091523780753,1.240702360317101,0.35137291479753513,0.28148198314617323,0.08357750417536429,-0.05538818744470122,-0.1389890354865783,0.0,0.0,0.0
ENET_EVENT_A0.1_L0.9__RATE075,ENET_EVENT_A0.1_L0.9,0.75,0.6398768113669063,0.7163478254047644,ElasticNet team runs alpha=0.1 l1=0.9,0.504895624124054,0.8771664270615152,0.4850091523780753,1.240702360317101,0.35137291479753513,0.28148198314617323,0.08357750417536429,-0.05538818744470122,-0.1389890354865783,0.0,0.0,0.0
ENET_EVENT_A0.1_L0.9__RATE100,ENET_EVENT_A0.1_L0.9,1.0,0.6594017171043646,0.7655566670941791,ElasticNet team runs alpha=0.1 l1=0.9,0.504895624124054,0.8771664270615152,0.4850091523780753,1.240702360317101,0.35137291479753513,0.28148198314617323,0.08357750417536429,-0.05538818744470122,-0.1389890354865783,0.0,0.0,0.0
WINLOGIT_EVENT_C0.01__RATE000,WINLOGIT_EVENT_C0.01,0.0,0.0749460518434417,0.12630451824085615,home-win logistic C=0.01,0.06961590019658437,0.14203613105424964,0.11614629025061285,0.21552212411139848,0.06383697629483234,0.08485896563381805,0.13654383398729045,-0.05209585539004632,-0.03688667591527238,0.0,0.0,0.0
WINLOGIT_EVENT_C0.01__RATE025,WINLOGIT_EVENT_C0.01,0.25,0.07623679200029553,0.13001818933566164,home-win logistic C=0.01,0.06961590019658437,0.14203613105424964,0.11614629025061285,0.21552212411139848,0.06383697629483234,0.08485896563381805,0.13654383398729045,-0.05209585539004632,-0.03688667591527238,0.0,0.0,0.0
WINLOGIT_EVENT_C0.01__RATE050,WINLOGIT_EVENT_C0.01,0.5,0.07752753215714933,0.13692316090616657,home-win logistic C=0.01,0.06961590019658437,0.14203613105424964,0.11614629025061285,0.21552212411139848,0.06383697629483234,0.08485896563381805,0.13654383398729045,-0.05209585539004632,-0.03688667591527238,0.0,0.0,0.0
WINLOGIT_EVENT_C0.01__RATE075,WINLOGIT_EVENT_C0.01,0.75,0.07881827231400314,0.14656909166427562,home-win logistic C=0.01,0.06961590019658437,0.14203613105424964,0.11614629025061285,0.21552212411139848,0.06383697629483234,0.08485896563381805,0.13654383398729045,-0.05209585539004632,-0.03688667591527238,0.0,0.0,0.0
WINLOGIT_EVENT_C0.01__RATE100,WINLOGIT_EVENT_C0.01,1.0,0.08010901247085693,0.15845620680297914,home-win logistic C=0.01,0.06961590019658437,0.14203613105424964,0.11614629025061285,0.21552212411139848,0.06383697629483234,0.08485896563381805,0.13654383398729045,-0.05209585539004632,-0.03688667591527238,0.0,0.0,0.0
WINLOGIT_EVENT_C0.1__RATE000,WINLOGIT_EVENT_C0.1,0.0,0.21157474196701376,0.34606096274936415,home-win logistic C=0.1,0.17888649401909204,0.4251043478859421,0.36583846762051075,0.6655373358273728,0.15359656365753643,0.1805195035664369,0.36299628177642446,-0.1252400574062521,-0.08085661190864493,0.0,0.0,0.0
WINLOGIT_EVENT_C0.1__RATE025,WINLOGIT_EVENT_C0.1,0.25,0.2155218404084232,0.3551291202826573,home-win logistic C=0.1,0.17888649401909204,0.4251043478859421,0.36583846762051075,0.6655373358273728,0.15359656365753643,0.1805195035664369,0.36299628177642446,-0.1252400574062521,-0.08085661190864493,0.0,0.0,0.0
WINLOGIT_EVENT_C0.1__RATE050,WINLOGIT_EVENT_C0.1,0.5,0.21946893884983268,0.3726745969099741,home-win logistic C=0.1,0.17888649401909204,0.4251043478859421,0.36583846762051075,0.6655373358273728,0.15359656365753643,0.1805195035664369,0.36299628177642446,-0.1252400574062521,-0.08085661190864493,0.0,0.0,0.0
WINLOGIT_EVENT_C0.1__RATE075,WINLOGIT_EVENT_C0.1,0.75,0.22341603729124213,0.3975766332002544,home-win logistic C=0.1,0.17888649401909204,0.4251043478859421,0.36583846762051075,0.6655373358273728,0.15359656365753643,0.1805195035664369,0.36299628177642446,-0.1252400574062521,-0.08085661190864493,0.0,0.0,0.0
WINLOGIT_EVENT_C0.1__RATE100,WINLOGIT_EVENT_C0.1,1.0,0.2273631357326516,0.42855473900920504,home-win logistic C=0.1,0.17888649401909204,0.4251043478859421,0.36583846762051075,0.6655373358273728,0.15359656365753643,0.1805195035664369,0.36299628177642446,-0.1252400574062521,-0.08085661190864493,0.0,0.0,0.0
WINLOGIT_EVENT_C1__RATE000,WINLOGIT_EVENT_C1,0.0,0.33030804594412483,0.5538699221077523,home-win logistic C=1,0.26687078605298187,0.7133850792074266,0.6328696662038585,1.1023368629715282,0.22785862963203293,0.2500028145971261,0.5819303075627271,-0.19900353058742015,-0.10684303453695781,0.0,0.0,0.0
WINLOGIT_EVENT_C1__RATE025,WINLOGIT_EVENT_C1,0.25,0.33623917892653027,0.5687212104444924,home-win logistic C=1,0.26687078605298187,0.7133850792074266,0.6328696662038585,1.1023368629715282,0.22785862963203293,0.2500028145971261,0.5819303075627271,-0.19900353058742015,-0.10684303453695781,0.0,0.0,0.0
WINLOGIT_EVENT_C1__RATE050,WINLOGIT_EVENT_C1,0.5,0.3421703119089357,0.5969853170924907,home-win logistic C=1,0.26687078605298187,0.7133850792074266,0.6328696662038585,1.1023368629715282,0.22785862963203293,0.2500028145971261,0.5819303075627271,-0.19900353058742015,-0.10684303453695781,0.0,0.0,0.0
WINLOGIT_EVENT_C1__RATE075,WINLOGIT_EVENT_C1,0.75,0.34810144489134115,0.6368789927916971,home-win logistic C=1,0.26687078605298187,0.7133850792074266,0.6328696662038585,1.1023368629715282,0.22785862963203293,0.2500028145971261,0.5819303075627271,-0.19900353058742015,-0.10684303453695781,0.0,0.0,0.0
WINLOGIT_EVENT_C1__RATE100,WINLOGIT_EVENT_C1,1.0,0.3540325778737466,0.686377420312967,home-win logistic C=1,0.26687078605298187,0.7133850792074266,0.6328696662038585,1.1023368629715282,0.22785862963203293,0.2500028145971261,0.5819303075627271,-0.19900353058742015,-0.10684303453695781,0.0,0.0,0.0
WINLOGIT_EVENT_C10__RATE000,WINLOGIT_EVENT_C10,0.0,0.3659968502939392,0.6213039244463869,home-win logistic C=10,0.29372889948482134,0.8062481086098591,0.7178948064853393,1.2429317929934458,0.2517719437617955,0.26951856431803733,0.6545786462041688,-0.22571963815627724,-0.11394939889122807,0.0,0.0,0.0
WINLOGIT_EVENT_C10__RATE025,WINLOGIT_EVENT_C10,0.25,0.3724041375270508,0.6382514431064589,home-win logistic C=10,0.29372889948482134,0.8062481086098591,0.7178948064853393,1.2429317929934458,0.2517719437617955,0.26951856431803733,0.6545786462041688,-0.22571963815627724,-0.11394939889122807,0.0,0.0,0.0
WINLOGIT_EVENT_C10__RATE050,WINLOGIT_EVENT_C10,0.5,0.37881142476016255,0.6702080198127194,home-win logistic C=10,0.29372889948482134,0.8062481086098591,0.7178948064853393,1.2429317929934458,0.2517719437617955,0.26951856431803733,0.6545786462041688,-0.22571963815627724,-0.11394939889122807,0.0,0.0,0.0
WINLOGIT_EVENT_C10__RATE075,WINLOGIT_EVENT_C10,0.75,0.38521871199327423,0.7151644720719209,home-win logistic C=10,0.29372889948482134,0.8062481086098591,0.7178948064853393,1.2429317929934458,0.2517719437617955,0.26951856431803733,0.6545786462041688,-0.22571963815627724,-0.11394939889122807,0.0,0.0,0.0
WINLOGIT_EVENT_C10__RATE100,WINLOGIT_EVENT_C10,1.0,0.39162599922638597,0.7708496620647541,home-win logistic C=10,0.29372889948482134,0.8062481086098591,0.7178948064853393,1.2429317929934458,0.2517719437617955,0.26951856431803733,0.6545786462041688,-0.22571963815627724,-0.11394939889122807,0.0,0.0,0.0
PCA_EVENT_PC1__RATE000,PCA_EVENT_PC1,0.0,0.18455492454717054,0.28494035916700305,unsupervised PC1 early-2024,0.18632353346381295,0.3129697543995311,0.5130794706230031,0.10373215721783743,0.17289031350279346,0.40738835981260685,0.2743308807617577,-0.12202025058809617,0.12038223646186347,0.0,0.0,0.0
PCA_EVENT_PC1__RATE025,PCA_EVENT_PC1,0.25,0.1894388450203271,0.2944739525385547,unsupervised PC1 early-2024,0.18632353346381295,0.3129697543995311,0.5130794706230031,0.10373215721783743,0.17289031350279346,0.40738835981260685,0.2743308807617577,-0.12202025058809617,0.12038223646186347,0.0,0.0,0.0
PCA_EVENT_PC1__RATE050,PCA_EVENT_PC1,0.5,0.19432276549348368,0.3123835700758705,unsupervised PC1 early-2024,0.18632353346381295,0.3129697543995311,0.5130794706230031,0.10373215721783743,0.17289031350279346,0.40738835981260685,0.2743308807617577,-0.12202025058809617,0.12038223646186347,0.0,0.0,0.0
PCA_EVENT_PC1__RATE075,PCA_EVENT_PC1,0.75,0.1992066859666403,0.3373377634822742,unsupervised PC1 early-2024,0.18632353346381295,0.3129697543995311,0.5130794706230031,0.10373215721783743,0.17289031350279346,0.40738835981260685,0.2743308807617577,-0.12202025058809617,0.12038223646186347,0.0,0.0,0.0
PCA_EVENT_PC1__RATE100,PCA_EVENT_PC1,1.0,0.20409060643979685,0.36790586320050445,unsupervised PC1 early-2024,0.18632353346381295,0.3129697543995311,0.5130794706230031,0.10373215721783743,0.17289031350279346,0.40738835981260685,0.2743308807617577,-0.12202025058809617,0.12038223646186347,0.0,0.0,0.0
