evaluation_period,adaptation,model_id,family,training_strategy,n_train,log_loss,brier,roc_auc,accuracy,n
2026_DEVELOPMENT,STATIC,L2_C0.1,L2_LOGISTIC,RECENT_720,720,0.6661347844671042,0.23649786240497755,0.635274766008711,0.5961538461538461,416
2026_DEVELOPMENT,STATIC,L2_C0.03,L2_LOGISTIC,RECENT_720,720,0.6663873897593204,0.2366123693650965,0.63909739597813,0.59375,416
2026_DEVELOPMENT,STATIC,ENET_C0.3_L10.5,ELASTIC_NET,RECENT_720,720,0.6666983768443285,0.23680371441431117,0.6355527754610324,0.5889423076923077,416
2026_DEVELOPMENT,STATIC,L2_C0.01,L2_LOGISTIC,SEASON_WEIGHT_2025X2,1408,0.6668543958630286,0.23680677057354066,0.6357381150959134,0.5961538461538461,416
2026_DEVELOPMENT,STATIC,L2_C0.01,L2_LOGISTIC,ALL_EQUAL,1408,0.6668942054594168,0.23683514058733834,0.6375451765360023,0.59375,416
2026_DEVELOPMENT,STATIC,L2_C0.01,L2_LOGISTIC,SEASON_WEIGHT_2025X4,1408,0.6669989113352084,0.2368839840809786,0.6337225465665833,0.6033653846153846,416
2026_DEVELOPMENT,STATIC,ENET_C0.3_L10.5,ELASTIC_NET,SEASON_WEIGHT_2025X4,1408,0.6670153678345246,0.23691743252236336,0.6324946714854973,0.6081730769230769,416
2026_DEVELOPMENT,STATIC,L2_C0.01,L2_LOGISTIC,DECAY_HL480D,1408,0.6670237962549546,0.2368967762137914,0.6373598369011214,0.59375,416
2026_DEVELOPMENT,STATIC,L2_C0.03,L2_LOGISTIC,SEASON_WEIGHT_2025X4,1408,0.6670642349986384,0.23692105832284652,0.6332823649337411,0.6105769230769231,416
2026_DEVELOPMENT,STATIC,ENET_C0.3_L10.75,ELASTIC_NET,SEASON_WEIGHT_2025X4,1408,0.6670735557413785,0.23694214459778673,0.6325178389398572,0.6105769230769231,416
2026_DEVELOPMENT,STATIC,ENET_C0.1_L10.25,ELASTIC_NET,SEASON_WEIGHT_2025X4,1408,0.6670948253389292,0.23694662928281396,0.6331201927532204,0.6105769230769231,416
2026_DEVELOPMENT,STATIC,L2_C0.1,L2_LOGISTIC,SEASON_WEIGHT_2025X4,1408,0.667098570186873,0.23694551618960352,0.6327726809378186,0.6105769230769231,416
2026_DEVELOPMENT,STATIC,L2_C0.03,L2_LOGISTIC,SEASON_WEIGHT_2025X2,1408,0.6671514044840564,0.23694080863362835,0.6327726809378186,0.6057692307692307,416
2026_DEVELOPMENT,STATIC,ENET_C0.1_L10.25,ELASTIC_NET,RECENT_720,720,0.6671685163616045,0.23705011247021524,0.6365489759985172,0.6057692307692307,416
2026_DEVELOPMENT,STATIC,ENET_C0.1_L10.75,ELASTIC_NET,SEASON_WEIGHT_2025X4,1408,0.6672652060050687,0.23705329566934719,0.6339078862014642,0.6033653846153846,416
2026_DEVELOPMENT,STATIC,L2_C0.03,L2_LOGISTIC,DECAY_HL480D,1408,0.6672819325991146,0.2369849950667134,0.6329348531183394,0.6081730769230769,416
2026_DEVELOPMENT,STATIC,L2_C0.1,L2_LOGISTIC,2025_ONLY,698,0.6672907960513652,0.23705999266767927,0.6316143082198129,0.6033653846153846,416
2026_DEVELOPMENT,STATIC,ENET_C0.1_L10.5,ELASTIC_NET,SEASON_WEIGHT_2025X4,1408,0.6672981729272061,0.23705440770061617,0.632656843666018,0.6081730769230769,416
2026_DEVELOPMENT,STATIC,L2_C0.01,L2_LOGISTIC,DECAY_HL240D,1408,0.6673079516745708,0.23703945613095365,0.6377305161708832,0.5961538461538461,416
2026_DEVELOPMENT,STATIC,ENET_C0.3_L10.75,ELASTIC_NET,RECENT_720,720,0.667329251019467,0.23713051215772174,0.6352979334630711,0.5985576923076923,416
2026_DEVELOPMENT,STATIC,ENET_C0.1_L10.5,ELASTIC_NET,SEASON_WEIGHT_2025X2,1408,0.6673727633682448,0.23707022511824155,0.6328885182096191,0.6057692307692307,416
2026_DEVELOPMENT,STATIC,ENET_C0.1_L10.25,ELASTIC_NET,SEASON_WEIGHT_2025X2,1408,0.6673758638282,0.23706659551540074,0.6320776573070153,0.5985576923076923,416
2026_DEVELOPMENT,STATIC,L2_C0.03,L2_LOGISTIC,ALL_EQUAL,1408,0.6673896327657686,0.23703439314697938,0.6315679733110926,0.59375,416
2026_DEVELOPMENT,STATIC,L2_C0.03,L2_LOGISTIC,2025_ONLY,698,0.6673914621840946,0.23710032089733674,0.6355759429153925,0.6009615384615384,416
2026_DEVELOPMENT,STATIC,L2_C0.03,L2_LOGISTIC,DECAY_HL240D,1408,0.6674329100482042,0.23706733629773,0.6327495134834584,0.6057692307692307,416
2026_DEVELOPMENT,STATIC,ENET_C0.1_L10.75,ELASTIC_NET,SEASON_WEIGHT_2025X2,1408,0.6674942067353005,0.23713784635154195,0.6329116856639793,0.5985576923076923,416
2026_DEVELOPMENT,STATIC,XGB_LR0.02_D2_MCW2,XGBOOST,ALL_EQUAL,1408,0.6675299324463994,0.237367971910911,0.6302010935038458,0.6057692307692307,416
2026_DEVELOPMENT,STATIC,L2_C0.1,L2_LOGISTIC,SEASON_WEIGHT_2025X2,1408,0.6675451625338632,0.2371388370448542,0.6313362987674915,0.5985576923076923,416
2026_DEVELOPMENT,STATIC,ENET_C0.3_L10.75,ELASTIC_NET,SEASON_WEIGHT_2025X2,1408,0.6675817153668565,0.237151157397941,0.6321008247613752,0.5961538461538461,416
2026_DEVELOPMENT,STATIC,ENET_C0.3_L10.5,ELASTIC_NET,SEASON_WEIGHT_2025X2,1408,0.6676253435995682,0.23717617199102176,0.6317764804003336,0.5985576923076923,416
2026_DEVELOPMENT,STATIC,L2_C0.01,L2_LOGISTIC,RECENT_1080,1080,0.6676767783469532,0.23718512930270427,0.6393985728848115,0.5913461538461539,416
2026_DEVELOPMENT,STATIC,ENET_C0.1_L10.25,ELASTIC_NET,DECAY_HL480D,1408,0.6676885402386726,0.23718667244482391,0.6323324993049764,0.6057692307692307,416
2026_DEVELOPMENT,STATIC,L2_C0.01,L2_LOGISTIC,RECENT_720,720,0.6677370784542305,0.23730148804870202,0.6444490779353165,0.5961538461538461,416
2026_DEVELOPMENT,STATIC,ENET_C0.1_L10.5,ELASTIC_NET,RECENT_720,720,0.6677394784638719,0.23740681974997696,0.6352052636456306,0.6057692307692307,416
2026_DEVELOPMENT,STATIC,ENET_C0.1_L10.5,ELASTIC_NET,DECAY_HL480D,1408,0.66782849380269,0.23728117124158052,0.6326336762116578,0.5961538461538461,416
2026_DEVELOPMENT,STATIC,ENET_C0.1_L10.25,ELASTIC_NET,DECAY_HL240D,1408,0.6678788674712959,0.23731193612451976,0.6317301454916133,0.6057692307692307,416
2026_DEVELOPMENT,STATIC,ENET_C0.1_L10.75,ELASTIC_NET,DECAY_HL480D,1408,0.6678978088694165,0.23735815706294494,0.6341627281994255,0.5961538461538461,416
2026_DEVELOPMENT,STATIC,L2_C0.1,L2_LOGISTIC,DECAY_HL240D,1408,0.6679122529228009,0.23730026052832603,0.6315448058567326,0.6009615384615384,416
2026_DEVELOPMENT,STATIC,ENET_C0.3_L10.75,ELASTIC_NET,DECAY_HL480D,1408,0.6679207207326257,0.2372795939319062,0.6316143082198128,0.6057692307692307,416
2026_DEVELOPMENT,STATIC,L2_C0.1,L2_LOGISTIC,DECAY_HL480D,1408,0.6680003677261112,0.23733385452620245,0.6303632656843666,0.6009615384615384,416
2026_DEVELOPMENT,STATIC,ENET_C0.1_L10.5,ELASTIC_NET,ALL_EQUAL,1408,0.6680299207446679,0.23734213408850321,0.6310582893151699,0.59375,416
2026_DEVELOPMENT,STATIC,L2_C0.01,L2_LOGISTIC,DECAY_HL120D,1408,0.6680402237022778,0.23741745894598068,0.6356454452784728,0.6033653846153846,416
2026_DEVELOPMENT,STATIC,ENET_C0.3_L10.5,ELASTIC_NET,DECAY_HL480D,1408,0.6680484729217693,0.23732654367747943,0.6309192845890095,0.6009615384615384,416
2026_DEVELOPMENT,STATIC,ENET_C0.1_L10.75,ELASTIC_NET,ALL_EQUAL,1408,0.6680892566584055,0.23741171841665848,0.6321703271244556,0.5913461538461539,416
2026_DEVELOPMENT,STATIC,ENET_C0.1_L10.25,ELASTIC_NET,2025_ONLY,698,0.6680945023020762,0.23752701691111658,0.6319386525808544,0.6009615384615384,416
2026_DEVELOPMENT,STATIC,ENET_C0.1_L10.25,ELASTIC_NET,ALL_EQUAL,1408,0.6681038518847269,0.23735257907248983,0.6305717727736077,0.59375,416
2026_DEVELOPMENT,STATIC,L2_C0.03,L2_LOGISTIC,RECENT_1080,1080,0.6681143928908188,0.23731847796687336,0.6329580205726995,0.5841346153846154,416
2026_DEVELOPMENT,STATIC,ENET_C0.1_L10.5,ELASTIC_NET,DECAY_HL240D,1408,0.6681146004914856,0.23744942428274016,0.6332360300250208,0.5985576923076923,416
2026_DEVELOPMENT,STATIC,ENET_C0.3_L10.75,ELASTIC_NET,DECAY_HL240D,1408,0.6681253159133902,0.23741231291734247,0.6310351218608099,0.6057692307692307,416
2026_DEVELOPMENT,STATIC,ENET_C0.3_L10.5,ELASTIC_NET,2025_ONLY,698,0.6681633789035961,0.2375410878547985,0.6299694189602447,0.5961538461538461,416
2026_DEVELOPMENT,STATIC,ENET_C0.3_L10.5,ELASTIC_NET,DECAY_HL240D,1408,0.6681755622771952,0.2374199718995264,0.630849782225929,0.6081730769230769,416
2026_DEVELOPMENT,STATIC,L2_C0.03,L2_LOGISTIC,DECAY_HL120D,1408,0.6682163665725458,0.23745963624971858,0.6315448058567324,0.6033653846153846,416
2026_DEVELOPMENT,STATIC,ENET_C0.1_L10.75,ELASTIC_NET,DECAY_HL240D,1408,0.6684317922162186,0.23764406493661683,0.6325873413029377,0.5961538461538461,416
2026_DEVELOPMENT,STATIC,ENET_C0.3_L10.75,ELASTIC_NET,2025_ONLY,698,0.6684517448698319,0.23770503702280457,0.6302010935038458,0.5913461538461539,416
2026_DEVELOPMENT,STATIC,L2_C0.1,L2_LOGISTIC,ALL_EQUAL,1408,0.6684665528567562,0.2375547369577287,0.6285330367899176,0.6009615384615384,416
2026_DEVELOPMENT,STATIC,L2_C0.01,L2_LOGISTIC,2025_ONLY,698,0.668504735882749,0.23767537921375437,0.6429895283106293,0.5865384615384616,416
2026_DEVELOPMENT,STATIC,L2_C0.1,L2_LOGISTIC,DECAY_HL120D,1408,0.6685361764834439,0.23761288565860153,0.6307339449541285,0.5961538461538461,416
2026_DEVELOPMENT,STATIC,ENET_C0.3_L10.75,ELASTIC_NET,ALL_EQUAL,1408,0.6685632385284404,0.2375399000945214,0.6299230840515244,0.5913461538461539,416
2026_DEVELOPMENT,STATIC,ENET_C0.1_L10.75,ELASTIC_NET,RECENT_720,720,0.6686087416779886,0.2378823460988975,0.6320081549439348,0.6009615384615384,416
2026_DEVELOPMENT,STATIC,ENET_C0.1_L10.5,ELASTIC_NET,2025_ONLY,698,0.6686970237274974,0.23787917179677412,0.6309656194977296,0.6009615384615384,416
2026_DEVELOPMENT,STATIC,ENET_C0.3_L10.5,ELASTIC_NET,ALL_EQUAL,1408,0.668736591084407,0.23762286675568306,0.6286952089704383,0.6033653846153846,416
2026_DEVELOPMENT,STATIC,RF_D3_L8_MFsqrt,RANDOM_FOREST,ALL_EQUAL,1408,0.668945661191177,0.2380528430722556,0.6359929570938744,0.59375,416
2026_DEVELOPMENT,STATIC,ENET_C0.1_L10.25,ELASTIC_NET,DECAY_HL120D,1408,0.6689507962240595,0.23785153926098784,0.6292512278750811,0.6153846153846154,416
2026_DEVELOPMENT,STATIC,ENET_C0.3_L10.5,ELASTIC_NET,DECAY_HL120D,1408,0.669126922795377,0.2378887702082892,0.6283708646093967,0.6033653846153846,416
2026_DEVELOPMENT,STATIC,ENET_C0.1_L10.25,ELASTIC_NET,RECENT_1080,1080,0.6691546514790387,0.23788564441924637,0.6301547585951256,0.5913461538461539,416
2026_DEVELOPMENT,STATIC,ENET_C0.1_L10.5,ELASTIC_NET,DECAY_HL120D,1408,0.6692094225073848,0.23802066789480575,0.6302010935038459,0.6033653846153846,416
2026_DEVELOPMENT,STATIC,ENET_C0.3_L10.75,ELASTIC_NET,DECAY_HL120D,1408,0.6692389542394943,0.2379675383977456,0.6279770178852748,0.6153846153846154,416
2026_DEVELOPMENT,STATIC,ENET_C0.1_L10.5,ELASTIC_NET,RECENT_1080,1080,0.669298341184494,0.23802846265522065,0.6295524047817624,0.5889423076923077,416
2026_DEVELOPMENT,STATIC,ENET_C0.3_L10.75,ELASTIC_NET,RECENT_1080,1080,0.6694778157935318,0.2380285394677736,0.628440366972477,0.59375,416
2026_DEVELOPMENT,STATIC,ENET_C0.3_L10.5,ELASTIC_NET,RECENT_1080,1080,0.6695638059282818,0.23804605157661637,0.6284171995181169,0.5913461538461539,416
2026_DEVELOPMENT,STATIC,L2_C0.1,L2_LOGISTIC,RECENT_1080,1080,0.669574941626595,0.23798686867038926,0.6270503197108702,0.5889423076923077,416
2026_DEVELOPMENT,STATIC,L2_C0.01,L2_LOGISTIC,DECAY_HL60D,1408,0.6695867359178496,0.23820772142696262,0.630455935501807,0.6081730769230769,416
2026_DEVELOPMENT,STATIC,ENET_C0.1_L10.75,ELASTIC_NET,DECAY_HL120D,1408,0.6696988869816778,0.23831239302101861,0.6281160226114354,0.6057692307692307,416
2026_DEVELOPMENT,STATIC,ENET_C0.1_L10.75,ELASTIC_NET,RECENT_1080,1080,0.6697138064399462,0.23828203286628252,0.6292048929663608,0.5841346153846154,416
2026_DEVELOPMENT,STATIC,RF_D3_L8_MFsqrt,RANDOM_FOREST,DECAY_HL480D,1408,0.6697610641508198,0.23844200797824355,0.6347419145584283,0.5985576923076923,416
2026_DEVELOPMENT,STATIC,RF_D3_L8_MFsqrt,RANDOM_FOREST,SEASON_WEIGHT_2025X2,1408,0.6699388385762618,0.23853824631845597,0.6340237234732647,0.59375,416
2026_DEVELOPMENT,STATIC,RF_D3_L8_MFsqrt,RANDOM_FOREST,SEASON_WEIGHT_2025X4,1408,0.6699605829587794,0.2385403554406803,0.6354137707348717,0.5913461538461539,416
2026_DEVELOPMENT,STATIC,ENET_C0.1_L10.75,ELASTIC_NET,2025_ONLY,698,0.6700451589971015,0.23857692797160165,0.6263321286257066,0.5889423076923077,416
2026_DEVELOPMENT,STATIC,RF_D3_L8_MFsqrt,RANDOM_FOREST,RECENT_1080,1080,0.6700825628859491,0.2386387231700516,0.626216291353906,0.5865384615384616,416
2026_DEVELOPMENT,STATIC,ENET_C0.1_L10.75,ELASTIC_NET,DECAY_HL60D,1408,0.6702575798868309,0.2386705862952212,0.6239227133722547,0.59375,416
2026_DEVELOPMENT,STATIC,XGB_LR0.02_D2_MCW2,XGBOOST,DECAY_HL480D,1408,0.6707988633630576,0.2389825213804037,0.6199726624038551,0.5985576923076923,416
2026_DEVELOPMENT,STATIC,L2_C0.03,L2_LOGISTIC,DECAY_HL60D,1408,0.6708237507717449,0.23866926242317776,0.626818645167269,0.6009615384615384,416
2026_DEVELOPMENT,STATIC,XGB_LR0.02_D2_MCW2,XGBOOST,SEASON_WEIGHT_2025X2,1408,0.6708654312164162,0.23909499239608814,0.6163006208877768,0.5913461538461539,416
2026_DEVELOPMENT,STATIC,ENET_C0.1_L10.5,ELASTIC_NET,DECAY_HL60D,1408,0.6708752608569051,0.23881837734308453,0.6234361968306923,0.59375,416
2026_DEVELOPMENT,STATIC,XGB_LR0.02_D2_MCW2,XGBOOST,RECENT_1080,1080,0.6710334753404201,0.23911512529629053,0.6215480493003429,0.5961538461538461,416
2026_DEVELOPMENT,STATIC,RF_D3_L8_MFsqrt,RANDOM_FOREST,RECENT_720,720,0.6714735740264952,0.2392724817730425,0.6283245297006765,0.5745192307692307,416
2026_DEVELOPMENT,STATIC,RF_D3_L8_MFsqrt,RANDOM_FOREST,2025_ONLY,698,0.6718437649575676,0.23947299873692357,0.6259614493559448,0.5793269230769231,416
2026_DEVELOPMENT,STATIC,RF_D3_L8_MFsqrt,RANDOM_FOREST,DECAY_HL240D,1408,0.6718507143210407,0.2394615150060383,0.628417199518117,0.5889423076923077,416
2026_DEVELOPMENT,STATIC,XGB_LR0.02_D2_MCW2,XGBOOST,DECAY_HL240D,1408,0.6719761168481407,0.23962660583810252,0.6162079510703363,0.5769230769230769,416
2026_DEVELOPMENT,STATIC,XGB_LR0.02_D2_MCW2,XGBOOST,SEASON_WEIGHT_2025X4,1408,0.6721826695894612,0.23971040966427418,0.6160689463441757,0.5889423076923077,416
2026_DEVELOPMENT,STATIC,ENET_C0.1_L10.25,ELASTIC_NET,DECAY_HL60D,1408,0.6722622840853264,0.23923422913184192,0.6234130293763321,0.59375,416
2026_DEVELOPMENT,STATIC,RF_D3_L8_MFsqrt,RANDOM_FOREST,DECAY_HL120D,1408,0.6724113287149905,0.23973190608627243,0.6257529422667037,0.5889423076923077,416
2026_DEVELOPMENT,STATIC,L2_C0.1,L2_LOGISTIC,DECAY_HL60D,1408,0.6724517070299072,0.23932949727096753,0.6252664257251414,0.6033653846153846,416
2026_DEVELOPMENT,STATIC,ENET_C0.3_L10.75,ELASTIC_NET,DECAY_HL60D,1408,0.6731718208220543,0.23953899775102375,0.6226485033824483,0.59375,416
2026_DEVELOPMENT,STATIC,ENET_C0.3_L10.5,ELASTIC_NET,DECAY_HL60D,1408,0.6738744157054299,0.23980867109983736,0.6222083217496062,0.5985576923076923,416
2026_DEVELOPMENT,STATIC,RF_D3_L8_MFsqrt,RANDOM_FOREST,DECAY_HL60D,1408,0.6739904502403615,0.24049604385419504,0.6246640719117783,0.59375,416
2026_DEVELOPMENT,STATIC,XGB_LR0.02_D2_MCW2,XGBOOST,DECAY_HL120D,1408,0.6765813818826923,0.24181318471421134,0.6053655824298027,0.5745192307692307,416
2026_DEVELOPMENT,STATIC,XGB_LR0.02_D2_MCW2,XGBOOST,2025_ONLY,698,0.6779252819144188,0.24240297748643735,0.6045547215271986,0.5721153846153846,416
2026_DEVELOPMENT,STATIC,XGB_LR0.02_D2_MCW2,XGBOOST,RECENT_720,720,0.6784136882008144,0.24274112730251435,0.6014734500973034,0.5817307692307693,416
2026_DEVELOPMENT,STATIC,XGB_LR0.02_D2_MCW2,XGBOOST,DECAY_HL60D,1408,0.6815749749951361,0.24423608214667508,0.5932953387081827,0.5721153846153846,416
