evaluation_period,adaptation,model_id,family,training_strategy,fit_count,log_loss,brier,roc_auc,accuracy,n
2026_DEVELOPMENT,DAILY_RETRAIN,L2_C0.03,L2_LOGISTIC,EXPANDING_DAILY,88,0.6688383976668827,0.23770808457293785,0.6298072467797238,0.5913461538461539,416
2026_DEVELOPMENT,DAILY_RETRAIN,L2_C0.03,L2_LOGISTIC,ROLLING_1080_DAILY,88,0.669514178017137,0.2379952226680679,0.6299694189602447,0.59375,416
2026_DEVELOPMENT,DAILY_RETRAIN,ENET_C0.1_L10.25,ELASTIC_NET,EXPANDING_DAILY,88,0.6695743607267298,0.2380237928026374,0.6279306829765545,0.5913461538461539,416
2026_DEVELOPMENT,DAILY_RETRAIN,RF_D3_L8_MFsqrt,RANDOM_FOREST,EXPANDING_DAILY,88,0.669773443227698,0.23844932804049288,0.6338847187471041,0.5985576923076923,416
2026_DEVELOPMENT,DAILY_RETRAIN,ENET_C0.1_L10.25,ELASTIC_NET,ROLLING_1080_DAILY,88,0.6701961268664167,0.23838578472164368,0.6281855249745159,0.5865384615384616,416
2026_DEVELOPMENT,DAILY_RETRAIN,XGB_LR0.02_D2_MCW2,XGBOOST,EXPANDING_DAILY,88,0.6704881684129332,0.23884670788226434,0.6212584561208415,0.6177884615384616,416
2026_DEVELOPMENT,DAILY_RETRAIN,L2_C0.03,L2_LOGISTIC,ROLLING_720_DAILY,88,0.6708582844387798,0.23879254449144746,0.6236447039199333,0.5841346153846154,416
2026_DEVELOPMENT,DAILY_RETRAIN,L2_C0.03,L2_LOGISTIC,DECAY_HL240_DAILY,88,0.6714125207976706,0.2389707126199808,0.6214437957557224,0.5841346153846154,416
2026_DEVELOPMENT,DAILY_RETRAIN,ENET_C0.1_L10.25,ELASTIC_NET,ROLLING_720_DAILY,88,0.6717558727171198,0.23930558384833972,0.6214206283013622,0.5961538461538461,416
2026_DEVELOPMENT,DAILY_RETRAIN,RF_D3_L8_MFsqrt,RANDOM_FOREST,ROLLING_1080_DAILY,88,0.6718122236457791,0.2394515247472505,0.6247335742748586,0.5961538461538461,416
2026_DEVELOPMENT,DAILY_RETRAIN,ENET_C0.1_L10.25,ELASTIC_NET,DECAY_HL240_DAILY,88,0.6723531226335984,0.23944032505523855,0.6190112130479103,0.5865384615384616,416
2026_DEVELOPMENT,DAILY_RETRAIN,XGB_LR0.02_D2_MCW2,XGBOOST,ROLLING_1080_DAILY,88,0.6731146379350542,0.24014610262115102,0.6138912056343249,0.59375,416
2026_DEVELOPMENT,DAILY_RETRAIN,RF_D3_L8_MFsqrt,RANDOM_FOREST,DECAY_HL240_DAILY,88,0.6736854327388294,0.24036395428646828,0.6184088592345474,0.5913461538461539,416
2026_DEVELOPMENT,DAILY_RETRAIN,RF_D3_L8_MFsqrt,RANDOM_FOREST,ROLLING_720_DAILY,88,0.6756976311982738,0.24135344440130108,0.611087943656751,0.5793269230769231,416
2026_DEVELOPMENT,DAILY_RETRAIN,L2_C0.03,L2_LOGISTIC,DECAY_HL120_DAILY,88,0.6758573174730759,0.2411549583699005,0.607844500046335,0.5625,416
2026_DEVELOPMENT,DAILY_RETRAIN,RF_D3_L8_MFsqrt,RANDOM_FOREST,DECAY_HL120_DAILY,88,0.6765531557915465,0.24176079453291827,0.6057594291539246,0.5865384615384616,416
2026_DEVELOPMENT,DAILY_RETRAIN,XGB_LR0.02_D2_MCW2,XGBOOST,DECAY_HL240_DAILY,88,0.676675700461225,0.24191303795108882,0.6003614122880179,0.5817307692307693,416
2026_DEVELOPMENT,DAILY_RETRAIN,ENET_C0.1_L10.25,ELASTIC_NET,DECAY_HL120_DAILY,88,0.6774160312149876,0.2419407379889713,0.6050412380687611,0.5625,416
2026_DEVELOPMENT,DAILY_RETRAIN,XGB_LR0.02_D2_MCW2,XGBOOST,ROLLING_720_DAILY,88,0.6813104306018466,0.2441469516778012,0.5891483643777222,0.5649038461538461,416
2026_DEVELOPMENT,DAILY_RETRAIN,XGB_LR0.02_D2_MCW2,XGBOOST,DECAY_HL120_DAILY,88,0.6821864912677292,0.24438101307938634,0.594152534519507,0.5721153846153846,416
2026_DEVELOPMENT,ONLINE_UPDATE,ONLINE_SGD_A0.0003,ONLINE_SGD,DAILY_PARTIAL_FIT,88,1.2514478670883544,0.3601436324023245,0.4903623389861922,0.49759615384615385,416
2026_DEVELOPMENT,ONLINE_UPDATE,ONLINE_SGD_A0.001,ONLINE_SGD,DAILY_PARTIAL_FIT,88,1.488343302640421,0.41753689785815296,0.38645630618107685,0.43028846153846156,416
2026_DEVELOPMENT,ONLINE_UPDATE,ONLINE_SGD_A3e-05,ONLINE_SGD,DAILY_PARTIAL_FIT,88,1.7910835771009526,0.37993694845670506,0.5686451672690205,0.5336538461538461,416
2026_DEVELOPMENT,ONLINE_UPDATE,ONLINE_SGD_A0.0001,ONLINE_SGD,DAILY_PARTIAL_FIT,88,1.8098289330153796,0.4131823182750139,0.460499490316004,0.4831730769230769,416
2026_DEVELOPMENT,ONLINE_UPDATE,ONLINE_SGD_A1e-05,ONLINE_SGD,DAILY_PARTIAL_FIT,88,3.4389365219961117,0.3919614000117221,0.6136016124548235,0.5745192307692307,416
