family,model_id,params_json,log_loss,brier,roc_auc,accuracy,n,fold_log_loss_sd,selection_score
L2_LOGISTIC,L2_C0.03,"{""C"": 0.03}",0.668642531384877,0.23789923688694858,0.6286094389747107,0.5904471544715447,984,0.012802596416554802,0.6692826612057047
ELASTIC_NET,ENET_C0.1_L10.25,"{""C"": 0.1, ""l1_ratio"": 0.25}",0.6696833028608259,0.23837944326863106,0.6264899458351754,0.5904471544715447,984,0.013294848555115108,0.6703480452885816
XGBOOST,XGB_LR0.02_D2_MCW2,"{""colsample_bytree"": 0.8, ""learning_rate"": 0.02, ""max_depth"": 2, ""min_child_weight"": 2.0, ""subsample"": 0.8}",0.6756910921663859,0.24130401486155853,0.6119303087518954,0.5802845528455285,984,0.010681017439621984,0.676225143038367
RANDOM_FOREST,RF_D3_L8_MFsqrt,"{""max_depth"": 3, ""max_features"": ""sqrt"", ""min_samples_leaf"": 8, ""min_samples_split"": 5, ""n_estimators"": 300}",0.6757701623937596,0.2414501486880808,0.609728184300877,0.5792682926829268,984,0.009336208677326888,0.676236972827626
GRADIENT_BOOSTING,GB_LR0.03_D1_S0.8,"{""learning_rate"": 0.03, ""max_depth"": 1, ""subsample"": 0.8}",0.6764401232146552,0.24167748016004836,0.6092344622147671,0.5792682926829268,984,0.009288236291048154,0.6769045350292076
CATBOOST,CAT_LR0.02_D3_L25,"{""depth"": 3, ""l2_leaf_reg"": 5.0, ""learning_rate"": 0.02}",0.6770824678978705,0.2419578682823936,0.6090630022434401,0.5833333333333334,984,0.0139654373047283,0.6777807397631069
EXTRA_TREES,ET_D4_L6_MF0.8,"{""max_depth"": 4, ""max_features"": 0.8, ""min_samples_leaf"": 6, ""n_estimators"": 700}",0.679656687023188,0.24325521718842175,0.5991389817343487,0.5660569105691057,984,0.01021743034402314,0.6801675585403892
LIGHTGBM,LGB_LR0.02_LEAF7_MIN20,"{""learning_rate"": 0.02, ""min_child_samples"": 20, ""num_leaves"": 7, ""reg_lambda"": 5.0}",0.6856203615025215,0.2459192692735223,0.5957634926602738,0.551829268292683,984,0.012287862321061322,0.6862347546185745
HIST_GRADIENT_BOOSTING,HGB_LR0.03_LEAF15_L25,"{""l2_regularization"": 5.0, ""learning_rate"": 0.03, ""max_leaf_nodes"": 15}",0.6908125736231706,0.2484287275423449,0.5891096063031165,0.5558943089430894,984,0.012590275089489332,0.6914420873776451
