model_id,bin,n,predicted_mean,actual_rate,abs_gap
CV_CHAMPION_STATIC,"(0.24, 0.372]",42,0.33074774583269423,0.40476190476190477,0.07401415892921054
CV_CHAMPION_STATIC,"(0.372, 0.416]",42,0.39703129228773615,0.3333333333333333,0.06369795895440283
CV_CHAMPION_STATIC,"(0.416, 0.453]",41,0.43652182149271485,0.5365853658536586,0.10006354436094372
CV_CHAMPION_STATIC,"(0.453, 0.479]",42,0.46679523340858464,0.42857142857142855,0.038223804837156095
CV_CHAMPION_STATIC,"(0.479, 0.512]",41,0.4950664056269293,0.3902439024390244,0.10482250318790487
CV_CHAMPION_STATIC,"(0.512, 0.543]",42,0.5290229661364118,0.5,0.029022966136411754
CV_CHAMPION_STATIC,"(0.543, 0.574]",41,0.5581040172643655,0.5365853658536586,0.021518651410706968
CV_CHAMPION_STATIC,"(0.574, 0.614]",42,0.5915652241932348,0.6666666666666666,0.07510144247343187
CV_CHAMPION_STATIC,"(0.614, 0.657]",41,0.6316565022561722,0.6829268292682927,0.05127032701212053
CV_CHAMPION_STATIC,"(0.657, 0.895]",42,0.7181792324488047,0.7619047619047619,0.0437255294559572
BEST_2026_OBSERVED,"(0.235, 0.367]",42,0.3262792237389399,0.3333333333333333,0.0070541095943933985
BEST_2026_OBSERVED,"(0.367, 0.414]",42,0.39380695881082856,0.4523809523809524,0.05857399357012383
BEST_2026_OBSERVED,"(0.414, 0.453]",41,0.4320957347279817,0.5121951219512195,0.08009938722323784
BEST_2026_OBSERVED,"(0.453, 0.484]",42,0.4673079024595386,0.40476190476190477,0.06254599769763386
BEST_2026_OBSERVED,"(0.484, 0.514]",41,0.49921039096293085,0.3902439024390244,0.10896648852390645
BEST_2026_OBSERVED,"(0.514, 0.543]",42,0.5308720285000071,0.5238095238095238,0.007062504690483307
BEST_2026_OBSERVED,"(0.543, 0.573]",41,0.55831853389965,0.5609756097560976,0.0026570758564475883
BEST_2026_OBSERVED,"(0.573, 0.61]",42,0.5894139381796476,0.6428571428571429,0.053443204677495304
BEST_2026_OBSERVED,"(0.61, 0.648]",41,0.6294311053266142,0.6585365853658537,0.029105480039239517
BEST_2026_OBSERVED,"(0.648, 0.889]",42,0.7102603972874343,0.7619047619047619,0.051644364617327576
OOF_STACK,"(0.276, 0.38]",42,0.34739557784208597,0.38095238095238093,0.033556803110294964
OOF_STACK,"(0.38, 0.418]",42,0.4012006944280507,0.35714285714285715,0.044057837285193524
OOF_STACK,"(0.418, 0.45]",41,0.4353568360876732,0.5365853658536586,0.10122852976598534
OOF_STACK,"(0.45, 0.474]",42,0.46126895866186635,0.40476190476190477,0.05650705389996158
OOF_STACK,"(0.474, 0.503]",41,0.4878512691959285,0.4146341463414634,0.07321712285446513
OOF_STACK,"(0.503, 0.531]",42,0.5175811751007219,0.5,0.01758117510072188
OOF_STACK,"(0.531, 0.557]",41,0.5424042783261229,0.5365853658536586,0.005818912472464355
OOF_STACK,"(0.557, 0.591]",42,0.571718805204715,0.6666666666666666,0.09494786146195167
OOF_STACK,"(0.591, 0.627]",41,0.6061903466999089,0.6585365853658537,0.05234623866594479
OOF_STACK,"(0.627, 0.795]",42,0.6734402140408109,0.7857142857142857,0.1122740716734748
