game_id,game_date,home_win,p_cv_champion_with_batter,p_cv_champion_no_batter,p_best_direct_with_batter,p_best_direct_no_batter
20260328HTSK0,20260328,1.0,0.7177620143930636,0.7268337281700972,0.7238917840219145,0.7384886565285212
20260328KTLG0,20260328,0.0,0.8508856616551944,0.8264586824077235,0.8442363823650885,0.834583541590761
20260328LTSS0,20260328,0.0,0.85905515000845,0.8232703637963154,0.8484827071394724,0.831523510191666
20260328OBNC0,20260328,1.0,0.7768175312169393,0.7555848694089374,0.7715027324933602,0.7663252747599513
20260328WOHH0,20260328,1.0,0.7243431114723043,0.6727393811916282,0.7080004033429363,0.6858741641095623
20260329HTSK0,20260329,1.0,0.7532357909278117,0.7645300959349632,0.6891710237605705,0.7222404196490328
20260329KTLG0,20260329,0.0,0.4449467062854377,0.45519241745469474,0.3912098243902864,0.46520561839652513
20260329LTSS0,20260329,0.0,0.542023690758207,0.49934100584286334,0.5356744703199816,0.5121912414761651
20260329OBNC0,20260329,0.0,0.6688213774873631,0.6153775514472939,0.6429978912489356,0.588286812044494
20260329WOHH0,20260329,1.0,0.6764516467480896,0.5968998667784005,0.626395212178609,0.5491398151528744
20260331HTLG0,20260331,0.0,0.6623854875281299,0.6104659118195787,0.6602840729566359,0.5955833687625806
20260331KTHH0,20260331,0.0,0.5475218405078957,0.5506753307116357,0.5318170274561477,0.5418521094089109
20260331LTNC0,20260331,1.0,0.5216869607708039,0.4704827442988139,0.5380054638725811,0.47657062460018407
20260331WOSK0,20260331,1.0,0.798353873707605,0.6641862657913075,0.7862804180032477,0.6259036419580695
20260401HTLG0,20260401,1.0,0.6690301332220269,0.6192313412774716,0.6748918875383256,0.6066627587142484
20260401KTHH0,20260401,0.0,0.4654788560067685,0.4714684007322671,0.4464512168773149,0.46643966702432715
20260401LTNC0,20260401,1.0,0.5183283329491108,0.5286650145811899,0.5143644864642618,0.5314068120457982
20260401OBSS0,20260401,1.0,0.44500702301444656,0.44657345563715956,0.4390274111502875,0.4451880445442922
20260401WOSK0,20260401,0.0,0.7522884840010784,0.681206092842899,0.7185040668650405,0.6452538963613127
20260402HTLG0,20260402,1.0,0.7918064218962042,0.7309796864955324,0.7815394250873343,0.7175622600245114
20260402KTHH0,20260402,0.0,0.5234082025197399,0.5273440465741238,0.49730287500127823,0.523740615238901
20260402LTNC0,20260402,1.0,0.692081741565451,0.740508093110665,0.6478528109926025,0.7306942524540281
20260402OBSS0,20260402,1.0,0.6154873884781025,0.5632069184997258,0.6027576493115762,0.5708739173145995
20260402WOSK0,20260402,1.0,0.7226627954062405,0.6534170546401299,0.67128063076379,0.6027511753304097
20260403HHOB0,20260403,0.0,0.6114853544361925,0.5458810163263575,0.6276111182404124,0.5454158885824395
20260403LGWO0,20260403,1.0,0.337646292628947,0.42137605891821106,0.34906633914990437,0.44069326733997083
20260403NCHT0,20260403,0.0,0.5049550416678551,0.5221697523363182,0.5282212446868829,0.5473180665828997
20260403SKLT0,20260403,0.0,0.4068542260615679,0.42074234137604943,0.4191663102188118,0.42818411635189035
20260403SSKT0,20260403,0.0,0.24141223457442312,0.3317268610836263,0.23625589300182423,0.33177379731842743
20260404HHOB0,20260404,0.0,0.5718548632227388,0.5198388962803213,0.5836783743316506,0.5234941696438971
20260404LGWO0,20260404,0.0,0.2780049448818013,0.38327331710560103,0.287583091620549,0.3868968084574071
20260404NCHT0,20260404,0.0,0.4752519414690574,0.2964758802830976,0.531660095376483,0.3189466017947952
20260404SKLT0,20260404,0.0,0.5316427410653684,0.5031723896544354,0.5130186195838389,0.487029123061932
20260404SSKT0,20260404,0.0,0.5010793079856545,0.5796811196366152,0.49386950828535053,0.5822073027751545
20260405HHOB0,20260405,1.0,0.7449915073708457,0.7017682214996424,0.7389634376597805,0.6890899178964488
20260405LGWO0,20260405,0.0,0.28916506877990966,0.3884197028407888,0.2986365783522136,0.3969762267035635
20260405NCHT0,20260405,1.0,0.47875888910225695,0.49866803688486644,0.5035793471839343,0.5157824215058953
20260405SKLT0,20260405,0.0,0.46521862216524285,0.45824076992830887,0.4652381711190115,0.4490433064045376
20260405SSKT0,20260405,1.0,0.41637210789794843,0.45644847421240337,0.4035787073525165,0.460230357144372
20260407HHSK0,20260407,0.0,0.633035984972294,0.5634215195325591,0.6295903040060123,0.5627999159373098
20260407KTLT0,20260407,0.0,0.46760048786691366,0.3884686598107082,0.46057966432344744,0.39172511588686393
20260407LGNC0,20260407,0.0,0.46153926906545684,0.5013553445773556,0.46325636607835957,0.5072197419826524
20260407SSHT0,20260407,0.0,0.46296561854935636,0.49479557673204216,0.4723989978323967,0.509826346085003
20260407WOOB0,20260407,0.0,0.4955665491631672,0.5057594366030275,0.48737209288411343,0.4891168464687231
20260408HHSK0,20260408,0.0,0.5349816352389322,0.49800562118525843,0.5368283445073508,0.4907549354687836
20260408KTLT0,20260408,1.0,0.32802341889429265,0.27739937475965354,0.3296102575738026,0.2829031192532601
20260408LGNC0,20260408,0.0,0.3574403425544215,0.38717993900214737,0.3552579367824575,0.3900870781973389
20260408SSHT0,20260408,1.0,0.37289307809524364,0.40229713665051287,0.37667527597954986,0.40844108456211653
20260408WOOB0,20260408,1.0,0.760452292551918,0.7283637605091533,0.7397061263665051,0.7185970076459381
20260410HTHH0,20260410,0.0,0.36137310036374176,0.41617394508341765,0.3508367366266092,0.4000395670652999
20260410LTWO0,20260410,0.0,0.6426295696486105,0.6313065654738197,0.6376572629781813,0.6367779893945504
20260410NCSS0,20260410,1.0,0.7104361429435585,0.5904364242699088,0.7282402381913595,0.5928606969667244
20260410OBKT0,20260410,0.0,0.4815845791024147,0.5296900690441623,0.48852114095747734,0.5262179313142177
20260410SKLG0,20260410,1.0,0.576424212926819,0.5342595079338249,0.5733294114475446,0.5314252917572997
20260411HTHH0,20260411,0.0,0.6229598178819836,0.6656692458939925,0.6153889060829103,0.6569058197328066
20260411LTWO0,20260411,0.0,0.5063547128040551,0.49543015476793817,0.5068266150022139,0.5051131436801742
20260411NCSS0,20260411,1.0,0.617648680744941,0.5402164514262661,0.5845470452132076,0.5277919557694459
20260411OBKT0,20260411,1.0,0.5499188715745367,0.5446893564816147,0.5372094344606756,0.5387309416054809
20260411SKLG0,20260411,1.0,0.6612718672556192,0.6645610579725136,0.6684288720538142,0.6611421461737073
20260412HTHH0,20260412,0.0,0.39543056597673615,0.43189304546663077,0.36001246426863903,0.405821425796682
20260412LTWO0,20260412,1.0,0.5183395512781688,0.49602622623166825,0.536971559809706,0.48675534209826155
20260412NCSS0,20260412,1.0,0.6940871362150222,0.6167690375029019,0.6421440337224661,0.582214329535133
20260412OBKT0,20260412,1.0,0.5252452883429725,0.5638134238785417,0.5156326557196897,0.5456436206577051
20260412SKLG0,20260412,1.0,0.5263365691546511,0.5580063691862642,0.4819532336478639,0.5421326055881437
20260414KTNC0,20260414,1.0,0.4612747669180809,0.41749108458489675,0.4720169513724835,0.43060831310119707
20260414LTLG0,20260414,1.0,0.5882572536794297,0.5721947622731539,0.569493903542007,0.5619511985663367
20260414OBSK0,20260414,0.0,0.5951016459753538,0.5858317923956772,0.5912703728886812,0.5756147627102454
20260414SSHH0,20260414,0.0,0.4118711912551612,0.47809891415381756,0.41541597038575334,0.4820878604019228
20260414WOHT0,20260414,1.0,0.5540662465691271,0.511206955335064,0.5287088653897092,0.5053047540185382
20260415KTNC0,20260415,0.0,0.47079528749040894,0.43976522542325786,0.47686522038433715,0.4445478486725574
20260415LTLG0,20260415,0.0,0.7256777738867379,0.7387501176277657,0.715102694143068,0.7240800424094775
20260415OBSK0,20260415,1.0,0.5623365329455089,0.5435983295333956,0.5476689551198749,0.5271670522236946
20260415SSHH0,20260415,0.0,0.4112511158205436,0.44813881908010156,0.41289029514659625,0.46342701835466393
20260415WOHT0,20260415,1.0,0.7125917523012819,0.6640207635366235,0.6880854968414036,0.6612976093303956
20260416KTNC0,20260416,0.0,0.5980729678296657,0.49613414126077965,0.5786030888019157,0.49692168072971493
20260416LTLG0,20260416,1.0,0.6558726173981037,0.6373824590406849,0.6398720984805765,0.6304524184668634
20260416OBSK0,20260416,1.0,0.5857229986446958,0.5677312009062813,0.5760727517231414,0.5552040745425424
20260416SSHH0,20260416,0.0,0.28489209167690493,0.3472763676120533,0.29369570176856163,0.3567756972061506
20260416WOHT0,20260416,1.0,0.5342006905403331,0.5064075504890678,0.5113287389731954,0.5007752169900735
20260417HTOB0,20260417,0.0,0.6864617951956504,0.6951396909817065,0.6506476883117582,0.697273749937985
20260417WOKT0,20260417,1.0,0.5061694547655307,0.5972256015995674,0.46359448605369125,0.5956403199419654
20260418HHLT0,20260418,0.0,0.5557019959643714,0.5227713107422534,0.5784595880983455,0.5278283298624016
20260418HTOB0,20260418,1.0,0.44267830240576894,0.3927839787124343,0.43018057163772155,0.3923133431404825
20260418LGSS0,20260418,1.0,0.4694216354697499,0.43535812374743543,0.4964713468777491,0.43251619971783667
20260418SKNC0,20260418,0.0,0.5685138745182112,0.5623591527918319,0.5673950330666832,0.5636137100971597
20260418WOKT0,20260418,1.0,0.5245556404946494,0.5837895589673098,0.5265798370993401,0.5902421641155344
20260419HHLT0,20260419,0.0,0.6092089055093226,0.5872133312163632,0.6342749185173427,0.59121135515821
20260419HTOB0,20260419,1.0,0.495714109343032,0.4467963062670826,0.48423190958334544,0.4421569298843577
20260419LGSS0,20260419,0.0,0.47103872906893496,0.5101758908561159,0.4717173513735954,0.5094571107382718
20260419SKNC0,20260419,1.0,0.5719734809746608,0.5446392471540273,0.556676759809019,0.5411174533108346
20260419WOKT0,20260419,0.0,0.5458876448262332,0.6231145046704174,0.5069225702366273,0.6259246658958548
20260421HHLG0,20260421,1.0,0.5952979314504468,0.5782234867067911,0.6090320928204979,0.5768896153435971
20260421HTKT0,20260421,1.0,0.6653794336476425,0.6447574142685331,0.6992344738532027,0.6397340970289771
20260421NCWO0,20260421,1.0,0.4684921059564172,0.5124778251021371,0.4657110484094478,0.4937712381009695
20260421OBLT0,20260421,0.0,0.5463581492876651,0.5701776914508312,0.5562109383171807,0.5641186490867541
20260421SKSS0,20260421,0.0,0.5066762176866599,0.5048608239441573,0.5012833960234926,0.5063916191787865
20260422HHLG0,20260422,1.0,0.6270438082087281,0.6134706737789312,0.6334369450527619,0.6049036578527457
20260422HTKT0,20260422,1.0,0.3701751806729339,0.4410134020115951,0.37853412532802533,0.43329601540436125
20260422NCWO0,20260422,1.0,0.7023877225032032,0.6395021007966275,0.730869192623972,0.6446516416531964
20260422OBLT0,20260422,0.0,0.3400034572882123,0.3579354052566063,0.3509142294122196,0.35210906217542726
20260422SKSS0,20260422,0.0,0.6674860162440981,0.6701889444847151,0.6719835491537861,0.6776990576453981
20260423HHLG0,20260423,0.0,0.7028724720326474,0.6801570111524292,0.6884327173796866,0.6596948899487606
20260423HTKT0,20260423,1.0,0.7112673978453231,0.7446896208383047,0.7208998435974915,0.7426011269412107
20260423NCWO0,20260423,0.0,0.3547052172797622,0.4198683671350177,0.3494318481413842,0.4008318313821597
20260423OBLT0,20260423,1.0,0.36470681571239083,0.3751978120535446,0.37931595673032187,0.3713806449077024
20260423SKSS0,20260423,0.0,0.5334912547113659,0.4739794869341549,0.5100647168090104,0.47644624460382984
20260424KTSK0,20260424,1.0,0.42638902204150003,0.3761732836945325,0.4224303729753211,0.3743362266477209
20260424LGOB0,20260424,0.0,0.4007577780856009,0.4126155714069114,0.40721365118701414,0.4210937008657987
20260424LTHT0,20260424,1.0,0.618366836294833,0.5917483626672285,0.602179463603022,0.59578521337943
20260424NCHH0,20260424,0.0,0.4760596698373414,0.555163025583972,0.48592245693636266,0.555464479745119
20260424SSWO0,20260424,1.0,0.4756928476654451,0.5466682972734423,0.5159467146596134,0.5498029781934545
20260425KTSK0,20260425,1.0,0.4534362232960537,0.40305806129307753,0.4461435692559846,0.40805186693956447
20260425LGOB0,20260425,0.0,0.39369353438943416,0.38780369020541094,0.3927630547197525,0.3933317558512876
20260425LTHT0,20260425,1.0,0.5476635378176347,0.5193528831868075,0.5281817666690302,0.5234111641541187
20260425NCHH0,20260425,1.0,0.41177896217963306,0.4414092186208499,0.41156615173701966,0.442818232950134
20260425SSWO0,20260425,1.0,0.3467880840706029,0.4331574638068509,0.38463314561696504,0.44081607574615916
20260426KTSK0,20260426,0.0,0.4658288996175063,0.4398055349008621,0.46611256619107255,0.443806837964648
20260426LGOB0,20260426,1.0,0.546101821913865,0.4063930036971402,0.554134901019228,0.411519786135455
20260426NCHH0,20260426,0.0,0.4101753483038135,0.4729015537451652,0.41898085341465424,0.4761379629336211
20260426SSWO0,20260426,1.0,0.5106266616372267,0.5281175147350253,0.5674581243974355,0.5267972198202805
20260428HTNC0,20260428,1.0,0.43364777823770456,0.3630306812329367,0.4526108692730938,0.3647347431764022
20260428LGKT0,20260428,1.0,0.3705961100690532,0.43888399515134907,0.39037017364790455,0.44689692443810813
20260428SKHH0,20260428,1.0,0.5541355242817421,0.5437606311439324,0.543074951910457,0.5548880755183684
20260428SSOB0,20260428,0.0,0.4190964619534045,0.415902481066407,0.4271286705053122,0.42796970548006713
20260428WOLT0,20260428,1.0,0.24073876249848017,0.2650653911778766,0.24609351918208902,0.25706923612411514
20260429HTNC0,20260429,0.0,0.6443339728899489,0.6377762791494506,0.6438164263918869,0.6376307150089325
20260429LGKT0,20260429,1.0,0.5702525013590718,0.6350468417797013,0.5960667659985058,0.6513403978738735
20260429SKHH0,20260429,0.0,0.30671102676504053,0.36311732701255467,0.284307617480498,0.3735704322438872
20260429SSOB0,20260429,1.0,0.6300373371314976,0.5723830743959257,0.6379737817853575,0.5838753035545627
20260429WOLT0,20260429,0.0,0.48163697217351664,0.48165366369392915,0.49040165284115933,0.4838248682748607
20260430HTNC0,20260430,1.0,0.37517800242530225,0.37079123207463366,0.36744110774047356,0.36863172849170134
20260430LGKT0,20260430,0.0,0.4397794838918652,0.49880388544500187,0.46298178976551074,0.5107098570985519
20260430SKHH0,20260430,0.0,0.5761333845978175,0.5891324494902606,0.5841626611263022,0.6009970402423214
20260430SSOB0,20260430,1.0,0.5900632191624099,0.5539927946026932,0.5997362933542675,0.5709753374160147
20260430WOLT0,20260430,1.0,0.4992494541325046,0.501909751397936,0.502991314275941,0.4965785050147233
20260501HHSS0,20260501,1.0,0.6325509467366529,0.5910367903697755,0.6036226372263842,0.5735036983726173
20260501KTHT0,20260501,0.0,0.4717336743128998,0.4002527151692196,0.459505318485458,0.3999561890269938
20260501LTSK0,20260501,0.0,0.4910250524116408,0.4906376661833573,0.46886211762865126,0.4897663494802062
20260501NCLG0,20260501,1.0,0.5249359490201133,0.5416246093933831,0.5330914867646996,0.5401162224789142
20260501OBWO0,20260501,0.0,0.4984723677825435,0.5166932674352989,0.5510740053814553,0.5181294210901453
20260502HHSS0,20260502,0.0,0.5555215667567134,0.5054618868442315,0.5219735087703782,0.48489711912930306
20260502KTHT0,20260502,1.0,0.40079690113898403,0.36831736569276274,0.3802755825971842,0.3618887100447302
20260502LTSK0,20260502,0.0,0.511108140443538,0.49826707497970213,0.4799242679253878,0.49113394279530387
20260502NCLG0,20260502,1.0,0.5130866830598423,0.543201933321174,0.5233003372103047,0.5420186903095285
20260502OBWO0,20260502,1.0,0.38256737885742115,0.45949532180377245,0.400070284365769,0.456333248447967
20260503HHSS0,20260503,1.0,0.669130355866678,0.6172359598577221,0.6397911943254706,0.5912279573290464
20260503KTHT0,20260503,0.0,0.5951622015911658,0.548869927199699,0.5820387244515234,0.5515326207342679
20260503LTSK0,20260503,0.0,0.6130478857386759,0.6366682403594385,0.5510088960275602,0.5987312668979999
20260503NCLG0,20260503,0.0,0.6105705722486146,0.6246184796881548,0.594420387838485,0.6057589351631103
20260503OBWO0,20260503,0.0,0.32933961624899555,0.41439430951019135,0.3417890521771279,0.40557051991142223
20260505HHHT0,20260505,1.0,0.5887300748547629,0.4970503145438671,0.60721822778982,0.4899958412630909
20260505LTKT0,20260505,1.0,0.5787299279575345,0.6612267018507224,0.5393343452709598,0.6597573876759589
20260505OBLG0,20260505,1.0,0.4550168093810809,0.48733302059167494,0.4541224882941851,0.4721841796310912
20260505WOSS0,20260505,1.0,0.6227337884738139,0.5530037807253206,0.5849603033819852,0.5379827679978252
20260506HHHT0,20260506,0.0,0.6273858535509554,0.5801152603588494,0.6155325208606948,0.5738661722285932
20260506LTKT0,20260506,0.0,0.4916349114504167,0.5326395344394663,0.5022711752699613,0.5344474623171083
20260506NCSK0,20260506,1.0,0.4481453310333519,0.4824115374242435,0.43067750471702226,0.4710360754913042
20260506OBLG0,20260506,1.0,0.4343909957174018,0.541998779261324,0.40674060734633327,0.524225389385529
20260506WOSS0,20260506,1.0,0.581093812650925,0.49341773587476995,0.5391792569276583,0.4869151902215396
20260507HHHT0,20260507,0.0,0.6542204326758727,0.6546463042117225,0.6366755066111016,0.6390776003159734
20260507NCSK0,20260507,0.0,0.4517306615555089,0.507093531340103,0.45958878877691345,0.5005830954599492
20260507OBLG0,20260507,0.0,0.4924806975875502,0.551478221340777,0.4981731629583475,0.5400312297308119
20260507WOSS0,20260507,1.0,0.8952063372777906,0.8118783358738276,0.8889199555606307,0.8078389074078542
20260508HTLT0,20260508,0.0,0.5283750019185006,0.5380988802771394,0.5510272329097112,0.5552526607049111
20260508KTWO0,20260508,0.0,0.37545465045171683,0.37044512904324317,0.3730616349290699,0.36643519014287007
20260508LGHH0,20260508,0.0,0.3500903660703149,0.31668800882986353,0.30951173569767837,0.3110520802898196
20260508SKOB0,20260508,0.0,0.5422237675373711,0.5227232183108496,0.554612004453591,0.5430138884588442
20260508SSNC0,20260508,0.0,0.41790660417432024,0.4313841353556036,0.4085950666859633,0.42043630127674786
20260509HTLT0,20260509,0.0,0.310922241512502,0.31449623096268997,0.32542009171562625,0.3266445400316565
20260509LGHH0,20260509,1.0,0.3492871974829187,0.3853981608798007,0.3140635008516453,0.397599946678328
20260509SKOB0,20260509,1.0,0.625738842171711,0.6428926989030909,0.6484643665524078,0.6575096591262664
20260509SSNC0,20260509,0.0,0.33554908915084003,0.3453217265184795,0.34975309018032796,0.35425122678978055
20260510HTLT0,20260510,1.0,0.6387082876934258,0.6270825830349805,0.641441428802804,0.6334510815582409
20260510KTWO0,20260510,1.0,0.49160238778558735,0.5153430521414217,0.46322593664391987,0.5020017532574852
20260510LGHH0,20260510,1.0,0.4125396745362018,0.3979227685139771,0.38494061008044234,0.3995871017518764
20260510SKOB0,20260510,1.0,0.6943053616702651,0.6713191586206348,0.7012717237381085,0.6843961511691553
20260510SSNC0,20260510,0.0,0.40552240112365123,0.46677107981626376,0.4357110231248868,0.4802779208646284
20260512HHWO0,20260512,0.0,0.41796666451886294,0.41979826187647007,0.41548029009779364,0.40017813182081063
20260512NCLT0,20260512,0.0,0.48149978290753237,0.4862321768450679,0.4980213588090174,0.49626223397167335
20260512OBHT0,20260512,0.0,0.5589546428808557,0.5519972489750312,0.5432974443385534,0.542587546658545
20260512SKKT0,20260512,0.0,0.5776188940905981,0.6112712953600179,0.5863555633489248,0.6151284652014456
20260512SSLG0,20260512,0.0,0.5667394125349998,0.5779750378560397,0.5746075698447107,0.5672833861522361
20260513HHWO0,20260513,1.0,0.24607806640457713,0.2820958846589357,0.24146167978407673,0.2585060208675982
20260513NCLT0,20260513,1.0,0.5505850519223413,0.5475216591478966,0.5515180929561725,0.5403538454048837
20260513OBHT0,20260513,1.0,0.698448980668497,0.7052022952805225,0.6821097682394028,0.6976665360564139
20260513SKKT0,20260513,1.0,0.5558693234118277,0.5851160451887524,0.5533386000551501,0.5799397080462915
20260513SSLG0,20260513,1.0,0.4358508584174928,0.4637812218122122,0.4565248712709553,0.4542299965997022
20260514HHWO0,20260514,0.0,0.5184108186180589,0.558461037961154,0.5313314996556744,0.5445047367138639
20260514NCLT0,20260514,0.0,0.530225490025163,0.5248487161985412,0.5359376991476332,0.5249193690808864
20260514OBHT0,20260514,1.0,0.42667147942828,0.4532577499289627,0.4091392834382129,0.4454310129900469
20260514SKKT0,20260514,0.0,0.5722352308466526,0.5979133003519517,0.5774989281327869,0.6041166829416819
20260514SSLG0,20260514,0.0,0.542129551883389,0.5959769277584914,0.5577891845193779,0.5816236914496118
20260515HHKT0,20260515,0.0,0.5570976423114462,0.5950586362329423,0.5594740401144593,0.5706983938285575
20260515HTSS0,20260515,0.0,0.538038068710145,0.5055165810725114,0.5195900592495927,0.5041077139747387
20260515LGSK0,20260515,0.0,0.35996270100065275,0.3840809826612742,0.3184489105016596,0.3848996197975234
20260515LTOB0,20260515,0.0,0.636290114270898,0.6543840615201575,0.6495050931695696,0.658257373648017
20260515WONC0,20260515,0.0,0.4579912327606061,0.3980366339490336,0.46585637531107715,0.4212799470528403
20260516HHKT0,20260516,0.0,0.49180221632415444,0.5171574546393148,0.4840549167138356,0.4877223428936099
20260516HTSS0,20260516,1.0,0.6104018389119512,0.6385669593833018,0.6091289380597509,0.6350247243376448
20260516LGSK0,20260516,1.0,0.41612965761551896,0.43199983498154987,0.42580109903264335,0.4425414767408911
20260516LTOB0,20260516,1.0,0.585713628794924,0.6104708385781985,0.604330074993282,0.6101203476079746
20260516WONC0,20260516,1.0,0.6104722706530155,0.560377358882834,0.6098160891202126,0.5744960801987649
20260517HHKT0,20260517,1.0,0.4708002611676785,0.46876100208039473,0.46126307604470385,0.4357822248801292
20260517HTSS0,20260517,0.0,0.571849467568219,0.6037405706358792,0.5601229907714294,0.5944110427153126
20260517LGSK0,20260517,0.0,0.41251393601593483,0.3629193792301849,0.4144676886325764,0.36811211176861053
20260517LTOB0,20260517,1.0,0.49656880395128544,0.5432498980260759,0.5113951627120332,0.5474457657237188
20260517WONC0,20260517,0.0,0.5794263886204567,0.5584684176432946,0.5903033530945851,0.578144687061731
20260519KTSS0,20260519,1.0,0.5774408197210169,0.5256994861159486,0.5691334285554281,0.5428355341066622
20260519LGHT0,20260519,1.0,0.5850203639707522,0.547622826781684,0.5872309137389943,0.5703315956315311
20260519LTHH0,20260519,0.0,0.4230871988813574,0.440142574045014,0.42726060965810087,0.4563855083023371
20260519NCOB0,20260519,1.0,0.5383209624451252,0.5264252544785178,0.5500430266284396,0.5334690133327713
20260519SKWO0,20260519,1.0,0.31353479769243275,0.31510777744312046,0.3120487434893295,0.3163129263654414
20260520SKWO0,20260520,1.0,0.4914944341749569,0.4628849301850891,0.4893047191996877,0.47455896909085643
20260521KTSS0,20260521,1.0,0.6143724598938293,0.5653437681206922,0.6095005754858346,0.5760933127686931
20260521LGHT0,20260521,0.0,0.5668853645318506,0.5748997495481775,0.5805922266681881,0.5985577519504839
20260521LTHH0,20260521,0.0,0.3834857389106141,0.3920434968085112,0.37794990253319055,0.40031857087166944
20260521NCOB0,20260521,1.0,0.5403643735841728,0.5599416039911007,0.5565242683551822,0.5709680049168433
20260521SKWO0,20260521,1.0,0.6144175827134983,0.6168627685479043,0.6202620229954107,0.6290698679132939
20260522NCKT0,20260522,1.0,0.7598082143249775,0.8032429320962379,0.7388450788462875,0.7853626967511756
20260522OBHH0,20260522,1.0,0.43744219163889614,0.4041319200763505,0.42231237918746256,0.41002401202397254
20260522SKHT0,20260522,1.0,0.6032812951378698,0.5754057580598472,0.6187564715445857,0.6002057337968438
20260522SSLT0,20260522,0.0,0.38985456113074385,0.3864231675083283,0.41343488222051256,0.40271489031184565
20260522WOLG0,20260522,0.0,0.5023371300861951,0.5156796983835453,0.5000640411277654,0.5072847175689017
20260523NCKT0,20260523,1.0,0.5122486698028499,0.5344499250881851,0.48643263645519225,0.5076429397559978
20260523OBHH0,20260523,1.0,0.33500722683444717,0.34295972647509837,0.32917236816077744,0.3512145362507672
20260523SKHT0,20260523,1.0,0.621915425792671,0.5862303376379879,0.6149849820089129,0.6073996836845929
20260523SSLT0,20260523,1.0,0.4866486817363543,0.5096742199780232,0.5022485336421755,0.5254077203814803
20260523WOLG0,20260523,1.0,0.6539447823517239,0.5980982590065083,0.6474113642131398,0.5831205651022101
20260524NCKT0,20260524,0.0,0.39526612830022795,0.45292719452882646,0.3769160659581175,0.4278781894465117
20260524OBHH0,20260524,1.0,0.5137322591118618,0.5184445177863646,0.506449297413667,0.5263541586250731
20260524SKHT0,20260524,1.0,0.7046919995865024,0.6692561487676245,0.7144646018676639,0.6867808498660625
20260524SSLT0,20260524,0.0,0.5443185938260834,0.5457973302753658,0.5388858221240721,0.5570668117700248
20260524WOLG0,20260524,1.0,0.5773776279974507,0.5554587589635457,0.5827087783140732,0.541564760484182
20260526HTWO0,20260526,0.0,0.5116662635637886,0.5331629378591883,0.5014285976174341,0.5221136963133652
20260526KTOB0,20260526,0.0,0.4762807089634552,0.47938847921786615,0.5041920666231801,0.5014889721336603
20260526LGLT0,20260526,0.0,0.5001621982140249,0.5028055842903141,0.49577684686348994,0.5247754108881498
20260527HHNC0,20260527,1.0,0.5437574385607363,0.5250178533478687,0.5484183924722175,0.5219106059040556
20260527HTWO0,20260527,0.0,0.4072795874090531,0.4461323011287731,0.40787693750739146,0.4364992708149628
20260527KTOB0,20260527,1.0,0.4801343587211669,0.48611876727079006,0.506587550475651,0.5038233624951087
20260527LGLT0,20260527,0.0,0.47193856782434473,0.461046312426673,0.46500873376240826,0.47855736654388736
20260527SSSK0,20260527,0.0,0.3032355567646973,0.33863260850397187,0.3220796181191407,0.3319870316472419
20260528HHNC0,20260528,0.0,0.2638460020201228,0.2851338693246825,0.266876850214654,0.2796280453213925
20260528HTWO0,20260528,0.0,0.3976225165069543,0.46429275257247654,0.3928027318554915,0.4433888070208287
20260528KTOB0,20260528,0.0,0.5170890218759241,0.4986819140122215,0.5414367175818745,0.5132090671049705
20260528LGLT0,20260528,1.0,0.43842081786996445,0.42865507897147037,0.4328317373456951,0.4439051648025587
20260528SSSK0,20260528,0.0,0.4044931432220411,0.4099530366563295,0.41429591367077034,0.40265615502636665
20260529HTLG0,20260529,1.0,0.6315321334161655,0.6767481825211915,0.6272239935188669,0.6466560126626425
20260529KTWO0,20260529,0.0,0.5297212007918133,0.46727284610932057,0.5524738297715966,0.47692923456464315
20260529LTNC0,20260529,0.0,0.4535179629312309,0.45332564860129226,0.4634723747875067,0.44853333491139985
20260529OBSS0,20260529,0.0,0.5069771436550056,0.5076645130742854,0.49405858763302796,0.5196948503535606
20260529SKHH0,20260529,1.0,0.578759880742082,0.5608812917080069,0.5812687911786611,0.5878996381000153
20260530HTLG0,20260530,1.0,0.34778922713263455,0.38699991888067625,0.35332649529477994,0.36473531503686024
20260530KTWO0,20260530,0.0,0.3958276541247019,0.34270776933813346,0.402008655723249,0.3388208897705579
20260530LTNC0,20260530,1.0,0.6316372339021918,0.6400879181664116,0.6375816704887515,0.6329468258564361
20260530OBSS0,20260530,0.0,0.5606925372131693,0.5297129694675482,0.5290613601127946,0.5289293008480995
20260530SKHH0,20260530,1.0,0.6126167881852879,0.6487763112968062,0.627572490723201,0.6770273794607623
20260531HTLG0,20260531,1.0,0.5193736384861752,0.5363445791350298,0.5040730011477498,0.5078785093710262
20260531KTWO0,20260531,0.0,0.39985772642559597,0.3988443399657516,0.3888759792018169,0.4021744138844756
20260531LTNC0,20260531,1.0,0.3975051393434881,0.42520864795419205,0.3976609470331233,0.422888515395499
20260531OBSS0,20260531,1.0,0.4893166151623584,0.4652120259565758,0.4756976130009238,0.47141623264882176
20260531SKHH0,20260531,1.0,0.5392616920914117,0.5411111566099146,0.5500121567221417,0.5759810693384199
20260602HHOB0,20260602,1.0,0.5669991456555137,0.5794466912418219,0.5759833421450802,0.5661980587143962
20260602LGKT0,20260602,0.0,0.45423320082031093,0.47461656795795154,0.43181163989597376,0.46494226705944264
20260602LTHT0,20260602,1.0,0.6547004927066231,0.629439018656554,0.6593909008370075,0.6339361650404193
20260602NCSS0,20260602,1.0,0.6670324110461444,0.631143217306215,0.6651021541742631,0.6423577553807248
20260602WOSK0,20260602,0.0,0.47904268018627977,0.3724923146039408,0.5080382916975384,0.37103676621754006
20260603LGKT0,20260603,1.0,0.5555853315665145,0.5803754418069574,0.5519438174565503,0.5799798879978175
20260603LTHT0,20260603,0.0,0.639049414630737,0.599378668102965,0.6167306259889798,0.6126438549772162
20260603NCSS0,20260603,0.0,0.7283989771066955,0.7155844687928211,0.7266041044895297,0.7264730931734513
20260603WOSK0,20260603,1.0,0.47627414464207696,0.4410196040252325,0.4859117898201632,0.4243068037472038
20260604HHOB0,20260604,1.0,0.6576424456935107,0.584573595579786,0.6061254891130065,0.5662337292087877
20260604LGKT0,20260604,0.0,0.3723688820662281,0.40700352495176007,0.37047281884170274,0.4052975016337966
20260604LTHT0,20260604,1.0,0.5580795168268591,0.5245055361306983,0.5404619552463785,0.5045823316770588
20260604NCSS0,20260604,0.0,0.6150717280484251,0.5937558032101148,0.6176386638712019,0.606656847158122
20260604WOSK0,20260604,1.0,0.46318605583841294,0.43831643046481933,0.4725503108984033,0.4288805672706529
20260605HHLT0,20260605,0.0,0.4009854053087687,0.38659809359790737,0.39410379371157994,0.37717002809226086
20260605KTSK0,20260605,1.0,0.4519257048491683,0.42135288906431906,0.44228173902784684,0.4189272817062758
20260605LGNC0,20260605,0.0,0.5600710291450027,0.5784704012816986,0.5674628530389966,0.586828054180398
20260605SSHT0,20260605,1.0,0.593570140761365,0.594155063469377,0.6112901999162663,0.6018357245573194
20260605WOOB0,20260605,1.0,0.49269490045807063,0.5428274863049117,0.535344325603259,0.5564148643752445
20260606HHLT0,20260606,0.0,0.3976700421426229,0.3830305717161418,0.3829761460767943,0.3639415307121504
20260606KTSK0,20260606,0.0,0.4976297571166078,0.5236655589339302,0.5016701041392704,0.5185819422364153
20260606LGNC0,20260606,1.0,0.4123510914081926,0.40232883365860195,0.41177445331227985,0.41370470559841754
20260606SSHT0,20260606,0.0,0.4818662680689557,0.5029540655224743,0.49474566920767143,0.5126551965356744
20260606WOOB0,20260606,1.0,0.5454355356017527,0.5212001130414157,0.5867135374272227,0.5396690193040344
20260607HHLT0,20260607,0.0,0.5965451641522846,0.6139464101442021,0.5670261389747647,0.5838865395992965
20260607KTSK0,20260607,1.0,0.37775820789686876,0.3817339464727705,0.3651430878576592,0.38003253009054855
20260607LGNC0,20260607,1.0,0.46082238140356996,0.44202847520969074,0.44564840757606133,0.453879025945825
20260607SSHT0,20260607,1.0,0.6400360861971055,0.629696803827622,0.6401601190060994,0.6274121006999416
20260607WOOB0,20260607,0.0,0.48048971518303424,0.4741673823924634,0.5427278148167453,0.5075253353245037
20260609HTHH0,20260609,0.0,0.5397215093372237,0.5238354094888301,0.5315889943664509,0.5288442012537332
20260609NCWO0,20260609,1.0,0.5811906052142656,0.6960078202556891,0.5781752228416288,0.6813724994719551
20260609OBLT0,20260609,0.0,0.39958589114182835,0.4320323496991279,0.3759620951259259,0.41828843475766725
20260609SKLG0,20260609,1.0,0.6764808905493487,0.6871673162742046,0.6792480934449238,0.6786357825833091
20260609SSKT0,20260609,1.0,0.5225143052404693,0.5744908467924115,0.52268137639783,0.5586835886900466
20260610HTHH0,20260610,1.0,0.5902542563312319,0.5133284879085258,0.5946204154439066,0.5259931372107387
20260610NCWO0,20260610,0.0,0.43239737859072036,0.4894195084323932,0.4196568806498969,0.48526582931375506
20260610OBLT0,20260610,1.0,0.32760136285036645,0.3327218424714494,0.2991817957176042,0.31822482175145633
20260610SKLG0,20260610,1.0,0.6884460516716573,0.6833680405221653,0.6947405856825911,0.6880692478664031
20260610SSKT0,20260610,1.0,0.37242258707187575,0.4359018714352374,0.3759388581376826,0.42276974110470666
20260611HTHH0,20260611,1.0,0.44010360011790106,0.472133925189442,0.4586959734191555,0.48511392265996234
20260611NCWO0,20260611,0.0,0.4414847367570406,0.46999345613201976,0.41509566845864215,0.4551337299081891
20260611OBLT0,20260611,0.0,0.5638880965359724,0.587610489244309,0.5275817753814367,0.5696041011698376
20260611SKLG0,20260611,1.0,0.5390884612734559,0.5578262006090257,0.548279347701414,0.5654302078622102
20260611SSKT0,20260611,0.0,0.467172245436343,0.5067509174949509,0.47335549006277927,0.4896462606297824
20260612HHWO0,20260612,1.0,0.39458178872836985,0.464027315963742,0.3796074708859678,0.43931919711044065
20260612LTLG0,20260612,0.0,0.6308176924782455,0.6112607337397509,0.6385963368042866,0.6167012007902049
20260612NCKT0,20260612,1.0,0.4605623631693494,0.4733814756744026,0.45267684174929135,0.45831942064108233
20260612OBHT0,20260612,0.0,0.4980061834371857,0.47564443991997335,0.4862655379363309,0.48028483084690293
20260612SKSS0,20260612,0.0,0.5481539483195622,0.55794133676962,0.5636252030616637,0.5794349816337009
20260613HHWO0,20260613,1.0,0.6434640760181967,0.6242808570183265,0.6329416138480922,0.5960949161409018
20260613LTLG0,20260613,1.0,0.6403943679987684,0.6536932621017391,0.6123904642144509,0.6323890370140994
20260613NCKT0,20260613,1.0,0.5747950797087428,0.6006024511886718,0.5720195779723882,0.5853076006313095
20260613OBHT0,20260613,1.0,0.5790891879981787,0.553885443762527,0.5862574233947259,0.5426069895874673
20260613SKSS0,20260613,1.0,0.66372440291842,0.6777146800405526,0.6612813297349178,0.6840462960063337
20260614HHWO0,20260614,1.0,0.46406031412448445,0.4859889594387153,0.4518166827684888,0.47613073025688507
20260614LTLG0,20260614,1.0,0.5658402819972551,0.5784175345470964,0.5678712670293002,0.5787686473972495
20260614OBHT0,20260614,0.0,0.3486387351956579,0.3640823052934718,0.36067596275596886,0.36876969638165685
20260614SKSS0,20260614,1.0,0.5732273229926188,0.6155918835453675,0.5819389213122464,0.6252398673136804
20260616HHNC0,20260616,1.0,0.46074590528992576,0.4748960137582857,0.435071935648438,0.4510478522947525
20260616KTOB0,20260616,0.0,0.376204481079682,0.4154463213830674,0.40648269280208893,0.4332253591730353
20260616LGHT0,20260616,0.0,0.31858166332921567,0.3637143835457534,0.3301399583635181,0.36827612071171134
20260616LTSK0,20260616,0.0,0.5555651636432883,0.5204275047120336,0.5480065798446841,0.5095149562554614
20260616WOSS0,20260616,1.0,0.6887586240365279,0.602250677245621,0.7037133437872298,0.6065414686598979
20260617HHNC0,20260617,1.0,0.4399873050579259,0.4174595201964415,0.43058984560839464,0.41556483325197435
20260617KTOB0,20260617,0.0,0.435958891755242,0.44585179913653133,0.4564614148014619,0.4608711967113522
20260617LGHT0,20260617,1.0,0.6257005282072359,0.6483147707097076,0.6188529120027859,0.6337689743224625
20260617LTSK0,20260617,0.0,0.46906683879559335,0.4149418944253716,0.4388536976262527,0.39844989822432564
20260617WOSS0,20260617,1.0,0.6424121048379196,0.5586451291869641,0.6370169203258614,0.557068194531702
20260618HHNC0,20260618,1.0,0.42885576288472577,0.47945574374023286,0.44510068223566357,0.47570543519529723
20260618KTOB0,20260618,1.0,0.4304307696432813,0.4178589070451436,0.42891477447773213,0.4125309150174156
20260618LGHT0,20260618,1.0,0.3597262453442632,0.3964233504815622,0.3668657965427573,0.4017557773760204
20260618WOSS0,20260618,1.0,0.6148759278726199,0.5534659160206822,0.6262801032499716,0.5532125007973377
20260619HTKT0,20260619,0.0,0.4515376789346616,0.46267809753023725,0.4412315561631496,0.4628606752945773
20260619LTWO0,20260619,0.0,0.6345635289428416,0.6895879823741458,0.6138942401523418,0.6767983868536803
20260619OBLG0,20260619,1.0,0.45741273815950895,0.4483926326736677,0.4384356812825757,0.44232684021263347
20260619SKNC0,20260619,1.0,0.4922906900608671,0.5405893046033603,0.5357963127054164,0.5785022469681228
20260620HTKT0,20260620,1.0,0.4375747458732818,0.4582201747100434,0.4122149923179344,0.44508420466034826
20260620LTWO0,20260620,0.0,0.4642465805021147,0.520851553868397,0.4659297986250917,0.5251426045581348
20260620OBLG0,20260620,1.0,0.5306124893927571,0.5131382153099048,0.5273155176066252,0.5066497753360824
20260620SKNC0,20260620,0.0,0.5347288534932548,0.5756148489937939,0.5363547343063494,0.5906723773114612
20260620SSHH0,20260620,1.0,0.5117315453439896,0.5188938971134095,0.49682187809416406,0.5160444229179381
20260621HTKT0,20260621,0.0,0.5940028419429259,0.6067820654278061,0.5436755767771101,0.5749015603677831
20260621LTWO0,20260621,0.0,0.41596750975871416,0.46641870449806017,0.4107664752559641,0.4639694380159502
20260621OBLG0,20260621,1.0,0.49687547228729356,0.47706075202836756,0.4937368448687138,0.4784567927605219
20260621SKNC0,20260621,0.0,0.39337509977906215,0.39175431318599396,0.4200683172369213,0.4220033259489297
20260621SSHH0,20260621,0.0,0.5425508996345515,0.5466677953555997,0.5509641309887777,0.5637681354826571
20260623HTWO0,20260623,0.0,0.36353267333539413,0.4028890993305792,0.34009152719221375,0.3934360600040314
20260623NCLT0,20260623,1.0,0.45204968845511895,0.4890437829957195,0.4396086165776867,0.4770460827313386
20260623OBHH0,20260623,1.0,0.6304458847610415,0.6280982859033757,0.6382743134605336,0.6335825715793136
20260623SKKT0,20260623,1.0,0.634779458656096,0.676899586239552,0.643876868125994,0.675257495262712
20260623SSLG0,20260623,1.0,0.449845480785258,0.45125821744556477,0.46256942108301563,0.4514794932397487
20260624HTWO0,20260624,0.0,0.5355559741542628,0.5358873094938648,0.503524302902081,0.515701947075389
20260624NCLT0,20260624,1.0,0.4352839321325044,0.47122896280633125,0.45593928954050433,0.47401299321146784
20260624OBHH0,20260624,0.0,0.525595555396743,0.4989207986422256,0.5250402066865097,0.5074457305763412
20260624SKKT0,20260624,0.0,0.5346322266835354,0.5944511609291689,0.5321827571785599,0.5873639772240807
20260624SSLG0,20260624,1.0,0.5501749863994052,0.5463856042987895,0.5579611928651679,0.5482014722017006
20260625HTWO0,20260625,0.0,0.4368723698921793,0.5027726548362922,0.37660334674221985,0.47264023722814
20260625NCLT0,20260625,0.0,0.3972731627396941,0.434121154562292,0.43091729255910394,0.45338785401744963
20260625OBHH0,20260625,0.0,0.46678072439513885,0.41370093897451626,0.4802321437349141,0.43162853541187396
20260625SKKT0,20260625,1.0,0.5793662504047876,0.66102679999024,0.6047191346210741,0.6655961539704385
20260625SSLG0,20260625,0.0,0.34179657790612833,0.39087546906317994,0.3631717782372452,0.4096708866265514
20260626HHSK0,20260626,0.0,0.42774344753512744,0.42268361092391127,0.43363375041029245,0.42072900548895625
20260626HTOB0,20260626,1.0,0.5964899809787666,0.5997024502115383,0.5587338946617805,0.5773875081186547
20260626KTSS0,20260626,1.0,0.48160431037121987,0.4662497688873086,0.5003737713606476,0.4920695490270681
20260626LGLT0,20260626,1.0,0.3899719455806723,0.4082774662968513,0.39509180972760977,0.41748826747433654
20260626WONC0,20260626,1.0,0.41355246973252113,0.3306045291159014,0.4351109384592692,0.35981796424732687
20260627HHSK0,20260627,0.0,0.3966416905213112,0.4128933192683146,0.35912651651075556,0.3824476473005217
20260627HTOB0,20260627,1.0,0.6149926576794742,0.6293984309717263,0.5808538989801241,0.612015909463841
20260627KTSS0,20260627,1.0,0.637613818490108,0.639357075131758,0.6571223019720771,0.6612030088345902
20260627LGLT0,20260627,0.0,0.32036451792068593,0.3392577318852753,0.327471455177843,0.3502216961867051
20260627WONC0,20260627,0.0,0.5413870630572782,0.5427570021781662,0.5648440486885994,0.5714064541911744
20260628HHSK0,20260628,0.0,0.34784028093746766,0.2961590241493715,0.3307170322705218,0.27400664376554856
20260628HTOB0,20260628,0.0,0.5862843808156103,0.6238970190317753,0.569257621785333,0.6176174345887848
20260628KTSS0,20260628,1.0,0.4742449253148258,0.41616163551556384,0.4949099745848128,0.4428324877636468
20260628LGLT0,20260628,1.0,0.5160488670382618,0.5250116843036047,0.5179430692592082,0.5239489434659528
20260628WONC0,20260628,1.0,0.5637201763769405,0.5474020944457896,0.591191711709631,0.570123951491148
20260630LGWO0,20260630,1.0,0.36979683892999166,0.41675333438083795,0.3568987848751825,0.40993654482775055
20260630LTOB0,20260630,1.0,0.5599356899849302,0.5286469527634169,0.569220020433854,0.5268925048674048
20260630SKHT0,20260630,1.0,0.6327009846115887,0.6849140725165047,0.6681326303692933,0.7126972308728625
20260630SSNC0,20260630,0.0,0.4743496079093284,0.4693836641109317,0.4629179923478805,0.47263522392807267
20260701KTHH0,20260701,0.0,0.44584375490316563,0.39552703186716626,0.48066295061820513,0.429046827434807
20260701LGWO0,20260701,0.0,0.6210953747631894,0.6563718466979472,0.5889496656750933,0.6353701869596925
20260701LTOB0,20260701,0.0,0.6176710583193623,0.5787817903560996,0.6121015585219626,0.5831462953086346
20260701SSNC0,20260701,1.0,0.3553652800800891,0.35796427872741055,0.343054547426947,0.3543760274956754
20260702KTHH0,20260702,1.0,0.5647282029717093,0.4904535798773372,0.5674574108798777,0.5085587859237155
20260702LGWO0,20260702,0.0,0.35928985008456865,0.3888706031683145,0.3468660338850487,0.38856038649333724
20260702LTOB0,20260702,1.0,0.531063864124752,0.5649399598654727,0.5457410591534916,0.5528191888973808
20260702SKHT0,20260702,1.0,0.6144537771533747,0.672238145062409,0.6493348455235258,0.6992994292784439
20260702SSNC0,20260702,0.0,0.41692391498966247,0.3728260866312671,0.41378009568976803,0.37535176702901524
20260703HHLG0,20260703,0.0,0.4603536117374833,0.5333016255765615,0.45338018563127264,0.5018900259338703
20260703LTKT0,20260703,0.0,0.4465962299356568,0.5194675396937104,0.4468350026881393,0.50462233530378
20260703NCHT0,20260703,0.0,0.4810981089450019,0.47673548455686754,0.5220830710324059,0.4981849224092393
20260703OBWO0,20260703,1.0,0.36278393596853553,0.3946760962008304,0.3365108413011639,0.3769485212022941
20260703SSSK0,20260703,0.0,0.37262549539461703,0.32996167068584975,0.34830351496503476,0.31085070907462514
20260704HHLG0,20260704,1.0,0.4553988504443267,0.46119360399243575,0.46136226036997313,0.44529462958640265
20260704LTKT0,20260704,0.0,0.4755090587903076,0.5489974399483976,0.4748377016976709,0.5159575342382382
20260704NCHT0,20260704,0.0,0.4513711854165243,0.4128868399716867,0.47496482258347433,0.4172463058430287
20260704OBWO0,20260704,0.0,0.4409927150933872,0.46783580990033224,0.40328066670421947,0.45278391104637133
20260704SSSK0,20260704,0.0,0.3977468100942308,0.4087724674087051,0.36109006885146616,0.3757690887763392
20260705LTKT0,20260705,1.0,0.4410762230605156,0.45199328454734344,0.4286903599429019,0.41075725603466073
20260705OBWO0,20260705,0.0,0.3266942439985129,0.3439477748946519,0.2927643455569714,0.31590514558496774
20260705SSSK0,20260705,0.0,0.4780942227928867,0.38775747173648456,0.4295724372062032,0.3402725583525559
20260707HTLT0,20260707,1.0,0.5908081837326067,0.6050582478846528,0.5714385661055167,0.6037339295145526
20260707LGSS0,20260707,1.0,0.5121167440986114,0.5719693489265606,0.5157359095862392,0.5973157288559433
20260707NCHH0,20260707,0.0,0.5315700580179182,0.4650977240008732,0.5745302017455493,0.48712748357763264
20260707SKOB0,20260707,0.0,0.5792039639353348,0.6501319686826658,0.5896448868692614,0.6740857112083225
20260707WOKT0,20260707,1.0,0.5540671216935024,0.5836161167396369,0.5699228175010381,0.591904805465562
20260708HTLT0,20260708,1.0,0.43292499787464117,0.43234976994379537,0.43524252238935807,0.45754278560683387
20260708LGSS0,20260708,0.0,0.4300844777001076,0.46168871112371906,0.42965854746782034,0.48153475135953283
20260708SKOB0,20260708,1.0,0.7101081792032824,0.7496431348768505,0.7240259435692631,0.7553424174600192
20260708WOKT0,20260708,1.0,0.50903246028485,0.5020029701981256,0.538490921270779,0.5166611068159895
20260709HTLT0,20260709,0.0,0.4908162925410295,0.509792596895419,0.5052747350486477,0.5388052455480689
20260709LGSS0,20260709,1.0,0.47675296670827993,0.5382290012624248,0.4766306713570397,0.5628529494877361
20260709NCHH0,20260709,1.0,0.5841171914531944,0.5257537389140277,0.628571998677297,0.5359282873796319
20260709SKOB0,20260709,1.0,0.6290037754449828,0.6562463582603193,0.6219969353338516,0.6668372321840037
