model_id,family,fold_id,train_start,train_end,valid_start,valid_end,n_train,n_valid,log_loss,brier,roc_auc,accuracy,n
L2_C0.003,L2_LOGISTIC,1,20240323,20240711,20240712,20240906,422,210,0.6890813394281411,0.2479695750167519,0.5853480521850196,0.5285714285714286,210
L2_C0.003,L2_LOGISTIC,2,20240323,20240906,20240907,20250422,632,195,0.6674850627390589,0.237321785172491,0.6329411764705882,0.6153846153846154,195
L2_C0.003,L2_LOGISTIC,3,20240323,20250422,20250423,20250619,827,232,0.6647917125979717,0.2360298747327107,0.6530657748049052,0.603448275862069,232
L2_C0.003,L2_LOGISTIC,4,20240323,20250619,20250620,20250814,1059,180,0.6654822588501912,0.2364465159445083,0.6427511133102424,0.6,180
L2_C0.003,L2_LOGISTIC,5,20240323,20250814,20250815,20251002,1239,167,0.6785736818473931,0.2428576797811469,0.5975258918296893,0.5508982035928144,167
L2_C0.01,L2_LOGISTIC,1,20240323,20240711,20240712,20240906,422,210,0.6866578723986013,0.2467074284204633,0.5825198430800109,0.5428571428571428,210
L2_C0.01,L2_LOGISTIC,2,20240323,20240906,20240907,20250422,632,195,0.6610444664784932,0.2341514483523682,0.6390374331550801,0.6153846153846154,195
L2_C0.01,L2_LOGISTIC,3,20240323,20250422,20250423,20250619,827,232,0.6575725937234389,0.2326934195732038,0.6544035674470458,0.6293103448275862,232
L2_C0.01,L2_LOGISTIC,4,20240323,20250619,20250620,20250814,1059,180,0.6606414985564583,0.2341811747723217,0.6486887679366651,0.6,180
L2_C0.01,L2_LOGISTIC,5,20240323,20250814,20250815,20251002,1239,167,0.6804288025463014,0.2437220004114939,0.5991081703107021,0.5688622754491018,167
L2_C0.03,L2_LOGISTIC,1,20240323,20240711,20240712,20240906,422,210,0.686420444067918,0.2464710305246861,0.5837058662530792,0.5476190476190477,210
L2_C0.03,L2_LOGISTIC,2,20240323,20240906,20240907,20250422,632,195,0.6597382850897406,0.2331621086525898,0.6424598930481283,0.6205128205128205,195
L2_C0.03,L2_LOGISTIC,3,20240323,20250422,20250423,20250619,827,232,0.6574298814946088,0.2327199762857116,0.646079524340394,0.603448275862069,232
L2_C0.03,L2_LOGISTIC,4,20240323,20250619,20250620,20250814,1059,180,0.6587997014089516,0.2332949478333877,0.6493072736269173,0.5944444444444444,180
L2_C0.03,L2_LOGISTIC,5,20240323,20250814,20250815,20251002,1239,167,0.6828701393748278,0.2448095592276851,0.5985327963176065,0.5868263473053892,167
L2_C0.1,L2_LOGISTIC,1,20240323,20240711,20240712,20240906,422,210,0.687343772059489,0.2468142929860084,0.5825198430800108,0.5380952380952381,210
L2_C0.1,L2_LOGISTIC,2,20240323,20240906,20240907,20250422,632,195,0.6606752077667967,0.2329558617019324,0.6483422459893047,0.6256410256410256,195
L2_C0.1,L2_LOGISTIC,3,20240323,20250422,20250423,20250619,827,232,0.6617252707711753,0.2347759184247834,0.6327015979189893,0.5862068965517241,232
L2_C0.1,L2_LOGISTIC,4,20240323,20250619,20250620,20250814,1059,180,0.6580518109649761,0.2329129988864641,0.6510390895596239,0.6,180
L2_C0.1,L2_LOGISTIC,5,20240323,20250814,20250815,20251002,1239,167,0.6854637136949017,0.2459514582829177,0.5963751438434983,0.5868263473053892,167
L2_C0.3,L2_LOGISTIC,1,20240323,20240711,20240712,20240906,422,210,0.6900253857591473,0.2479973997370388,0.5798740990785511,0.5571428571428572,210
L2_C0.3,L2_LOGISTIC,2,20240323,20240906,20240907,20250422,632,195,0.6621980809958097,0.2331599065652765,0.6480213903743315,0.6358974358974359,195
L2_C0.3,L2_LOGISTIC,3,20240323,20250422,20250423,20250619,827,232,0.6655014828097299,0.236556762740262,0.6260126347082869,0.5818965517241379,232
L2_C0.3,L2_LOGISTIC,4,20240323,20250619,20250620,20250814,1059,180,0.6578721045709995,0.2328201081271712,0.6504205838693715,0.6055555555555555,180
L2_C0.3,L2_LOGISTIC,5,20240323,20250814,20250815,20251002,1239,167,0.6868862640274535,0.2465687037467773,0.5953682393555811,0.5988023952095808,167
L2_C1,L2_LOGISTIC,1,20240323,20240711,20240712,20240906,422,210,0.6933552795232076,0.2494475100205105,0.5778669829395128,0.5428571428571428,210
L2_C1,L2_LOGISTIC,2,20240323,20240906,20240907,20250422,632,195,0.6633373341822574,0.2333932420480906,0.6480213903743315,0.6461538461538462,195
L2_C1,L2_LOGISTIC,3,20240323,20250422,20250423,20250619,827,232,0.6675761205293234,0.237532406175332,0.6203641768859159,0.5603448275862069,232
L2_C1,L2_LOGISTIC,4,20240323,20250619,20250620,20250814,1059,180,0.6578077459049235,0.2327853567920354,0.6499257793171698,0.6055555555555555,180
L2_C1,L2_LOGISTIC,5,20240323,20250814,20250815,20251002,1239,167,0.687513810338071,0.2468397059567537,0.5934982738780208,0.5988023952095808,167
ENET_C0.01_L10.25,ELASTIC_NET,1,20240323,20240711,20240712,20240906,422,210,0.6985012947272513,0.2526743057832191,0.5,0.4619047619047619,210
ENET_C0.01_L10.25,ELASTIC_NET,2,20240323,20240906,20240907,20250422,632,195,0.6847078216703911,0.245784710194818,0.6025668449197861,0.5897435897435898,195
ENET_C0.01_L10.25,ELASTIC_NET,3,20240323,20250422,20250423,20250619,827,232,0.6709360858688953,0.2389925563763464,0.6485321441843181,0.6206896551724138,232
ENET_C0.01_L10.25,ELASTIC_NET,4,20240323,20250619,20250620,20250814,1059,180,0.6665879777122143,0.2369596481896519,0.6480702622464126,0.5666666666666667,180
ENET_C0.01_L10.25,ELASTIC_NET,5,20240323,20250814,20250815,20251002,1239,167,0.6824640542349779,0.2447292518878292,0.5893268124280783,0.5748502994011976,167
ENET_C0.01_L10.5,ELASTIC_NET,1,20240323,20240711,20240712,20240906,422,210,0.6988326207446437,0.2528394936828981,0.5,0.4619047619047619,210
ENET_C0.01_L10.5,ELASTIC_NET,2,20240323,20240906,20240907,20250422,632,195,0.6921839675807812,0.2495184029951253,0.5,0.5641025641025641,195
ENET_C0.01_L10.5,ELASTIC_NET,3,20240323,20250422,20250423,20250619,827,232,0.6918369693543291,0.2493458700788705,0.6384986993682645,0.5043103448275862,232
ENET_C0.01_L10.5,ELASTIC_NET,4,20240323,20250619,20250620,20250814,1059,180,0.675144921570567,0.2410694813192892,0.6568530430479961,0.5833333333333334,180
ENET_C0.01_L10.5,ELASTIC_NET,5,20240323,20250814,20250815,20251002,1239,167,0.6868621020295086,0.2468855057029727,0.5668872266973533,0.5568862275449101,167
ENET_C0.01_L10.75,ELASTIC_NET,1,20240323,20240711,20240712,20240906,422,210,0.701022474533618,0.2539300769249163,0.5,0.4619047619047619,210
ENET_C0.01_L10.75,ELASTIC_NET,2,20240323,20240906,20240907,20250422,632,195,0.6926169011984199,0.2497348618690395,0.5,0.5641025641025641,195
ENET_C0.01_L10.75,ELASTIC_NET,3,20240323,20250422,20250423,20250619,827,232,0.6935568546383946,0.2502046441552472,0.5,0.5043103448275862,232
ENET_C0.01_L10.75,ELASTIC_NET,4,20240323,20250619,20250620,20250814,1059,180,0.6858933395833828,0.2463811513975519,0.6569767441860466,0.5333333333333333,180
ENET_C0.01_L10.75,ELASTIC_NET,5,20240323,20250814,20250815,20251002,1239,167,0.6895681163204362,0.2482138855922895,0.5655926352128884,0.5449101796407185,167
ENET_C0.03_L10.25,ELASTIC_NET,1,20240323,20240711,20240712,20240906,422,210,0.6902199128596624,0.2484630662982113,0.5712982392117507,0.5333333333333333,210
ENET_C0.03_L10.25,ELASTIC_NET,2,20240323,20240906,20240907,20250422,632,195,0.6654394132645437,0.2362959461007785,0.6269518716577541,0.6256410256410256,195
ENET_C0.03_L10.25,ELASTIC_NET,3,20240323,20250422,20250423,20250619,827,232,0.658771692213097,0.2333070089849508,0.6493496841322929,0.6206896551724138,232
ENET_C0.03_L10.25,ELASTIC_NET,4,20240323,20250619,20250620,20250814,1059,180,0.6604661222486197,0.2341194678088173,0.6499257793171697,0.6055555555555555,180
ENET_C0.03_L10.25,ELASTIC_NET,5,20240323,20250814,20250815,20251002,1239,167,0.6812102966450779,0.2440453933300789,0.5991081703107018,0.5748502994011976,167
ENET_C0.03_L10.5,ELASTIC_NET,1,20240323,20240711,20240712,20240906,422,210,0.6947911700167922,0.250805690460003,0.5486269500957941,0.5,210
ENET_C0.03_L10.5,ELASTIC_NET,2,20240323,20240906,20240907,20250422,632,195,0.673689690079253,0.2403072060258028,0.6189304812834224,0.6256410256410256,195
ENET_C0.03_L10.5,ELASTIC_NET,3,20240323,20250422,20250423,20250619,827,232,0.6625564263228867,0.2350158535921092,0.6478632478632479,0.6206896551724138,232
ENET_C0.03_L10.5,ELASTIC_NET,4,20240323,20250619,20250620,20250814,1059,180,0.6617414944720168,0.234701804995759,0.6475754576942108,0.6,180
ENET_C0.03_L10.5,ELASTIC_NET,5,20240323,20250814,20250815,20251002,1239,167,0.6822127191240613,0.2445538684411892,0.5937859608745685,0.5808383233532934,167
ENET_C0.03_L10.75,ELASTIC_NET,1,20240323,20240711,20240712,20240906,422,210,0.6984790514586589,0.2526632144351427,0.5,0.4619047619047619,210
ENET_C0.03_L10.75,ELASTIC_NET,2,20240323,20240906,20240907,20250422,632,195,0.6834253285221282,0.2451427096205882,0.599144385026738,0.5897435897435898,195
ENET_C0.03_L10.75,ELASTIC_NET,3,20240323,20250422,20250423,20250619,827,232,0.6673237424294325,0.2372502409086057,0.6481605351170568,0.6293103448275862,232
ENET_C0.03_L10.75,ELASTIC_NET,4,20240323,20250619,20250620,20250814,1059,180,0.6637969417974543,0.2356441769865736,0.6488124690747155,0.6,180
ENET_C0.03_L10.75,ELASTIC_NET,5,20240323,20250814,20250815,20251002,1239,167,0.6840017532369171,0.2454533599194309,0.5871691599539701,0.5748502994011976,167
ENET_C0.1_L10.25,ELASTIC_NET,1,20240323,20240711,20240712,20240906,422,210,0.687910045486395,0.2471145203466465,0.5795091688714533,0.5476190476190477,210
ENET_C0.1_L10.25,ELASTIC_NET,2,20240323,20240906,20240907,20250422,632,195,0.6605192252887979,0.2335480780558587,0.6411764705882353,0.6205128205128205,195
ENET_C0.1_L10.25,ELASTIC_NET,3,20240323,20250422,20250423,20250619,827,232,0.6583887519327261,0.2331878785597983,0.6416202155332591,0.5991379310344828,232
ENET_C0.1_L10.25,ELASTIC_NET,4,20240323,20250619,20250620,20250814,1059,180,0.6589601472880607,0.2333930938346433,0.6469569520039584,0.6,180
ENET_C0.1_L10.25,ELASTIC_NET,5,20240323,20250814,20250815,20251002,1239,167,0.6847125423434173,0.2456233710571001,0.596518987341772,0.5868263473053892,167
ENET_C0.1_L10.5,ELASTIC_NET,1,20240323,20240711,20240712,20240906,422,210,0.6894001082433305,0.2479021006865417,0.5752212389380532,0.5523809523809524,210
ENET_C0.1_L10.5,ELASTIC_NET,2,20240323,20240906,20240907,20250422,632,195,0.6631654540521794,0.2350398427659694,0.632620320855615,0.6153846153846154,195
ENET_C0.1_L10.5,ELASTIC_NET,3,20240323,20250422,20250423,20250619,827,232,0.6571136608022677,0.2325734941771371,0.6486064659977704,0.6077586206896551,232
ENET_C0.1_L10.5,ELASTIC_NET,4,20240323,20250619,20250620,20250814,1059,180,0.6594356036214236,0.2336495112457627,0.6473280554181099,0.6,180
ENET_C0.1_L10.5,ELASTIC_NET,5,20240323,20250814,20250815,20251002,1239,167,0.6833746006867998,0.2450218978519683,0.5972382048331415,0.592814371257485,167
ENET_C0.1_L10.75,ELASTIC_NET,1,20240323,20240711,20240712,20240906,422,210,0.6906882058068918,0.2485988277985322,0.5697472858315847,0.5428571428571428,210
ENET_C0.1_L10.75,ELASTIC_NET,2,20240323,20240906,20240907,20250422,632,195,0.6654826029600541,0.2362118923356272,0.6272727272727272,0.6256410256410256,195
ENET_C0.1_L10.75,ELASTIC_NET,3,20240323,20250422,20250423,20250619,827,232,0.6575128116368757,0.2327397814225472,0.6501672240802675,0.6163793103448276,232
ENET_C0.1_L10.75,ELASTIC_NET,4,20240323,20250619,20250620,20250814,1059,180,0.6595701481376538,0.2337139096086156,0.6498020781791192,0.5944444444444444,180
ENET_C0.1_L10.75,ELASTIC_NET,5,20240323,20250814,20250815,20251002,1239,167,0.6826186829665646,0.2446698171903878,0.5988204833141543,0.5748502994011976,167
ENET_C0.3_L10.25,ELASTIC_NET,1,20240323,20240711,20240712,20240906,422,210,0.6880731183687431,0.2471625394987438,0.5805127269409726,0.5428571428571428,210
ENET_C0.3_L10.25,ELASTIC_NET,2,20240323,20240906,20240907,20250422,632,195,0.6607828318371284,0.2329406275160802,0.6491978609625669,0.6307692307692307,195
ENET_C0.3_L10.25,ELASTIC_NET,3,20240323,20250422,20250423,20250619,827,232,0.6625827758083342,0.2351740160257795,0.6324786324786325,0.5862068965517241,232
ENET_C0.3_L10.25,ELASTIC_NET,4,20240323,20250619,20250620,20250814,1059,180,0.6582095510908316,0.2330069995708407,0.6500494804552202,0.5944444444444444,180
ENET_C0.3_L10.25,ELASTIC_NET,5,20240323,20250814,20250815,20251002,1239,167,0.6862916212972142,0.2463171568336662,0.5960874568469505,0.5868263473053892,167
ENET_C0.3_L10.5,ELASTIC_NET,1,20240323,20240711,20240712,20240906,422,210,0.6878882835168194,0.247069910255291,0.580421494389198,0.5428571428571428,210
ENET_C0.3_L10.5,ELASTIC_NET,2,20240323,20240906,20240907,20250422,632,195,0.6599828342457846,0.232884651730611,0.6467379679144386,0.6256410256410256,195
ENET_C0.3_L10.5,ELASTIC_NET,3,20240323,20250422,20250423,20250619,827,232,0.6608444965919982,0.2343505186443307,0.6355258268301747,0.5948275862068966,232
ENET_C0.3_L10.5,ELASTIC_NET,4,20240323,20250619,20250620,20250814,1059,180,0.6585507332923957,0.233186848121289,0.6490598713508164,0.5944444444444444,180
ENET_C0.3_L10.5,ELASTIC_NET,5,20240323,20250814,20250815,20251002,1239,167,0.686052930512239,0.2462193232410248,0.5953682393555811,0.5868263473053892,167
ENET_C0.3_L10.75,ELASTIC_NET,1,20240323,20240711,20240712,20240906,422,210,0.68825091230305,0.2472350379990857,0.5796004014232278,0.5571428571428572,210
ENET_C0.3_L10.75,ELASTIC_NET,2,20240323,20240906,20240907,20250422,632,195,0.6603721621294273,0.2332949493228257,0.6447058823529411,0.6256410256410256,195
ENET_C0.3_L10.75,ELASTIC_NET,3,20240323,20250422,20250423,20250619,827,232,0.6597178648209371,0.2338169565951203,0.6367892976588628,0.603448275862069,232
ENET_C0.3_L10.75,ELASTIC_NET,4,20240323,20250619,20250620,20250814,1059,180,0.658795154257077,0.2333146745684375,0.6472043542800594,0.6,180
ENET_C0.3_L10.75,ELASTIC_NET,5,20240323,20250814,20250815,20251002,1239,167,0.6855860439878487,0.2460136733353951,0.5957997698504028,0.5868263473053892,167
RF_D3_L8_MFsqrt,RANDOM_FOREST,1,20240323,20240711,20240712,20240906,422,210,0.6872410440400052,0.247064812183631,0.5972082839157011,0.5428571428571428,210
RF_D3_L8_MFsqrt,RANDOM_FOREST,2,20240323,20240906,20240907,20250422,632,195,0.678151919974488,0.2425925311288821,0.5776470588235294,0.558974358974359,195
RF_D3_L8_MFsqrt,RANDOM_FOREST,3,20240323,20250422,20250423,20250619,827,232,0.6684574182465206,0.237812797926258,0.637383872166481,0.625,232
RF_D3_L8_MFsqrt,RANDOM_FOREST,4,20240323,20250619,20250620,20250814,1059,180,0.6621186793135271,0.2348560073254356,0.645472538347353,0.6,180
RF_D3_L8_MFsqrt,RANDOM_FOREST,5,20240323,20250814,20250815,20251002,1239,167,0.6834378014515299,0.2452164176221956,0.5926352128883775,0.562874251497006,167
RF_D4_L6_MF0.8,RANDOM_FOREST,1,20240323,20240711,20240712,20240906,422,210,0.6833941361474947,0.2451813781813484,0.6174619104096342,0.5571428571428572,210
RF_D4_L6_MF0.8,RANDOM_FOREST,2,20240323,20240906,20240907,20250422,632,195,0.6814736991707553,0.2439965348972711,0.580427807486631,0.5794871794871795,195
RF_D4_L6_MF0.8,RANDOM_FOREST,3,20240323,20250422,20250423,20250619,827,232,0.671356895489277,0.2391587402942632,0.6234113712374583,0.5948275862068966,232
RF_D4_L6_MF0.8,RANDOM_FOREST,4,20240323,20250619,20250620,20250814,1059,180,0.6601757499099161,0.2341068600496039,0.6476991588322613,0.5833333333333334,180
RF_D4_L6_MF0.8,RANDOM_FOREST,5,20240323,20250814,20250815,20251002,1239,167,0.6873856578594373,0.2468181354176592,0.5946490218642118,0.592814371257485,167
RF_D5_L4_MFNone,RANDOM_FOREST,1,20240323,20240711,20240712,20240906,422,210,0.6862259588337817,0.24652586004642,0.6089772830946082,0.5523809523809524,210
RF_D5_L4_MFNone,RANDOM_FOREST,2,20240323,20240906,20240907,20250422,632,195,0.6828911134487206,0.2448422344388603,0.570802139037433,0.5641025641025641,195
RF_D5_L4_MFNone,RANDOM_FOREST,3,20240323,20250422,20250423,20250619,827,232,0.6707601466615343,0.2388467153755014,0.6292827945001858,0.5775862068965517,232
RF_D5_L4_MFNone,RANDOM_FOREST,4,20240323,20250619,20250620,20250814,1059,180,0.665031068618462,0.2364485322584727,0.632360217714003,0.5666666666666667,180
RF_D5_L4_MFNone,RANDOM_FOREST,5,20240323,20250814,20250815,20251002,1239,167,0.6848265076196921,0.2455739804975532,0.5988204833141542,0.592814371257485,167
ET_D3_L8_MFsqrt,EXTRA_TREES,1,20240323,20240711,20240712,20240906,422,210,0.6927350801489093,0.2497678718698152,0.580786424596296,0.5190476190476191,210
ET_D3_L8_MFsqrt,EXTRA_TREES,2,20240323,20240906,20240907,20250422,632,195,0.6817742481445735,0.2443393513263219,0.5827807486631015,0.5538461538461539,195
ET_D3_L8_MFsqrt,EXTRA_TREES,3,20240323,20250422,20250423,20250619,827,232,0.6808173341650847,0.2438658108346166,0.6276477146042364,0.5689655172413793,232
ET_D3_L8_MFsqrt,EXTRA_TREES,4,20240323,20250619,20250620,20250814,1059,180,0.6791672211632112,0.2430553887136667,0.6267936665017318,0.5444444444444444,180
ET_D3_L8_MFsqrt,EXTRA_TREES,5,20240323,20250814,20250815,20251002,1239,167,0.6844961080560206,0.2457063986241542,0.5883199079401611,0.5269461077844312,167
ET_D4_L6_MF0.8,EXTRA_TREES,1,20240323,20240711,20240712,20240906,422,210,0.6944205259695654,0.2501627971345532,0.579417936319679,0.5714285714285714,210
ET_D4_L6_MF0.8,EXTRA_TREES,2,20240323,20240906,20240907,20250422,632,195,0.6822202957793597,0.2445990597851388,0.5626737967914438,0.5333333333333333,195
ET_D4_L6_MF0.8,EXTRA_TREES,3,20240323,20250422,20250423,20250619,827,232,0.6691915989481714,0.2381761318036718,0.6439241917502787,0.5905172413793104,232
ET_D4_L6_MF0.8,EXTRA_TREES,4,20240323,20250619,20250620,20250814,1059,180,0.6674132836338528,0.2374524356494444,0.6340920336467095,0.5888888888888889,180
ET_D4_L6_MF0.8,EXTRA_TREES,5,20240323,20250814,20250815,20251002,1239,167,0.6858327538333162,0.2463103512676459,0.5845799769850403,0.5389221556886228,167
ET_D5_L4_MFNone,EXTRA_TREES,1,20240323,20240711,20240712,20240906,422,210,0.6995125961408843,0.2521142646508253,0.5774108201806405,0.5714285714285714,210
ET_D5_L4_MFNone,EXTRA_TREES,2,20240323,20240906,20240907,20250422,632,195,0.6885831582604267,0.2474369032092924,0.5591443850267379,0.558974358974359,195
ET_D5_L4_MFNone,EXTRA_TREES,3,20240323,20250422,20250423,20250619,827,232,0.6643508915176627,0.235862736283065,0.6508361204013378,0.6077586206896551,232
ET_D5_L4_MFNone,EXTRA_TREES,4,20240323,20250619,20250620,20250814,1059,180,0.666178754023367,0.2369387090543804,0.6305047006432459,0.5722222222222222,180
ET_D5_L4_MFNone,EXTRA_TREES,5,20240323,20250814,20250815,20251002,1239,167,0.6886617698457337,0.2473944630128083,0.5878883774453395,0.562874251497006,167
HGB_LR0.03_LEAF7_L21,HIST_GRADIENT_BOOSTING,1,20240323,20240711,20240712,20240906,422,210,0.699455797082371,0.2524374156291956,0.598348690812882,0.5333333333333333,210
HGB_LR0.03_LEAF7_L21,HIST_GRADIENT_BOOSTING,2,20240323,20240906,20240907,20250422,632,195,0.7073733329812755,0.2554587181187627,0.5529946524064171,0.5435897435897435,195
HGB_LR0.03_LEAF7_L21,HIST_GRADIENT_BOOSTING,3,20240323,20250422,20250423,20250619,827,232,0.6853940307387822,0.2452814935360245,0.6013377926421405,0.5732758620689655,232
HGB_LR0.03_LEAF7_L21,HIST_GRADIENT_BOOSTING,4,20240323,20250619,20250620,20250814,1059,180,0.6681146359798769,0.2376848172448406,0.6225878278080159,0.5722222222222222,180
HGB_LR0.03_LEAF7_L21,HIST_GRADIENT_BOOSTING,5,20240323,20250814,20250815,20251002,1239,167,0.6972924071555286,0.2511995183368816,0.5805523590333718,0.5748502994011976,167
HGB_LR0.05_LEAF7_L25,HIST_GRADIENT_BOOSTING,1,20240323,20240711,20240712,20240906,422,210,0.6930080693722898,0.2491879300838175,0.6206094334458535,0.5190476190476191,210
HGB_LR0.05_LEAF7_L25,HIST_GRADIENT_BOOSTING,2,20240323,20240906,20240907,20250422,632,195,0.7033559629683973,0.2536874194242056,0.5596791443850266,0.5435897435897435,195
HGB_LR0.05_LEAF7_L25,HIST_GRADIENT_BOOSTING,3,20240323,20250422,20250423,20250619,827,232,0.6929813497431732,0.2485099026691081,0.5965440356744705,0.5732758620689655,232
HGB_LR0.05_LEAF7_L25,HIST_GRADIENT_BOOSTING,4,20240323,20250619,20250620,20250814,1059,180,0.6728866604552415,0.2396280043876012,0.6211034141514101,0.6,180
HGB_LR0.05_LEAF7_L25,HIST_GRADIENT_BOOSTING,5,20240323,20250814,20250815,20251002,1239,167,0.7028991119107676,0.2531148784095039,0.582422324510932,0.5808383233532934,167
HGB_LR0.03_LEAF15_L25,HIST_GRADIENT_BOOSTING,1,20240323,20240711,20240712,20240906,422,210,0.6872351962525595,0.2472602143514804,0.6124441200620381,0.5571428571428572,210
HGB_LR0.03_LEAF15_L25,HIST_GRADIENT_BOOSTING,2,20240323,20240906,20240907,20250422,632,195,0.699993517802412,0.2526534520026133,0.553903743315508,0.558974358974359,195
HGB_LR0.03_LEAF15_L25,HIST_GRADIENT_BOOSTING,3,20240323,20250422,20250423,20250619,827,232,0.692846397880574,0.2488869603061854,0.5885916016350801,0.5517241379310345,232
HGB_LR0.03_LEAF15_L25,HIST_GRADIENT_BOOSTING,4,20240323,20250619,20250620,20250814,1059,180,0.6689147655325813,0.2382687592001061,0.6291439881246906,0.5666666666666667,180
HGB_LR0.03_LEAF15_L25,HIST_GRADIENT_BOOSTING,5,20240323,20250814,20250815,20251002,1239,167,0.7053678033325402,0.2552793311394776,0.5691887226697353,0.5449101796407185,167
HGB_LR0.05_LEAF15_L210,HIST_GRADIENT_BOOSTING,1,20240323,20240711,20240712,20240906,422,210,0.6941585417831191,0.2504230493988912,0.6009032022625673,0.5523809523809524,210
HGB_LR0.05_LEAF15_L210,HIST_GRADIENT_BOOSTING,2,20240323,20240906,20240907,20250422,632,195,0.7007923289117299,0.2528549233433453,0.5591443850267379,0.5487179487179488,195
HGB_LR0.05_LEAF15_L210,HIST_GRADIENT_BOOSTING,3,20240323,20250422,20250423,20250619,827,232,0.7042649108792913,0.2537296240168356,0.5764399851356373,0.5732758620689655,232
HGB_LR0.05_LEAF15_L210,HIST_GRADIENT_BOOSTING,4,20240323,20250619,20250620,20250814,1059,180,0.6767348945456896,0.2413497318391223,0.6206086095992084,0.5666666666666667,180
HGB_LR0.05_LEAF15_L210,HIST_GRADIENT_BOOSTING,5,20240323,20250814,20250815,20251002,1239,167,0.7024199746939445,0.2528192445377076,0.5947928653624857,0.5568862275449101,167
GB_LR0.03_D1_S0.8,GRADIENT_BOOSTING,1,20240323,20240711,20240712,20240906,422,210,0.6862817365525531,0.2465224847648797,0.6037314113675759,0.5523809523809524,210
GB_LR0.03_D1_S0.8,GRADIENT_BOOSTING,2,20240323,20240906,20240907,20250422,632,195,0.6825534659482925,0.2445082280515184,0.5854010695187165,0.5846153846153846,195
GB_LR0.03_D1_S0.8,GRADIENT_BOOSTING,3,20240323,20250422,20250423,20250619,827,232,0.6679001413126855,0.2375275034779192,0.635340022296544,0.5991379310344828,232
GB_LR0.03_D1_S0.8,GRADIENT_BOOSTING,4,20240323,20250619,20250620,20250814,1059,180,0.6630734889220523,0.235347572731236,0.6417615042058387,0.5833333333333334,180
GB_LR0.03_D1_S0.8,GRADIENT_BOOSTING,5,20240323,20250814,20250815,20251002,1239,167,0.6831971851302702,0.2448674868761499,0.5999712313003452,0.5748502994011976,167
GB_LR0.03_D2_S0.8,GRADIENT_BOOSTING,1,20240323,20240711,20240712,20240906,422,210,0.6900625373909693,0.2479438976188166,0.6068789344037951,0.5380952380952381,210
GB_LR0.03_D2_S0.8,GRADIENT_BOOSTING,2,20240323,20240906,20240907,20250422,632,195,0.7032998398478779,0.2529074421538681,0.5636363636363636,0.5435897435897435,195
GB_LR0.03_D2_S0.8,GRADIENT_BOOSTING,3,20240323,20250422,20250423,20250619,827,232,0.6796516334596813,0.2431039033796756,0.6071348940914157,0.5948275862068966,232
GB_LR0.03_D2_S0.8,GRADIENT_BOOSTING,4,20240323,20250619,20250620,20250814,1059,180,0.6626043568673867,0.2352139428957141,0.6366897575457694,0.5722222222222222,180
GB_LR0.03_D2_S0.8,GRADIENT_BOOSTING,5,20240323,20250814,20250815,20251002,1239,167,0.6896209263193845,0.2473745377236739,0.596662830840046,0.5988023952095808,167
GB_LR0.05_D1_S1,GRADIENT_BOOSTING,1,20240323,20240711,20240712,20240906,422,210,0.688269159434946,0.2472931976477612,0.6066508530243591,0.5428571428571428,210
GB_LR0.05_D1_S1,GRADIENT_BOOSTING,2,20240323,20240906,20240907,20250422,632,195,0.6909154341390178,0.2481057103831574,0.5689304812834225,0.558974358974359,195
GB_LR0.05_D1_S1,GRADIENT_BOOSTING,3,20240323,20250422,20250423,20250619,827,232,0.6694263324584966,0.2382989114503899,0.632329988851728,0.5905172413793104,232
GB_LR0.05_D1_S1,GRADIENT_BOOSTING,4,20240323,20250619,20250620,20250814,1059,180,0.6604797232500409,0.2341167407465911,0.6455343889163778,0.5777777777777777,180
GB_LR0.05_D1_S1,GRADIENT_BOOSTING,5,20240323,20250814,20250815,20251002,1239,167,0.6824801216039403,0.2443043183375608,0.6092491369390104,0.5688622754491018,167
XGB_LR0.02_D2_MCW2,XGBOOST,1,20240323,20240711,20240712,20240906,422,210,0.6810212300618003,0.2440228348462102,0.6134476781315574,0.5571428571428572,210
XGB_LR0.02_D2_MCW2,XGBOOST,2,20240323,20240906,20240907,20250422,632,195,0.6820362327022902,0.2441826624912237,0.5820320855614973,0.5794871794871795,195
XGB_LR0.02_D2_MCW2,XGBOOST,3,20240323,20250422,20250423,20250619,827,232,0.6706934999329267,0.2388432258284115,0.6272761055369751,0.603448275862069,232
XGB_LR0.02_D2_MCW2,XGBOOST,4,20240323,20250619,20250620,20250814,1059,180,0.6576381308976467,0.2329079186491897,0.6473280554181099,0.5777777777777777,180
XGB_LR0.02_D2_MCW2,XGBOOST,5,20240323,20250814,20250815,20251002,1239,167,0.6879805715915192,0.2469921100073964,0.5888952819332566,0.5808383233532934,167
XGB_LR0.03_D2_MCW5,XGBOOST,1,20240323,20240711,20240712,20240906,422,210,0.6894422464804858,0.247800079762116,0.6058753763342761,0.5333333333333333,210
XGB_LR0.03_D2_MCW5,XGBOOST,2,20240323,20240906,20240907,20250422,632,195,0.6938417857462955,0.2494391843389543,0.5628342245989304,0.5487179487179488,195
XGB_LR0.03_D2_MCW5,XGBOOST,3,20240323,20250422,20250423,20250619,827,232,0.6765566154609062,0.2414883142623927,0.6166480862133036,0.5689655172413793,232
XGB_LR0.03_D2_MCW5,XGBOOST,4,20240323,20250619,20250620,20250814,1059,180,0.658792310878034,0.2335150683032539,0.6415141019297378,0.6055555555555555,180
XGB_LR0.03_D2_MCW5,XGBOOST,5,20240323,20250814,20250815,20251002,1239,167,0.6889793995565341,0.2472352961209512,0.5939298043728424,0.5808383233532934,167
XGB_LR0.03_D3_MCW5,XGBOOST,1,20240323,20240711,20240712,20240906,422,210,0.6807073944667501,0.2436761986422244,0.6327889791077456,0.5666666666666667,210
XGB_LR0.03_D3_MCW5,XGBOOST,2,20240323,20240906,20240907,20250422,632,195,0.7004222996190311,0.2527215818250409,0.5540106951871657,0.5384615384615384,195
XGB_LR0.03_D3_MCW5,XGBOOST,3,20240323,20250422,20250423,20250619,827,232,0.6762342753082143,0.2409310049593517,0.6240059457450762,0.5775862068965517,232
XGB_LR0.03_D3_MCW5,XGBOOST,4,20240323,20250619,20250620,20250814,1059,180,0.6600641162998214,0.2340443298908046,0.6453488372093025,0.6,180
XGB_LR0.03_D3_MCW5,XGBOOST,5,20240323,20250814,20250815,20251002,1239,167,0.693127532253892,0.2486819992885342,0.5960874568469505,0.5988023952095808,167
XGB_LR0.05_D1_MCW2,XGBOOST,1,20240323,20240711,20240712,20240906,422,210,0.686107776046256,0.2463324269990935,0.6086123528875103,0.5571428571428572,210
XGB_LR0.05_D1_MCW2,XGBOOST,2,20240323,20240906,20240907,20250422,632,195,0.6860038406788364,0.2459918024722636,0.5701069518716578,0.5692307692307692,195
XGB_LR0.05_D1_MCW2,XGBOOST,3,20240323,20250422,20250423,20250619,827,232,0.6692841307260788,0.2382287804651278,0.62876254180602,0.5818965517241379,232
XGB_LR0.05_D1_MCW2,XGBOOST,4,20240323,20250619,20250620,20250814,1059,180,0.6522272623190318,0.2303477500984279,0.6585230084116774,0.6,180
XGB_LR0.05_D1_MCW2,XGBOOST,5,20240323,20250814,20250815,20251002,1239,167,0.6883785173561376,0.2471225675635885,0.5875287686996549,0.562874251497006,167
LGB_LR0.02_LEAF7_MIN20,LIGHTGBM,1,20240323,20240711,20240712,20240906,422,210,0.678310204338976,0.2429170155025402,0.6280448864154731,0.5428571428571428,210
LGB_LR0.02_LEAF7_MIN20,LIGHTGBM,2,20240323,20240906,20240907,20250422,632,195,0.7013589323854579,0.2531840651400577,0.552192513368984,0.5230769230769231,195
LGB_LR0.02_LEAF7_MIN20,LIGHTGBM,3,20240323,20250422,20250423,20250619,827,232,0.6838133277111971,0.244706107602418,0.605128205128205,0.5517241379310345,232
LGB_LR0.02_LEAF7_MIN20,LIGHTGBM,4,20240323,20250619,20250620,20250814,1059,180,0.6681841241069847,0.2378174790894604,0.6250618505690252,0.5944444444444444,180
LGB_LR0.02_LEAF7_MIN20,LIGHTGBM,5,20240323,20250814,20250815,20251002,1239,167,0.6977393211010593,0.2516295317810622,0.577675489067894,0.5508982035928144,167
LGB_LR0.03_LEAF7_MIN30,LIGHTGBM,1,20240323,20240711,20240712,20240906,422,210,0.6873657428944926,0.246750071409714,0.6158653407535808,0.5523809523809524,210
LGB_LR0.03_LEAF7_MIN30,LIGHTGBM,2,20240323,20240906,20240907,20250422,632,195,0.6994242605182212,0.2526157044975811,0.5565775401069519,0.5282051282051282,195
LGB_LR0.03_LEAF7_MIN30,LIGHTGBM,3,20240323,20250422,20250423,20250619,827,232,0.6845189429079833,0.2447482612616533,0.6109253065774806,0.5474137931034483,232
LGB_LR0.03_LEAF7_MIN30,LIGHTGBM,4,20240323,20250619,20250620,20250814,1059,180,0.6635562296518158,0.2353129976201545,0.6428748144482929,0.6,180
LGB_LR0.03_LEAF7_MIN30,LIGHTGBM,5,20240323,20250814,20250815,20251002,1239,167,0.698679030953265,0.2516084533813658,0.5828538550057537,0.5868263473053892,167
LGB_LR0.03_LEAF15_MIN30,LIGHTGBM,1,20240323,20240711,20240712,20240906,422,210,0.6926994834445563,0.2491199935129477,0.6102545388194508,0.5714285714285714,210
LGB_LR0.03_LEAF15_MIN30,LIGHTGBM,2,20240323,20240906,20240907,20250422,632,195,0.7164646120859087,0.2606807208671142,0.5382887700534759,0.4974358974358974,195
LGB_LR0.03_LEAF15_MIN30,LIGHTGBM,3,20240323,20250422,20250423,20250619,827,232,0.6916297757456418,0.2478921506034645,0.603567447045708,0.5431034482758621,232
LGB_LR0.03_LEAF15_MIN30,LIGHTGBM,4,20240323,20250619,20250620,20250814,1059,180,0.6682445238218211,0.2376397760871956,0.6319891142998516,0.5888888888888889,180
LGB_LR0.03_LEAF15_MIN30,LIGHTGBM,5,20240323,20250814,20250815,20251002,1239,167,0.714343998124928,0.2585420333908641,0.5710586881472957,0.5748502994011976,167
LGB_LR0.05_LEAF7_MIN40,LIGHTGBM,1,20240323,20240711,20240712,20240906,422,210,0.6929162831053278,0.2494964693992318,0.6091597481981572,0.5571428571428572,210
LGB_LR0.05_LEAF7_MIN40,LIGHTGBM,2,20240323,20240906,20240907,20250422,632,195,0.7049194627972774,0.2553259928794476,0.5483422459893048,0.5487179487179488,195
LGB_LR0.05_LEAF7_MIN40,LIGHTGBM,3,20240323,20250422,20250423,20250619,827,232,0.6932116964687068,0.2482017992785229,0.6000371609067262,0.5689655172413793,232
LGB_LR0.05_LEAF7_MIN40,LIGHTGBM,4,20240323,20250619,20250620,20250814,1059,180,0.6642377448918896,0.2355245279626512,0.642627412172192,0.5944444444444444,180
LGB_LR0.05_LEAF7_MIN40,LIGHTGBM,5,20240323,20250814,20250815,20251002,1239,167,0.7071927701057699,0.2549076866448151,0.5811277330264671,0.5508982035928144,167
CAT_LR0.02_D3_L25,CATBOOST,1,20240323,20240711,20240712,20240906,422,210,0.6980920938362586,0.251884033430723,0.5854392847367941,0.5333333333333333,210
CAT_LR0.02_D3_L25,CATBOOST,2,20240323,20240906,20240907,20250422,632,195,0.6767869972725395,0.2419174102069587,0.5866310160427807,0.5948717948717949,195
CAT_LR0.02_D3_L25,CATBOOST,3,20240323,20250422,20250423,20250619,827,232,0.6637180719518987,0.2354804332541598,0.6500929022668154,0.6206896551724138,232
CAT_LR0.02_D3_L25,CATBOOST,4,20240323,20250619,20250620,20250814,1059,180,0.6609979906174814,0.2344381407089016,0.6396585848589807,0.5944444444444444,180
CAT_LR0.02_D3_L25,CATBOOST,5,20240323,20250814,20250815,20251002,1239,167,0.6869108576871733,0.2466267936317314,0.5920598388952819,0.5688622754491018,167
CAT_LR0.03_D4_L210,CATBOOST,1,20240323,20240711,20240712,20240906,422,210,0.6928490669192268,0.2491154361024133,0.599489097710063,0.5380952380952381,210
CAT_LR0.03_D4_L210,CATBOOST,2,20240323,20240906,20240907,20250422,632,195,0.7065310346668904,0.2549499730857952,0.5497326203208556,0.5538461538461539,195
CAT_LR0.03_D4_L210,CATBOOST,3,20240323,20250422,20250423,20250619,827,232,0.6658532307446474,0.2365305042643162,0.6402081010776663,0.625,232
CAT_LR0.03_D4_L210,CATBOOST,4,20240323,20250619,20250620,20250814,1059,180,0.6649050116939094,0.2364961054240645,0.6318654131618011,0.5888888888888889,180
CAT_LR0.03_D4_L210,CATBOOST,5,20240323,20250814,20250815,20251002,1239,167,0.6888555423080156,0.2470343993892733,0.6018411967779057,0.562874251497006,167
CAT_LR0.05_D3_L220,CATBOOST,1,20240323,20240711,20240712,20240906,422,210,0.7011986730887189,0.2527358506593585,0.6070613995073442,0.5380952380952381,210
CAT_LR0.05_D3_L220,CATBOOST,2,20240323,20240906,20240907,20250422,632,195,0.703313381311621,0.2534112663843287,0.5540106951871657,0.5641025641025641,195
CAT_LR0.05_D3_L220,CATBOOST,3,20240323,20250422,20250423,20250619,827,232,0.6768466575217142,0.2417360735334988,0.6164251207729469,0.5905172413793104,232
CAT_LR0.05_D3_L220,CATBOOST,4,20240323,20250619,20250620,20250814,1059,180,0.6684430291514043,0.2380206708519518,0.6214745175655617,0.5833333333333334,180
CAT_LR0.05_D3_L220,CATBOOST,5,20240323,20250814,20250815,20251002,1239,167,0.6861083740306225,0.2452617493400179,0.6084579976985041,0.562874251497006,167
