feature,importance_mean_neg_logloss,importance_sd
K10_starter_value_diff,0.022627806144087728,0.007373390287762139
count_mean,0.005709417310949187,0.0023295216900220982
mean,0.005651489829409177,0.004420306110127238
PS_R20_RA_G_diff,0.00561141712290519,0.0036594391450439777
prior_rank_advantage,0.0031099017212633416,0.0015620370511803586
K10_starter_reliability_diff,0.001860931528344593,0.0007391046411542204
coverage,0.0017052640928687266,0.0018007784962088531
K10_starter_count_diff,0.0013350100027489265,0.0006049297255523899
prior_run_diff_per_game_diff,0.0008417266207659257,0.0032337940209378473
bullpen_strength_diff,0.00042060181171306535,0.0011045749337649576
coverage_min,0.00040511303156566997,0.002123710931056951
K10_both_starters_covered,-8.63586061989848e-05,0.0016492711849655352
prior_win_pct_diff,-0.00014027472995099545,0.00019915932520032904
elo_diff,-0.0006970043977045407,0.0008721580685542385
