log_loss,brier,roc_auc,accuracy_050,candidate,period,fold,n
0.6850187144484723,0.24601971650615323,0.5570873100035348,0.5827814569536424,TEAM_BASELINE,2025_OOF,1,151
0.6896032188714583,0.24823495695106548,0.5324367088607596,0.5786163522012578,TEAM_BASELINE,2025_OOF,2,159
0.6855503057628846,0.24622322324771784,0.566959721938254,0.5714285714285714,TEAM_BASELINE,2025_OOF,3,140
0.688007823042296,0.24743474001825078,0.5635338345864662,0.5547945205479452,TEAM_BASELINE,2025_OOF,4,146
0.6867548103448449,0.2467886804895014,0.574894108586831,0.5196078431372549,TEAM_BASELINE,2025_OOF,5,102
0.6870485864017686,0.24697350151135067,0.562627341439369,0.5644699140401146,TEAM_BASELINE,2025_OOF,ALL,698
0.6836722550275803,0.24523775148816115,0.5869706236678714,0.5600961538461539,TEAM_BASELINE,2026_POSTHOC,ALL,416
0.6655490888236013,0.236369630163453,0.6633085896076353,0.6291390728476821,V2_PROBABILITY_21,2025_OOF,1,151
0.6736519143423971,0.24023006300230504,0.6240506329113924,0.5911949685534591,V2_PROBABILITY_21,2025_OOF,2,159
0.6915229184866479,0.24910763657277926,0.5491719484767941,0.55,V2_PROBABILITY_21,2025_OOF,3,140
0.674538578153877,0.24107484064490106,0.6071428571428572,0.5616438356164384,V2_PROBABILITY_21,2025_OOF,4,146
0.6924576129360696,0.24930441045754423,0.5637273777435503,0.5784313725490197,V2_PROBABILITY_21,2025_OOF,5,102
0.6784170262333535,0.24267828064908603,0.6003779165297403,0.5830945558739254,V2_PROBABILITY_21,2025_OOF,ALL,698
0.6706104493891073,0.23873793670635707,0.6296914095079232,0.5985576923076923,V2_PROBABILITY_21,2026_POSTHOC,ALL,416
0.6737701342267742,0.24038438630807263,0.6265464828561329,0.5562913907284768,KBO_CONSTRAINED_ALL,2025_OOF,1,151
0.6780705289566181,0.24249020387124176,0.6167721518987342,0.6163522012578616,KBO_CONSTRAINED_ALL,2025_OOF,2,159
0.6825603654436573,0.24472342426728666,0.5876098957268453,0.6,KBO_CONSTRAINED_ALL,2025_OOF,3,140
0.6728073524882218,0.23995861065748483,0.6298872180451127,0.5821917808219178,KBO_CONSTRAINED_ALL,2025_OOF,4,146
0.6901968003624926,0.24852721635307354,0.5510204081632654,0.5196078431372549,KBO_CONSTRAINED_ALL,2025_OOF,5,102
0.6787118948921373,0.24283523978434501,0.6035080512651989,0.5787965616045845,KBO_CONSTRAINED_ALL,2025_OOF,ALL,698
0.6721553004975918,0.239525928328072,0.6253590955425816,0.6081730769230769,KBO_CONSTRAINED_ALL,2026_POSTHOC,ALL,416
0.6815952990009125,0.24427595235206434,0.5830682219865677,0.5298013245033113,KBO_CONSTRAINED_LINEUP_ONLY,2025_OOF,1,151
0.6946253805235295,0.25070527250388175,0.5197784810126582,0.5408805031446541,KBO_CONSTRAINED_LINEUP_ONLY,2025_OOF,2,159
0.6851144357886071,0.24599459622704403,0.5863831527295033,0.5642857142857143,KBO_CONSTRAINED_LINEUP_ONLY,2025_OOF,3,140
0.6866689835781546,0.24675858950858348,0.5836466165413533,0.589041095890411,KBO_CONSTRAINED_LINEUP_ONLY,2025_OOF,4,146
0.6893597772747306,0.24808966166912172,0.555256064690027,0.5294117647058824,KBO_CONSTRAINED_LINEUP_ONLY,2025_OOF,5,102
0.6874652085203683,0.24716181971857976,0.5669240880709826,0.5515759312320917,KBO_CONSTRAINED_LINEUP_ONLY,2025_OOF,ALL,698
0.6827330978955414,0.24471661906617126,0.5927624872579002,0.5697115384615384,KBO_CONSTRAINED_LINEUP_ONLY,2026_POSTHOC,ALL,416
0.6755030796360427,0.24129395705042037,0.6145281018027572,0.5695364238410596,KBO_CONSTRAINED_STARTER_ONLY,2025_OOF,1,151
0.6735746603049102,0.24030845696994252,0.6292721518987342,0.5849056603773585,KBO_CONSTRAINED_STARTER_ONLY,2025_OOF,2,159
0.6833487257513793,0.2451374560453223,0.5796360662441218,0.5642857142857143,KBO_CONSTRAINED_STARTER_ONLY,2025_OOF,3,140
0.6740556747460162,0.24058846211096674,0.6219924812030075,0.5684931506849316,KBO_CONSTRAINED_STARTER_ONLY,2025_OOF,4,146
0.6844870690471129,0.24564707175507638,0.5768194070080863,0.5686274509803921,KBO_CONSTRAINED_STARTER_ONLY,2025_OOF,5,102
0.6776475174418913,0.24232892952206073,0.6067285573447256,0.5716332378223495,KBO_CONSTRAINED_STARTER_ONLY,2025_OOF,ALL,698
0.6735553244106605,0.24023931132141016,0.6229033453804095,0.5961538461538461,KBO_CONSTRAINED_STARTER_ONLY,2026_POSTHOC,ALL,416
0.688086312808173,0.24752480634691598,0.5376458112407211,0.5695364238410596,KBO_CONSTRAINED_BULLPEN_ONLY,2025_OOF,1,151
0.689894700154327,0.24837902464675665,0.5360759493670886,0.5849056603773585,KBO_CONSTRAINED_BULLPEN_ONLY,2025_OOF,2,159
0.684770541258988,0.24583789879428544,0.5726845225925169,0.5214285714285715,KBO_CONSTRAINED_BULLPEN_ONLY,2025_OOF,3,140
0.6882513024497414,0.24754809608500192,0.5659774436090225,0.5753424657534246,KBO_CONSTRAINED_BULLPEN_ONLY,2025_OOF,4,146
0.6891008652447255,0.2479567837128645,0.561802079322295,0.5392156862745098,KBO_CONSTRAINED_BULLPEN_ONLY,2025_OOF,5,102
0.6880159666868978,0.2474490407959041,0.5559069996713769,0.5601719197707736,KBO_CONSTRAINED_BULLPEN_ONLY,2025_OOF,ALL,698
0.6828768554926727,0.2448478816681524,0.5891483643777222,0.5576923076923077,KBO_CONSTRAINED_BULLPEN_ONLY,2026_POSTHOC,ALL,416
0.6703757358606993,0.2387454260169191,0.6309650053022269,0.5761589403973509,KBO_CONSTRAINED_LINEUP_STARTER,2025_OOF,1,151
0.6775833289588126,0.24222793315092556,0.6197784810126582,0.5911949685534591,KBO_CONSTRAINED_LINEUP_STARTER,2025_OOF,2,159
0.6831315423137501,0.24500526984963603,0.5851564097321611,0.5642857142857143,KBO_CONSTRAINED_LINEUP_STARTER,2025_OOF,3,140
0.672483596848934,0.23979767409911495,0.6280075187969925,0.5547945205479452,KBO_CONSTRAINED_LINEUP_STARTER,2025_OOF,4,146
0.6879223944415865,0.24739129996273823,0.561802079322295,0.5098039215686274,KBO_CONSTRAINED_LINEUP_STARTER,2025_OOF,5,102
0.6775810755248253,0.2422778101621362,0.6086345711468945,0.5630372492836676,KBO_CONSTRAINED_LINEUP_STARTER,2025_OOF,ALL,698
0.6730918731552307,0.2399575914310103,0.6244555648225373,0.5985576923076923,KBO_CONSTRAINED_LINEUP_STARTER,2026_POSTHOC,ALL,416
0.6656210156443102,0.23637653600441133,0.6622481442205727,0.6423841059602649,V2_PLUS_KBO_CONSTRAINED,2025_OOF,1,151
0.6718593236373431,0.23934654047437892,0.6262658227848101,0.5849056603773585,V2_PLUS_KBO_CONSTRAINED,2025_OOF,2,159
0.6913380750302346,0.2489038681381679,0.5561234921283991,0.5571428571428572,V2_PLUS_KBO_CONSTRAINED,2025_OOF,3,140
0.670230842066734,0.23898972102803287,0.619360902255639,0.5753424657534246,V2_PLUS_KBO_CONSTRAINED,2025_OOF,4,146
0.6932834203088927,0.24979406031726792,0.5606469002695418,0.5588235294117647,V2_PLUS_KBO_CONSTRAINED,2025_OOF,5,102
0.677206802490131,0.24207305420328076,0.6036887939533355,0.5859598853868195,V2_PLUS_KBO_CONSTRAINED,2025_OOF,ALL,698
0.6702209129320875,0.2386419907736468,0.6243165600963766,0.5913461538461539,V2_PLUS_KBO_CONSTRAINED,2026_POSTHOC,ALL,416
