log_loss,brier,auc,accuracy,candidate,period,n
0.6882686153255586,0.24756054077674564,0.5596368715083799,0.5472779369627507,LINEUP__LEGACY_ROLE_AWARE,2025_OOF,698
0.6807360045316455,0.2437415357976826,0.5999675655638959,0.5721153846153846,LINEUP__LEGACY_ROLE_AWARE,2026_POSTHOC,416
0.6863905806569229,0.24663185745779828,0.5725928360170884,0.5573065902578797,LINEUP__KBO_EMPIRICAL,2025_OOF,698
0.6840789122687654,0.24539987563079357,0.5833796682420536,0.5769230769230769,LINEUP__KBO_EMPIRICAL,2026_POSTHOC,416
0.6874652085203683,0.24716181971857976,0.5669240880709826,0.5515759312320917,LINEUP__KBO_CONSTRAINED,2025_OOF,698
0.6827330978955414,0.24471661906617126,0.5927624872579002,0.5697115384615384,LINEUP__KBO_CONSTRAINED,2026_POSTHOC,416
0.6868895874338802,0.24687554757591312,0.5717959250739402,0.5530085959885387,LINEUP__KBO_CONTEXT,2025_OOF,698
0.6832932199164289,0.24499958022097687,0.58870818274488,0.5576923076923077,LINEUP__KBO_CONTEXT,2026_POSTHOC,416
0.6871415549557254,0.2470012655403904,0.5686164968780808,0.5530085959885387,LINEUP__KBO_RATE_BALANCED,2025_OOF,698
0.6833834641920659,0.24503912980812645,0.5889630247428412,0.5721153846153846,LINEUP__KBO_RATE_BALANCED,2026_POSTHOC,416
0.6872495024736037,0.24705434517582986,0.5698241866579034,0.5458452722063037,LINEUP__KBO_TOTAL_VALUE,2025_OOF,698
0.6830956361583174,0.24489981373731945,0.5894958761931239,0.5552884615384616,LINEUP__KBO_TOTAL_VALUE,2026_POSTHOC,416
0.68005998161686,0.24353845271822386,0.5940519224449557,0.5687679083094556,STARTER__LEGACY_ROLE_AWARE,2025_OOF,698
0.6773898959044922,0.24215003653015987,0.6098600685756649,0.59375,STARTER__LEGACY_ROLE_AWARE,2026_POSTHOC,416
0.685743710960823,0.24633094054311147,0.568181071311206,0.5501432664756447,STARTER__KBO_EMPIRICAL,2025_OOF,698
0.677529455446378,0.24222236685218201,0.6125706607357984,0.5913461538461539,STARTER__KBO_EMPIRICAL,2026_POSTHOC,416
0.6776475174418913,0.24232892952206073,0.6067285573447256,0.5716332378223495,STARTER__KBO_CONSTRAINED,2025_OOF,698
0.6735553244106605,0.24023931132141016,0.6229033453804095,0.5961538461538461,STARTER__KBO_CONSTRAINED,2026_POSTHOC,416
0.6859899370869849,0.24645243336693706,0.5664968780808413,0.5501432664756447,STARTER__KBO_CONTEXT,2025_OOF,698
0.6777520912256106,0.2423341676319066,0.6115512927439533,0.5889423076923077,STARTER__KBO_CONTEXT,2026_POSTHOC,416
0.6783302423184946,0.2426620254407572,0.6047732500821558,0.5673352435530086,STARTER__KBO_RATE_BALANCED,2025_OOF,698
0.674259137165164,0.2406086695097856,0.6178760077842647,0.59375,STARTER__KBO_RATE_BALANCED,2026_POSTHOC,416
0.6828106846795787,0.24488216265811152,0.5844479132435096,0.5630372492836676,STARTER__KBO_TOTAL_VALUE,2025_OOF,698
0.6760534407168411,0.2414905126767133,0.6182466870540265,0.6081730769230769,STARTER__KBO_TOTAL_VALUE,2026_POSTHOC,416
0.6880805316309082,0.24747947189728045,0.5561534669733815,0.5687679083094556,BULLPEN__LEGACY_ROLE_AWARE,2025_OOF,698
0.6844274533778358,0.24561168334704586,0.5846307107774997,0.5576923076923077,BULLPEN__LEGACY_ROLE_AWARE,2026_POSTHOC,416
0.6881616517957924,0.24751523386898874,0.5544939204732171,0.5716332378223495,BULLPEN__KBO_EMPIRICAL,2025_OOF,698
0.6830998555653227,0.24495842174091553,0.589310536558243,0.5745192307692307,BULLPEN__KBO_EMPIRICAL,2026_POSTHOC,416
0.6880159666868978,0.2474490407959041,0.5559069996713769,0.5601719197707736,BULLPEN__KBO_CONSTRAINED,2025_OOF,698
0.6828768554926727,0.2448478816681524,0.5891483643777222,0.5576923076923077,BULLPEN__KBO_CONSTRAINED,2026_POSTHOC,416
0.6881836787398191,0.24752626121165078,0.554321393361814,0.5702005730659025,BULLPEN__KBO_CONTEXT,2025_OOF,698
0.6831803696098089,0.24499831256695628,0.5889861921972014,0.5745192307692307,BULLPEN__KBO_CONTEXT,2026_POSTHOC,416
0.688016493218131,0.2474496826206017,0.5551429510351626,0.5616045845272206,BULLPEN__KBO_RATE_BALANCED,2025_OOF,698
0.6829353681823807,0.24487642412768287,0.590515244184969,0.5673076923076923,BULLPEN__KBO_RATE_BALANCED,2026_POSTHOC,416
0.6879753085991572,0.24742547872513745,0.5562027604337825,0.5716332378223495,BULLPEN__KBO_TOTAL_VALUE,2025_OOF,698
0.6835832777723794,0.24519646813733154,0.5868084514873506,0.5721153846153846,BULLPEN__KBO_TOTAL_VALUE,2026_POSTHOC,416
0.67782179808529,0.2423941627058485,0.6077390732829445,0.5787965616045845,ROLE_HYBRID_2025_SELECTED,2025_OOF,698
0.6741886706087321,0.2405216157549164,0.6182466870540265,0.6057692307692307,ROLE_HYBRID_2025_SELECTED,2026_POSTHOC,416
0.6761740501995347,0.24158176280022303,0.6057180414065068,0.5916905444126075,V2_PLUS_ROLE_HYBRID,2025_OOF,698
0.6713683068629902,0.23921178354659015,0.6208414419423594,0.5913461538461539,V2_PLUS_ROLE_HYBRID,2026_POSTHOC,416
