period,method,log_loss,brier,roc_auc,accuracy,n
2025_OOF,V2_DIRECT,0.6784170262333535,0.24267828064908603,0.6003779165297403,0.5830945558739254,698
2025_OOF,INCOME_MODEL_DIRECT,0.6704548986181111,0.23899900433704366,0.6155849490634242,0.5816618911174785,698
2025_OOF,PROBABILITY_BLEND_2024_ALPHA,0.6700506502301998,0.23876785957075455,0.617302004600723,0.5759312320916905,698
2025_OOF,LOGIT_STACK_2024_META,0.6694826202559611,0.2384706451226088,0.6204321393361814,0.5830945558739254,698
2025_OOF,JOINT_FEATURE_MODEL,0.6704548986181111,0.23899900433704366,0.6155849490634242,0.5816618911174785,698
2026_POSTHOC,V2_DIRECT,0.6706104493891073,0.23873793670635707,0.6296914095079232,0.5985576923076923,416
2026_POSTHOC,INCOME_MODEL_DIRECT,0.6716699312826571,0.23932585857442848,0.6225790010193679,0.6033653846153846,416
2026_POSTHOC,PROBABILITY_BLEND_2024_ALPHA,0.6698041153330199,0.2383729217556914,0.6317533129459736,0.6033653846153846,416
2026_POSTHOC,LOGIT_STACK_2024_META,0.6677851232420587,0.23731088026533553,0.6363636363636364,0.5961538461538461,416
2026_POSTHOC,JOINT_FEATURE_MODEL,0.6716699312826571,0.23932585857442848,0.6225790010193679,0.6033653846153846,416
