method,log_loss,brier,roc_auc,accuracy,n
LOGIT_STACK_ALL_FOUR_C0.01,0.6677528783401437,0.23726004871336348,0.6401862663330552,0.6105769230769231,416
LOGIT_STACK_V7_PLUS_BATTER_C0.01,0.6677711317750804,0.23726836994494585,0.6396765823371328,0.6129807692307693,416
LOGIT_STACK_V7_STARTER_C0.1,0.6677851232420587,0.23731088026533553,0.6363636363636364,0.5961538461538461,416
LOGIT_STACK_V7_PLUS_BULLPEN_C0.01,0.6688984106855712,0.23789082429674394,0.6371744972662403,0.5961538461538461,416
JOINT_V2_ALL_C0.003,0.6695975015326536,0.2383295960477185,0.6315448058567326,0.5913461538461539,416
V2_DIRECT,0.6706104493891073,0.23873793670635707,0.6296914095079232,0.5985576923076923,416
LOGIT_STACK_V2_BATTER_C0.01,0.6719613529468133,0.23939230394309843,0.6319386525808545,0.6009615384615384,416
LOGIT_STACK_V2_BULLPEN_C0.01,0.6732796487262994,0.2400838226223675,0.6270503197108701,0.6033653846153846,416
JOINT_V2_BATTER_C0.003,0.6732976889746023,0.24012909953807296,0.6264711333518673,0.5913461538461539,416
JOINT_V2_BULLPEN_C0.003,0.6748760199058051,0.2409340293199283,0.6140533778148456,0.6033653846153846,416
JOINT_V2_BOTH_C0.003,0.6751166062826768,0.2410551382530444,0.6125474932814383,0.5985576923076923,416
