method,architecture,C,log_loss,brier,roc_auc,accuracy,n
LOGIT_STACK_V7_STARTER_C0.1,V7_STARTER,0.1,0.6694826202559611,0.2384706451226088,0.6204321393361814,0.5830945558739254,698
LOGIT_STACK_V7_STARTER_C0.3,V7_STARTER,0.3,0.669524764312672,0.23850201704802365,0.6202021031876438,0.5773638968481375,698
LOGIT_STACK_V7_STARTER_C1,V7_STARTER,1.0,0.6695605813062101,0.23852341573925995,0.6200213604995071,0.5773638968481375,698
JOINT_V2_ALL_C0.003,JOINT,0.003,0.6697514880001139,0.2384405244226236,0.6257229707525468,0.6088825214899714,698
LOGIT_STACK_V7_STARTER_C0.03,V7_STARTER,0.03,0.669751888501301,0.2385684566299431,0.6208100558659218,0.5888252148997135,698
JOINT_V2_ALL_C0.01,JOINT,0.01,0.6704213295552859,0.23869793454674,0.6238744659875123,0.6002865329512894,698
LOGIT_STACK_V7_STARTER_C0.01,V7_STARTER,0.01,0.6717081019602685,0.23945699191551723,0.6211715412421952,0.5902578796561605,698
LOGIT_STACK_V7_PLUS_BATTER_C0.01,V7_PLUS_BATTER,0.01,0.6733881941328017,0.2402971829421259,0.6139171869865265,0.5787965616045845,698
LOGIT_STACK_V7_PLUS_BULLPEN_C0.01,V7_PLUS_BULLPEN,0.01,0.6742528462578735,0.24071461045061196,0.6121179756818929,0.5744985673352435,698
LOGIT_STACK_V7_PLUS_BATTER_C0.03,V7_PLUS_BATTER,0.03,0.6743346826055858,0.24085230901928986,0.6042720999014131,0.5573065902578797,698
LOGIT_STACK_ALL_FOUR_C0.01,ALL_FOUR,0.01,0.6748333166169874,0.24100466226175796,0.6087167269142294,0.5687679083094556,698
LOGIT_STACK_V7_PLUS_BULLPEN_C0.03,V7_PLUS_BULLPEN,0.03,0.6748572461133555,0.2410382983732125,0.6072379231022017,0.5830945558739254,698
JOINT_V2_ALL_C0.03,JOINT,0.03,0.6750359779146295,0.2408207785601785,0.6162093328951692,0.5845272206303725,698
JOINT_V2_BOTH_C0.003,JOINT,0.003,0.6760338745448995,0.24148893811011232,0.6108609924416695,0.5787965616045845,698
LOGIT_STACK_ALL_FOUR_C0.03,ALL_FOUR,0.03,0.6762249627688413,0.2417198528360766,0.6024400262898455,0.5702005730659025,698
JOINT_V2_BATTER_C0.003,JOINT,0.003,0.6764232568783886,0.24173175407057607,0.6069257311863293,0.5773638968481375,698
JOINT_V2_BATTER_C0.01,JOINT,0.01,0.6766952843787212,0.24182590339071927,0.6055290831416366,0.5859598853868195,698
LOGIT_STACK_V7_PLUS_BULLPEN_C0.1,V7_PLUS_BULLPEN,0.1,0.6771969600331937,0.2421104821187299,0.6046171541242195,0.5802292263610315,698
JOINT_V2_BOTH_C0.01,JOINT,0.01,0.6772345281874672,0.24196077178523995,0.6077062109760104,0.5759312320916905,698
JOINT_V2_BULLPEN_C0.003,JOINT,0.003,0.6776564370044132,0.24228931167556866,0.6072461386789353,0.5816618911174785,698
LOGIT_STACK_V7_PLUS_BATTER_C0.1,V7_PLUS_BATTER,0.1,0.6778416274189393,0.24256275243142572,0.5963112060466645,0.5515759312320917,698
V2_DIRECT,V2,,0.6784170262333535,0.24267828064908603,0.6003779165297403,0.5830945558739254,698
LOGIT_STACK_V7_PLUS_BULLPEN_C0.3,V7_PLUS_BULLPEN,0.3,0.6784201908171982,0.24265338855236676,0.6033273085770621,0.5802292263610315,698
JOINT_V2_BULLPEN_C0.01,JOINT,0.01,0.6788281503277109,0.24278577075701077,0.6027111403220506,0.5716332378223495,698
LOGIT_STACK_V7_PLUS_BULLPEN_C1,V7_PLUS_BULLPEN,1.0,0.6789377143659855,0.2428803997578688,0.6029740387775222,0.5816618911174785,698
LOGIT_STACK_ALL_FOUR_C0.1,ALL_FOUR,0.1,0.6793425653468562,0.2431620646682397,0.5980446927374302,0.5644699140401146,698
JOINT_V2_BATTER_C0.03,JOINT,0.03,0.680040574974033,0.24337007049495862,0.5991702267499178,0.5816618911174785,698
LOGIT_STACK_V7_PLUS_BATTER_C0.3,V7_PLUS_BATTER,0.3,0.6800621464877861,0.24360779459077636,0.5928688793953335,0.5558739255014327,698
LOGIT_STACK_V7_PLUS_BATTER_C1,V7_PLUS_BATTER,1.0,0.6809680589840359,0.24402918751482527,0.5915461715412421,0.5544412607449857,698
LOGIT_STACK_ALL_FOUR_C0.3,ALL_FOUR,0.3,0.6809703397147239,0.2438905813039459,0.596557673348669,0.5644699140401146,698
LOGIT_STACK_V2_BATTER_C0.01,V2_BATTER,0.01,0.6813067191170313,0.24412443315240534,0.5953253368386461,0.5787965616045845,698
LOGIT_STACK_ALL_FOUR_C1,ALL_FOUR,1.0,0.6816495806124447,0.24419161138768145,0.5958511337495892,0.5644699140401146,698
JOINT_V2_BOTH_C0.03,JOINT,0.03,0.6816561736943961,0.24398826848795482,0.5972067039106146,0.5644699140401146,698
LOGIT_STACK_V2_BATTER_C0.03,V2_BATTER,0.03,0.6826901147308784,0.24481369116208443,0.5830841275057509,0.5630372492836676,698
LOGIT_STACK_V2_BULLPEN_C0.01,V2_BULLPEN,0.01,0.6830553967727382,0.2449904424687233,0.5832730857706211,0.5716332378223495,698
JOINT_V2_BULLPEN_C0.03,JOINT,0.03,0.6831315361638802,0.24483383713912552,0.5892786723627998,0.5558739255014327,698
LOGIT_STACK_V2_BULLPEN_C0.03,V2_BULLPEN,0.03,0.684606651698427,0.24570645398855698,0.5776125534012488,0.5573065902578797,698
LOGIT_STACK_V2_BATTER_C0.1,V2_BATTER,0.1,0.6879859144987018,0.24731930549656403,0.5720506079526783,0.5587392550143266,698
LOGIT_STACK_V2_BULLPEN_C0.1,V2_BULLPEN,0.1,0.688566260849688,0.24747502899396454,0.5747946105816629,0.5487106017191977,698
LOGIT_STACK_V2_BULLPEN_C0.3,V2_BULLPEN,0.3,0.690780337302086,0.24843402325091715,0.5738087413736445,0.5472779369627507,698
LOGIT_STACK_V2_BATTER_C0.3,V2_BATTER,0.3,0.6917190961143848,0.24903028445561468,0.5680906999671377,0.5558739255014327,698
LOGIT_STACK_V2_BULLPEN_C1,V2_BULLPEN,1.0,0.6917542911563989,0.2488497292412375,0.5733240223463687,0.5444126074498568,698
LOGIT_STACK_V2_BATTER_C1,V2_BATTER,1.0,0.6935417361472593,0.24985153401990823,0.5662832730857706,0.5558739255014327,698
