architecture,C,log_loss,brier,roc_auc,accuracy,n
R20_REPLACE,0.1,0.6690043464337433,0.2382206085051316,0.6223135064081498,0.5931232091690545,698
R20_REPLACE,0.3,0.6690790465598642,0.23826181363114537,0.6223217219848833,0.5916905444126075,698
R20_REPLACE,0.03,0.6691010812214817,0.23824932007790892,0.6226585606309563,0.5974212034383954,698
R20_REPLACE,1.0,0.6691219131941294,0.23828435865691153,0.6221902727571476,0.5931232091690545,698
OFFICIAL,0.1,0.6694826202559611,0.2384706451226088,0.6204321393361814,0.5830945558739254,698
OFFICIAL,0.3,0.669524764312672,0.23850201704802365,0.6202021031876438,0.5773638968481375,698
OFFICIAL,1.0,0.6695605813062101,0.23852341573925995,0.6200213604995071,0.5773638968481375,698
OFFICIAL,0.03,0.669751888501301,0.2385684566299431,0.6208100558659218,0.5888252148997135,698
R20_REPLACE,0.01,0.6707228836233583,0.23898430229003476,0.6222067039106145,0.6017191977077364,698
OFFICIAL,0.01,0.6717081019602685,0.23945699191551723,0.6211715412421952,0.5902578796561605,698
R20_REPLACE,0.003,0.6771686269352208,0.24207032041183235,0.6221245481432797,0.5974212034383954,698
OFFICIAL,0.003,0.6782288735256401,0.2425911421976956,0.6205307262569832,0.5945558739255015,698
