relative_path,size_bytes,sha256
configs/batter_index.json,565,8dd9ebcdf2c5e4f67919b5cb96623cd66f7999e9c9d1ae2f4bf4a2ed62bf049e
configs/cv_candidate.json,455,47b7c1d211f5646be7546921abcbb747253d551b08f2792143e8f31a529e49f4
configs/main_model.json,980,0abc006b85b86038f14d25b8fc18aa1c4d1b07dd7c0e709ee0b5f72810334418
configs/starter_index.json,338,7817d7e265e142277e9470167a902f6498f9b86df54f7fa7ebf763eb4c4f1a26
data/derived/README.md,465,281e9b2656a48976fee461e5d6896a9d8b6c08244220e0a656c9e7402eee88ad
data/derived/V12_MODELING_DATASET.csv,1140428,a0bf5c0efb77397da50c7d5021a3c6551b2cc63bd1d7f7161352be5e564b9c05
data/derived/V12_TEMPORAL_FOLD_DEFINITION.csv,300,3ddfab967f40630b6740cdb04c30234b79b9246971e1815da3fa4a7a3499c703
data/schema/modeling_dataset_schema.csv,1315,910e3c760cb7108ad745fa36ec33bb4f30c3ac6ec3e33958312ca45f70bfa9a8
models/frozen/V11_1_PROSPECTIVE_REFIT_MODEL_2024_2025.joblib,3025,66d8da72306820ab07fbcdff3da457f6af066dadbe4e9a9654b836cd56e6d355
models/frozen/V12_2026_BEST_OBSERVED_RECENT720_MODEL.joblib,2993,2d2d16faaa13221365d4ed9817a07ba52177fa6713313f05a1b439f94f9de28c
models/frozen/V12_CV_SELECTED_MODEL_REFIT_2024_2025.joblib,3025,608884ddc59a1102ac2cd178f2ded8e5a4c59949bf82b76927e3a6047171591f
models/frozen/V12_OOF_STACK_META_MODEL.joblib,2065,603b64bf429e21690e35c6eb00dba0dea9cc49346afd44d0b4fc9e2ddc3895fe
reports/frozen/RQ1_V11_1_COMPLETION_SUMMARY.md,1605,19f49b680cb1d9571edc988f31985b64d0968ef16fde66e18fe607fba6ae7315
reports/frozen/RQ1_V11_1_FINAL_BATTER_INCOME_REPORT.md,2774,4ef7124121c90ec742a100670ae988748b2f8c3f9327b2a8512646124eed6c26
reports/frozen/RQ1_V12_TRAINING_STRATEGY_REPORT.md,9795,40e130b3bb15096b1c9d0e3367b614c8fcf31a9fb1885275a44bd81712c113a7
reports/frozen/V11_1_PROSPECTIVE_CANDIDATE_DECISION.json,2061,273639db37af0c57200b9d1d7928144f279a1c09bb5be4db2e5f489247ea77f1
reports/frozen/V11_1_PROSPECTIVE_MODEL_SCHEMA.json,563,f5b4de03367493d35abb540b146dd3a06d019427d2a4b7bd1a468d73a0acf3e0
reports/frozen/V11_1_REPRODUCIBILITY_AUDIT.json,2997,2b88a485a64a04c32aabde7b0e11640d2fd0a4856f9cb9cd0893dc72434e6edb
reports/frozen/V11_1_ROBUST_CANDIDATE_BOOTSTRAP.csv,422,7518a3f9a6158ee5ec621347e42fc0eb3fb41b816318e2848e383386c3639ca6
reports/frozen/V11_1_ROBUST_CANDIDATE_COMPARISON.csv,437,fd9767526431355c53e384fa5a6308c80d6bc2e189a5ca0f6c4e1a016e7c56f3
reports/frozen/V11_1_SELECTED_BATTER_INCOME_FORMULA.json,859,c8254cf89a99de3484ee1f63bab93140f330e2af51b1cc738709f3ba626aa992
reports/frozen/V11_SCORE_CANDIDATE_CATALOG.csv,64555,e2b62e7a2e7ede7fdb3d88895f5460bbf159fa5cdd3dfe118a98c374842c6b5f
reports/frozen/V11_SELECTED_SYSTEM_LINEUP_ABLATION.csv,1425,cc2ddc7db834ad8dfdae3b59c1ee9cd554a484af31c5b9394f16922d942e0319
reports/frozen/V11_STAGE0_SCORE_SCREENING_2024.csv,5000,aae5bcfac0b54de973a6b8fdd8141fdf3868c82fa5704175e6e5603c3cba4781
reports/frozen/V11_STAGE1_AVERAGE_SEARCH_2024.csv,58879,8016da44cf9b9b3f8920095ad77daadd1591a20deee86a6c1b66270a2164b98e
reports/frozen/V11_STAGE2_AGGREGATION_MODEL_SEARCH_2024.csv,304668,58772821b2b86a4afd436bf74314217ce785fc7268170de1fc6ea09be83b14ef
reports/frozen/V11_STAGE3_NONLINEAR_SEARCH_2024.csv,8317,dfe68a9afcc63fb96846f130eaf5865fbd309c7fb5c5753fb1e5f47cbc4b2010
reports/frozen/V12_2026_ADAPTIVE_STRATEGY_RESULTS.csv,4049,aef778302424415c408484fc6e8dcf759f0d19bd22791c49dd2a2943a38f30e1
reports/frozen/V12_2026_ALL_LEARNING_METHOD_RESULTS.csv,21448,b9793a6ffdcb5f1083090704a888c3f3bcad6a52eac9e0bcd07ffff4427bf7a4
reports/frozen/V12_2026_ALL_PREDICTIONS.csv,1049761,39f0f504e564a5a6c95801366c8d7f598479490316ab9e257f0f07f258054d42
reports/frozen/V12_2026_BATTER_ABLATION_PREDICTIONS.csv,43164,471cdc45ccfa2168d991c5eb1762a07985a7fc30582832b4049dc2708d20f991
reports/frozen/V12_2026_BATTER_ABLATION_RESULTS.csv,446,689e7f5f162a2e809059df9be9947c0e1f0ea115da625ef2a37c6457fe72857d
reports/frozen/V12_2026_BEST_OBSERVED_MODEL_SCHEMA.json,821,3ba8329fae66cfdb9e0b59350f76f6ef1ea9defd980c6b1b92532acab09ded55
reports/frozen/V12_2026_CALIBRATION_DECILES.csv,2856,723005faedb99481d92328175889c33ad54df7b7a763235c0f7d88b33649376a
reports/frozen/V12_2026_CALIBRATION_ENSEMBLE_RESULTS.csv,737,dd60c9a1acaf30e8bbcae37e8f711bd12cfdb39b36f8e40eb7a0a5f9f8dd3ea0
reports/frozen/V12_2026_PAIRED_DATE_BOOTSTRAP.csv,470,2e581f9bbee3fd916a4b62bfc2b877991f9d9d826d8f3bad4b41aa417b1d7be6
reports/frozen/V12_2026_PERMUTATION_IMPORTANCE_CV_CHAMPION.csv,919,20de9784a3dfb168c31f14d431b6b23a79ad23f9910fa4d54bba62f5a3f70cb0
reports/frozen/V12_2026_STATIC_STRATEGY_RESULTS.csv,14860,0bd9d8a12c3434cebc29b269ffe10d66faeb6afef9e81a1092288cb353c1d8b9
reports/frozen/V12_ENVIRONMENT.txt,160,c25d7f5413b7d593c8f6cdcda573b1735abe3550f379a08358d2f5ed8d360ac9
reports/frozen/V12_FAMILY_CHAMPIONS.csv,2136,e4cf3b58a5d38116938be7a0c17f474bf4dba887898962c6c71f6a397aef54e5
reports/frozen/V12_INPUT_DATA_SHA256.csv,1066,817c261a0c6001ce46941a6114a71c69b07a0c434ca0902c45dc08444765cbd6
reports/frozen/V12_MODEL_BINARY_REPRODUCTION_AUDIT.json,256,486a046a9c64a8636cb054cf9d777eeef23cf7279e66626714b6a3bd9354de7c
reports/frozen/V12_MODEL_FAMILY_FOLD_RESULTS.csv,32478,b90062d330f00722efd110816bb554555dc59c4c45e8dffd0aed7659f0bc6572
reports/frozen/V12_MODEL_FAMILY_TEMPORAL_CV.csv,9120,36f16ee2c8ef3d7625d3169fe398681974840b73bb4fa180409b0b749204b2aa
reports/frozen/V12_MODEL_SCHEMA.json,951,1b9cd9f230296af1039586cd9f4864fc7d4e32bd60b68c09e07080319994b4cd
reports/frozen/V12_MODEL_SELECTION_DECISION.json,2281,5f0abe7208da090e1ce24b262fa101ca227109b33c3b87e6041e4c0e49fd3546
reports/frozen/V12_REPRODUCIBILITY_AND_LEAKAGE_AUDIT.json,1955,ce4e5eef362f1b113ae822e006b1b1fa8cc4a518863c403eca5f61047a55ae8e
reports/reproduced/calibration_deciles.csv,1894,1342ec613ba6171bb8bf06a56b637f1c7442a91a81f3ef882372921f77a0aa08
reports/reproduced/calibration_intercept_slope.csv,158,571a088c7cb9d06222c4f90f20f5106f0242c4032c5643a0221894c2208e2a53
reports/reproduced/dataset_validation.json,956,8248bce111f6f6c0df20c9e77857e1d419fca8c8c9b77bce79fdd106b315d428
reports/reproduced/player_index_ablation.csv,1335,8e976f5d4d635a8440319dc932bf7bea32e3c106091ba359aa2572a03d3e74b0
reports/reproduced/player_index_ablation_bootstrap.csv,277,cadc1ac1fc05555b1a03b29c01efd02eb242c44f5785126034d585f5f61f81b0
reports/reproduced/player_index_ablation_predictions.csv,101595,93373cb0d05b9d4b2265fe2a6e51834e89fbd8dd91b336a48579f0a6237970f9
reports/reproduced/standardized_coefficients.csv,1894,3d57ce6aa6e7a2adb9b8fd5e89f8b5eff575ec8d1242d39b91119b0119e7222f
research/authoritative/README.md,575,02df4ac6f45a61b58b3e3808eefa8fae4eb5b8cf71be294dd9b45f6f0f08d5a0
research/authoritative/v11_1/finalize_v11_1_package.py,10086,338c82e30e1a7eda6c6c164daf7dc83fe15dc31f5bb5c80d6b1fb70b14a6ae55
research/authoritative/v11_1/run_batter_income_rebuild_v11.py,29869,f2fc164ed651a770ae65fe943a49289b85ba2c67fc0dd376e31d3b733d6d1a86
research/authoritative/v11_1/run_batter_income_v11_1_integration.py,20587,b6ba93a0bc6ac793ecb45202ae20cca7f330ce556296d476b1b63ec1958c9cf3
research/authoritative/v12/finalize_v12_training_strategy_package.py,7194,e5021130117818f43e2c7eba51678e38c1807aceaed2c4a224a538d15c7f7129
research/authoritative/v12/run_v12_training_strategy_lab.py,45279,3df43339ceec891b34bcfb29b99af6978d2132bb3b2bec17f007900dc9c889eb
research_records/README.md,309,1245cf0101a177d202c8ef63d7cd4385a79ce8c2851a8fa183d7f6b132eeb3fe
research_records/calibration/V9_STYLE_2025_HOLDOUT_CALIBRATION_5PT_BINS.csv,1263,c3ea555f417e06ede10e1e27b36caeea49e8ca80cac2fbb539b5bd683897a20d
research_records/decisions/ROLE_AWARE_REBUILD_DECISION.json,1267,488df1dda4ec1e4826d4b7ab70fbceae2170e60c858e77cfba2c43d159286262
research_records/decisions/V10_MODEL_SELECTION_DECISION.json,9356,6658c38de579e6c266c11b41dc878afac34ab8ef4e3a216c1bc9ef9f7c715a69
research_records/decisions/V5_BOTTLENECK_DECISION.json,1036,9885db10241a27d64e68959a88e32b328ae5fc03953a2b8b2b7b7c97c763cba8
research_records/decisions/V6_CURRENT_DECISION.json,795,878a7364c600e7eb194f41fea1d01e7a9c19857a6a31d6e31e71d7d7998d7286
research_records/decisions/V7_MODEL_SELECTION_DECISION.json,758,f96d3e9039ff37631b118d337e7dda88250d8485c1d19d4589b8231a31d425b4
research_records/decisions/V7_OFFICIAL_STACK_COEFFICIENTS.json,853,a94b2d6649ff32c67bbcdb7ef89b172813e09af38e3f090bfc75ae4ccbae0dcb
research_records/decisions/V8_MODEL_SELECTION_DECISION.json,969,48aad1e1f21799c5fd6e9dabdf80131c9a900b817528c2b178fa9b1f83f78288
research_records/decisions/V9_MODEL_SELECTION_DECISION.json,1303,774a3d95e99da0b83713dfa69a80cbbcaf43f8efc7ccf7bae97663ef8a2ee7dc
research_records/key_results/ROLE_AWARE_POSTHOC_DIAGNOSTIC_RESULTS.csv,577,7df121cfac5a5ab5001cdea864180f6dade0eb4d10785d2dfa994ef9af382d3c
research_records/key_results/ROLE_INCOME_DISTRIBUTION.csv,207,4511d7d8bb9ea1d2441a9ac290eb33adaca1ff80fb80a4faeb8b31d2bd9c7e83
research_records/key_results/ROLE_SCOPE_AUDIT_SUMMARY.csv,1893,9e0a68df00fc16bd881b844837fc9fc1f5275e9c1451dabf7a23e48443976b96
research_records/key_results/V10_2025_UNTOUCHED_HOLDOUT_RESULTS.csv,787,d41e4e5ef4665c6fbb506036925eebf69a3184dbe4dcce44e7d048ef1dc0ef35
research_records/key_results/V10_2026_POSTHOC_RESULTS.csv,786,e4e5e6b552af5c634f23e2768f83a576ebe8f9bbeb2615d29cfd042b41af28b2
research_records/key_results/V10_FEATURE_AVAILABILITY_AUDIT.json,453,dcaa482061bc11da558b20f8d2b7d5fe05d4d50efdd5ccc733e32ac35638a9f3
research_records/key_results/V10_PAIRED_DATE_BOOTSTRAP.csv,204,c2220e40d7782d5ccb2f4e86a0452d5446da5a30e6e062865d25d0d56f53008a
research_records/key_results/V10_PREDICTIONS.csv,522288,f5cbdff28c0df0311d7589798ebe608ba24ad8b8cf5b94803155bcb558ce112d
research_records/key_results/V6_1_V2_CHALLENGER_AND_DOMAIN_ABLATION.csv,6568,a71ab2c0dd6f1f469897049cad81ad5dfa7594b89b1de239c68b97419e21b792
research_records/key_results/V6_2_ROLE_SPECIFIC_CANDIDATE_RESULTS.csv,4648,d1c0ace6aac6a37013c41f221cc17f297d220963a847121dbe14d059390fc1d0
research_records/key_results/V6_CANDIDATE_SUMMARY.csv,1209,8040457ac6ddf438b0aedc9a51b9e67fae7b56c0359ecd3274549eafd92f91fd
research_records/key_results/V7_APPLICATION_METHOD_RESULTS.csv,1167,d900383e6d51fa036025b302f75a613afa60bd01a699cf8d061609298e893577
research_records/key_results/V7_PAIRED_DATE_BOOTSTRAP_ALL_PERIODS.csv,795,79b5ded2f074bbb729899f4f7619882be0b958f2e67b1330481ad4830e682fe1
research_records/key_results/V8_2025_PREDICTION_APPLICATION_RESULTS.csv,5284,ff2e5ae2550c778b0d72fdfec323f5b0f6f556b5183bf0c5a84abfdb2f356a3c
research_records/key_results/V8_2026_POSTHOC_APPLICATION_RESULTS.csv,1205,523975a7dc23617f458bc975a0de8b8da1f3744516ed8b4cb7ef3648f02fe792
research_records/key_results/V8_DOMAIN_BASELINE_AND_LEGACY_COMPARISON.csv,521,12597445c6c714da59a6fa1352c10e62cf73b5fc551cf79c7d5b8df632366e97
research_records/key_results/V8_SELECTED_AVERAGE_COMPARISON_AUDIT.csv,371,4e9fcd4ba60afc4c72572aaf1faac042253a3f64b3461b305a277e63dd280426
research_records/key_results/V8_SELECTED_PLAYER_VALUE_DIAGNOSTICS.csv,515,7398bf9a9012bac2c741257d6cb8be9776bee7c73599d51afa5a031101449d09
research_records/key_results/V9_2025_CANDIDATE_VALIDATION.csv,3927,a5ab6c79140aa3393d54cc316391585c1d0d4bcbeb5d4a63628a386a96a8c780
research_records/key_results/V9_2025_V7_REPLACEMENT_RESULTS.csv,1197,57866f396b0c7825fa2801c63815437cdb5a8d03594f1932c7c3193443b90b71
research_records/key_results/V9_2026_V7_REPLACEMENT_RESULTS.csv,240,ff005152053d65594e927d319df74781f69c94d5d8f04606ceed3388c364b30f
research_records/key_results/V9_V7_REPLACEMENT_BOOTSTRAP.csv,310,ce86750eebc2fccbd43be5bed4ee8d9e822be9ca39449365cd19efb2804b06d1
research_records/reports/RQ1_ROLE_AWARE_INCOME_AUDIT_REPORT.md,4730,e094cd3205bb4a184eafb07eaefcf4c451e281ba6a6f042c07e8f1b863c2db19
research_records/reports/RQ1_V10_OFFICIAL_GAME_PAGE_FEATURE_REPORT.md,4047,844fccdb839605d8df8d897df68698a0efb6c89a6a2bd1a8f5c52c72fdb9efab
research_records/reports/RQ1_V5_CEILING_AUDIT_REPORT.md,5849,207cda16d30ee6013acbbf0fae62eaef7a83b5384a2203829ea5f866bb2e611f
research_records/reports/RQ1_V6_CURRENT_FINDINGS_REPORT.md,8730,66cfc1cf5e800ef60b85a78c793e80cd2a9530f7c9264343d7e64962a02defb6
research_records/reports/RQ1_V7_INTEGRATION_REPORT.md,4517,325f6e6f902cee677422162c913cc0cf7e0a5698f80efa22c41034c45f740bb8
research_records/reports/RQ1_V8_BATTER_BULLPEN_INCOME_REPORT.md,4983,c68f1d6bf7287f2670903ecaea8d89e7658f70c148fd5703eefda4a012e3e8c6
research_records/reports/RQ1_V9_POST_STARTER_TEAM_RUNS_REPORT.md,2748,c434d1d7d2b2dee1e331656d39a95cd767f534ade7918fdcff6283bb35bf503f
scripts/build_manifest.py,2259,2323aa52c420de7d3c2d2e7e2194d4f6523258a9d1aaeab2c013cd83a659cba6
scripts/generate_figures.py,10243,5947b4a0fe18bc1e226dfa8940ec4eaf84a82175c3ab428dd4ac4d96b018e3dc
scripts/rebuild_linked_audits.py,3620,ac3bdc330d99d2c1f624c5508324c8d7a08a1d3625a2996d3317659a69b7632a
scripts/reproduce_core_results.py,6567,ec77f7d242038d86edfb081f3121ac06ac61d09c9d30973c489792a591cc1ba5
scripts/verify_research_artifacts.py,8793,4956489da43efd0750ec0aed3bdf677949b8d560f738bf5c3e642b036c21535e
src/fifteenpick_prediction/__init__.py,666,47143e643980c62f6c02c2eae95f246ce55a7f6fc35c530cc780fb81a0ac06f7
src/fifteenpick_prediction/audit.py,15118,b4b526afbcddb24b4587f7694427b3581267d863da97d6ef39cdd04b2d9ef28b
src/fifteenpick_prediction/bootstrap.py,2649,6980364aae003d93a897b382ae0794e9ecc21e6f1b2bd54b731cb430c0f595b0
src/fifteenpick_prediction/calibration.py,1398,f18ebc26ac33646c7daf35094dde589df603d07957457566941155c848b5f2a1
src/fifteenpick_prediction/indices.py,2793,5f96f0825b743776d38c276a50453169daa1a97b4fc26c1b0b855d51d325b14e
src/fifteenpick_prediction/metrics.py,740,2353c61a2f4a4c6da171372e52735d48f4465c0fa4ff14c64248091dc6e0dac8
src/fifteenpick_prediction/modeling.py,1077,4c4a89d46ac447c84676873ada56472d561fdb0c16382f652d12b1636ff2bc05
src/fifteenpick_prediction/schema.py,609,7812d006196516a2473a21268e4d17c1bea3e8eb30ba7cdfd9d14191aad064f2
src/fifteenpick_prediction/temporal.py,1785,c3fabccee533f639bb9b73004c058a2cdbf496b92c741387293e7aa7d2f20348
src/fifteenpick_prediction/validation.py,5370,f541abf5d7fe5912dbc1025a677d43ea0928d4173c352b45a82d2d3b0c217e14
